,岗位名称,公司名称,薪资,岗位信息,公司信息
0,数据分析师,爱尔眼科,8-10K,"<p>长沙 天心区 侯家塘<em class=""vline""></em>3-5年<em class=""vline""></em>本科</p>","<p>医疗/护理/卫生<em class=""vline""></em>已上市<em class=""vline""></em>10000人以上</p>"
1,BI数据分析师,饿了么,15-25K·13薪,"<p>长沙 芙蓉区 芙蓉广场<em class=""vline""></em>5-10年<em class=""vline""></em>本科</p>","<p>O2O<em class=""vline""></em>不需要融资<em class=""vline""></em>10000人以上</p>"
2,数据分析师,步步高集团,6-10K,"<p>长沙  <em class=""vline""></em>3-5年<em class=""vline""></em>本科</p>","<p>生活服务<em class=""vline""></em>已上市<em class=""vline""></em>10000人以上</p>"
3,数据分析员,威廉酒店,3-4K,"<p>长沙 岳麓区 <em class=""vline""></em>1年以内<em class=""vline""></em>大专</p>","<p>旅游<em class=""vline""></em>未融资<em class=""vline""></em>500-999人</p>"
4,数据分析,小算科技,4-6K·14薪,"<p>长沙 雨花区 东塘<em class=""vline""></em>1-3年<em class=""vline""></em>学历不限</p>","<p>计算机软件<em class=""vline""></em>不需要融资<em class=""vline""></em>100-499人</p>"
5,广告数据分析师,湖南数魔网络科技,6-10K,"<p>长沙 岳麓区 麓谷<em class=""vline""></em>经验不限<em class=""vline""></em>本科</p>","<p>互联网<em class=""vline""></em>A轮<em class=""vline""></em>100-499人</p>"
6,数据分析,科创信息,8-12K,"<p>长沙 芙蓉区 马王堆<em class=""vline""></em>3-5年<em class=""vline""></em>本科</p>","<p>计算机软件<em class=""vline""></em>已上市<em class=""vline""></em>1000-9999人</p>"
7,数据分析工程师,湖南美诺,3-5K,"<p>长沙 岳麓区 银盆岭<em class=""vline""></em>应届生<em class=""vline""></em>大专</p>","<p>新零售<em class=""vline""></em>已上市<em class=""vline""></em>100-499人</p>"
8,数据分析专员,新佳宜便利店,4-5K,"<p>长沙 芙蓉区 万家丽<em class=""vline""></em>1-3年<em class=""vline""></em>大专</p>","<p>新零售<em class=""vline""></em>A轮<em class=""vline""></em>500-999人</p>"
9,数据分析师,虹猫信息,9-15K,"<p>长沙 岳麓区 银盆岭<em class=""vline""></em>3-5年<em class=""vline""></em>本科</p>","<p>培训机构<em class=""vline""></em>未融资<em class=""vline""></em>20-99人</p>"
10,数据分析师,安存科技,10-15K,"<p>长沙 开福区 芙蓉北路<em class=""vline""></em>经验不限<em class=""vline""></em>本科</p>","<p>计算机软件<em class=""vline""></em>A轮<em class=""vline""></em>20-99人</p>"
11,python数据分析,弯弓信息,8-15K,"<p>长沙 岳麓区 麓谷<em class=""vline""></em>1-3年<em class=""vline""></em>大专</p>","<p>互联网<em class=""vline""></em>未融资<em class=""vline""></em>100-499人</p>"
12,数据分析,优阅达,6-11K,"<p>长沙 天心区 省政府<em class=""vline""></em>1-3年<em class=""vline""></em>本科</p>","<p>数据服务<em class=""vline""></em>20-99人</p>"
13,数据分析,中金汇昇,3-4K,"<p>长沙 芙蓉区 人民中路<em class=""vline""></em>1-3年<em class=""vline""></em>大专</p>","<p>投资/融资<em class=""vline""></em>不需要融资<em class=""vline""></em>100-499人</p>"
14,数据分析师,湖南雨人,5-8K,"<p>长沙 岳麓区 麓谷<em class=""vline""></em>1-3年<em class=""vline""></em>本科</p>","<p>信息安全<em class=""vline""></em>100-499人</p>"
15,数据分析师,找广网,5-9K,"<p>长沙 岳麓区 麓谷西<em class=""vline""></em>1-3年<em class=""vline""></em>本科</p>","<p>企业服务<em class=""vline""></em>天使轮<em class=""vline""></em>0-20人</p>"
16,销售数据分析,湖南格力,4-5K,"<p>长沙 岳麓区 观沙岭<em class=""vline""></em>经验不限<em class=""vline""></em>大专</p>","<p>贸易/进出口<em class=""vline""></em>未融资<em class=""vline""></em>500-999人</p>"
17,资深数据分析工程师（风控方向）,中和农信,17-21K·15薪,"<p>长沙 岳麓区 麓谷<em class=""vline""></em>5-10年<em class=""vline""></em>本科</p>","<p>互联网金融<em class=""vline""></em>C轮<em class=""vline""></em>1000-9999人</p>"
18,数据分析员,嘉年华,4-5K,"<p>长沙  <em class=""vline""></em>3-5年<em class=""vline""></em>大专</p>","<p>交通/运输<em class=""vline""></em>不需要融资<em class=""vline""></em>1000-9999人</p>"
19,销售数据分析员,红杏林,4-6K,"<p>长沙  <em class=""vline""></em>1-3年<em class=""vline""></em>大专</p>","<p>医疗健康<em class=""vline""></em>不需要融资<em class=""vline""></em>100-499人</p>"
20,数据分析员,新佳宜便利店,4-6K,"<p>长沙 芙蓉区 万家丽<em class=""vline""></em>1-3年<em class=""vline""></em>大专</p>","<p>新零售<em class=""vline""></em>A轮<em class=""vline""></em>500-999人</p>"
21,数据分析,克徕帝珠宝,4-6K,"<p>长沙 岳麓区 大学城<em class=""vline""></em>1年以内<em class=""vline""></em>大专</p>","<p>互联网<em class=""vline""></em>不需要融资<em class=""vline""></em>1000-9999人</p>"
22,数据分析工程师,致新医疗,10-15K,"<p>长沙 天心区 省政府<em class=""vline""></em>5-10年<em class=""vline""></em>本科</p>","<p>物流/仓储<em class=""vline""></em>未融资<em class=""vline""></em>100-499人</p>"
23,数据分析师,河南聚蓝环保科技...,4-5K,"<p>长沙 长沙县 <em class=""vline""></em>经验不限<em class=""vline""></em>本科</p>","<p>环保<em class=""vline""></em>未融资<em class=""vline""></em>0-20人</p>"
24,数据分析师,戎易商智,4-8K,"<p>长沙 芙蓉区 湘湖<em class=""vline""></em>1-3年<em class=""vline""></em>本科</p>","<p>计算机软件<em class=""vline""></em>未融资<em class=""vline""></em>20-99人</p>"
25,数据分析师,弯弓信息,8-15K,"<p>长沙 岳麓区 麓谷<em class=""vline""></em>3-5年<em class=""vline""></em>本科</p>","<p>互联网<em class=""vline""></em>未融资<em class=""vline""></em>100-499人</p>"
26,数据分析员,晨舟科技,6-8K,"<p>长沙  <em class=""vline""></em>1-3年<em class=""vline""></em>大专</p>","<p>电子商务<em class=""vline""></em>未融资<em class=""vline""></em>100-499人</p>"
27,销售数据分析师,红杏林,4-6K,"<p>长沙  <em class=""vline""></em>3-5年<em class=""vline""></em>大专</p>","<p>医疗健康<em class=""vline""></em>不需要融资<em class=""vline""></em>100-499人</p>"
28,4500招数据分析统计文员2年经验excel精通,北陆,4-5K,"<p>长沙 芙蓉区 人民中路<em class=""vline""></em>1-3年<em class=""vline""></em>大专</p>","<p>电子商务<em class=""vline""></em>天使轮<em class=""vline""></em>500-999人</p>"
29,数据分析员,新佳宜便利店,4-5K,"<p>长沙 芙蓉区 荷花园<em class=""vline""></em>1-3年<em class=""vline""></em>大专</p>","<p>新零售<em class=""vline""></em>A轮<em class=""vline""></em>500-999人</p>"
30,数据分析实习生,中兴华易,150-200/天,"<p>长沙 岳麓区 市政府<em class=""vline""></em>5天/周<em class=""vline""></em>6个月<em class=""vline""></em>本科</p>","<p>互联网<em class=""vline""></em>未融资<em class=""vline""></em>20-99人</p>"
31,售电数据分析师,湖南中广联售电,3-7K,"<p>长沙 岳麓区 银盆岭<em class=""vline""></em>1-3年<em class=""vline""></em>本科</p>","<p>新能源<em class=""vline""></em>20-99人</p>"
32,数据分析工程师,华源网络,6-8K,"<p>长沙 岳麓区 银盆岭<em class=""vline""></em>3-5年<em class=""vline""></em>大专</p>","<p>互联网<em class=""vline""></em>不需要融资<em class=""vline""></em>20-99人</p>"
33,高级产品经理（数据分析）,中拓电子商务,18-23K,"<p>长沙 雨花区 井湾子<em class=""vline""></em>3-5年<em class=""vline""></em>本科</p>","<p>电子商务<em class=""vline""></em>20-99人</p>"
34,贷后专员(数据分析),弘高,4-6K,"<p>长沙 天心区 暮云<em class=""vline""></em>1-3年<em class=""vline""></em>本科</p>","<p>互联网金融<em class=""vline""></em>500-999人</p>"
35,集团人事数据分析专员,盘子女人坊集团,4-8K,"<p>长沙 天心区 坡子街<em class=""vline""></em>1-3年<em class=""vline""></em>大专</p>","<p>音乐/视频/阅读<em class=""vline""></em>C轮<em class=""vline""></em>1000-9999人</p>"
36,数据分析师（百度优质平台）,竞网集团,6-10K,"<p>长沙 岳麓区 麓谷<em class=""vline""></em>5-10年<em class=""vline""></em>本科</p>","<p>互联网<em class=""vline""></em>不需要融资<em class=""vline""></em>1000-9999人</p>"
37,数据分析师,美诺,4-8K,"<p>长沙 岳麓区 银盆岭<em class=""vline""></em>1年以内<em class=""vline""></em>本科</p>","<p>新零售<em class=""vline""></em>已上市<em class=""vline""></em>100-499人</p>"
38,数据分析师,钛视智能,20-25K,"<p>长沙 开福区 四方坪<em class=""vline""></em>3-5年<em class=""vline""></em>本科</p>","<p>智能硬件<em class=""vline""></em>不需要融资<em class=""vline""></em>20-99人</p>"
39,数据分析师,长沙沃邦,2-7K,"<p>长沙 岳麓区 望城坡<em class=""vline""></em>经验不限<em class=""vline""></em>大专</p>","<p>企业服务<em class=""vline""></em>不需要融资<em class=""vline""></em>0-20人</p>"
40,数据分析师,鑫满科技有限公司,4-5K,"<p>长沙 雨花区 雨花亭<em class=""vline""></em>1年以内<em class=""vline""></em>本科</p>","<p>运营商/增值服务<em class=""vline""></em>未融资<em class=""vline""></em>100-499人</p>"
41,数据分析师,惠农网,10-20K,"<p>长沙 芙蓉区 司门口<em class=""vline""></em>3-5年<em class=""vline""></em>大专</p>","<p>互联网<em class=""vline""></em>未融资<em class=""vline""></em>100-499人</p>"
42,数据分析师,由创科技,15-20K·14薪,"<p>长沙  <em class=""vline""></em>1-3年<em class=""vline""></em>硕士</p>","<p>互联网<em class=""vline""></em>不需要融资<em class=""vline""></em>100-499人</p>"
43,数据分析 技术合伙人,由创科技,25-30K·14薪,"<p>长沙  <em class=""vline""></em>5-10年<em class=""vline""></em>硕士</p>","<p>互联网<em class=""vline""></em>不需要融资<em class=""vline""></em>100-499人</p>"
44,数据分析管培生,河马市集商贸,3-4K,"<p>长沙 开福区 伍家岭<em class=""vline""></em>1年以内<em class=""vline""></em>本科</p>","<p>新零售<em class=""vline""></em>20-99人</p>"
45,数据分析师,义乌仙诚,4-7K,"<p>长沙 岳麓区 麓谷<em class=""vline""></em>1年以内<em class=""vline""></em>大专</p>","<p>贸易/进出口<em class=""vline""></em>不需要融资<em class=""vline""></em>20-99人</p>"
46,数据分析师,湖南铭宗,5-7K,"<p>长沙 岳麓区 洋湖垸<em class=""vline""></em>1-3年<em class=""vline""></em>本科</p>","<p>互联网金融<em class=""vline""></em>未融资<em class=""vline""></em>100-499人</p>"
47,惯导标定与数据分析工程师,格纳微,4-8K·13薪,"<p>长沙 岳麓区 麓谷<em class=""vline""></em>1年以内<em class=""vline""></em>本科</p>","<p>计算机软件<em class=""vline""></em>A轮<em class=""vline""></em>20-99人</p>"
48,BI/大数据/数据分析,温斯顿英语,6-12K,"<p>长沙 芙蓉区 芙蓉广场<em class=""vline""></em>3-5年<em class=""vline""></em>学历不限</p>","<p>在线教育<em class=""vline""></em>未融资<em class=""vline""></em>500-999人</p>"
49,数据分析师,正合驾校,5-10K,"<p>长沙 开福区 伍家岭<em class=""vline""></em>经验不限<em class=""vline""></em>大专</p>","<p>培训机构<em class=""vline""></em>不需要融资<em class=""vline""></em>100-499人</p>"
50,售电数据分析工程师,湖南中广联,3-7K,"<p>长沙 芙蓉区 马王堆<em class=""vline""></em>1-3年<em class=""vline""></em>本科</p>","<p>新能源<em class=""vline""></em>不需要融资<em class=""vline""></em>20-99人</p>"
51,数据分析师,湖南孚中数据科技,3-6K,"<p>长沙 岳麓区 岳麓山<em class=""vline""></em>经验不限<em class=""vline""></em>本科</p>","<p>互联网<em class=""vline""></em>天使轮<em class=""vline""></em>20-99人</p>"
52,数据分析师助理,海潮教育,3-5K,"<p>长沙 岳麓区 梅溪湖<em class=""vline""></em>经验不限<em class=""vline""></em>大专</p>","<p>互联网<em class=""vline""></em>不需要融资<em class=""vline""></em>100-499人</p>"
53,行业数据分析师助理,海潮教育,3-5K,"<p>长沙 岳麓区 梅溪湖<em class=""vline""></em>经验不限<em class=""vline""></em>大专</p>","<p>互联网<em class=""vline""></em>不需要融资<em class=""vline""></em>100-499人</p>"
54,数据分析师,名家家居,6-8K,"<p>长沙 芙蓉区 马王堆<em class=""vline""></em>1-3年<em class=""vline""></em>大专</p>","<p>生活服务<em class=""vline""></em>未融资<em class=""vline""></em>100-499人</p>"
55,数据分析,中金汇昇,3-4K,"<p>长沙 芙蓉区 人民中路<em class=""vline""></em>1-3年<em class=""vline""></em>大专</p>","<p>投资/融资<em class=""vline""></em>不需要融资<em class=""vline""></em>100-499人</p>"
56,数据分析师,中南知识产权交易...,2-3K,"<p>长沙 天心区 省政府<em class=""vline""></em>1年以内<em class=""vline""></em>大专</p>","<p>专利/商标/知识产权<em class=""vline""></em>D轮及以上<em class=""vline""></em>20-99人</p>"
57,数据分析师,共萌科技,10-20K,"<p>长沙  <em class=""vline""></em>经验不限<em class=""vline""></em>学历不限</p>","<p>分类信息<em class=""vline""></em>未融资<em class=""vline""></em>20-99人</p>"
58,数据分析员,长翼正,6-10K,"<p>长沙  <em class=""vline""></em>1-3年<em class=""vline""></em>大专</p>","<p>电子商务<em class=""vline""></em>100-499人</p>"
59,数据分析专员,优金超,4-6K,"<p>长沙 岳麓区 西湖<em class=""vline""></em>1-3年<em class=""vline""></em>大专</p>","<p>移动互联网<em class=""vline""></em>不需要融资<em class=""vline""></em>100-499人</p>"
60,数据分析师,泽众企业管理,3-6K,"<p>长沙 芙蓉区 马王堆<em class=""vline""></em>经验不限<em class=""vline""></em>大专</p>","<p>医疗健康<em class=""vline""></em>未融资<em class=""vline""></em>0-20人</p>"
61,数据分析师,美诺科技,4-8K,"<p>长沙 岳麓区 银盆岭<em class=""vline""></em>应届生<em class=""vline""></em>本科</p>","<p>电子商务<em class=""vline""></em>已上市<em class=""vline""></em>100-499人</p>"
62,数据分析师,蜂投网,8-12K,"<p>长沙  <em class=""vline""></em>1-3年<em class=""vline""></em>本科</p>","<p>互联网金融<em class=""vline""></em>不需要融资<em class=""vline""></em>100-499人</p>"
63,数据分析,生意无忧,3-4K,"<p>长沙  <em class=""vline""></em>应届生<em class=""vline""></em>大专</p>","<p>电子商务<em class=""vline""></em>0-20人</p>"
64,人力资源数据分析师,远大住工,6-10K,"<p>长沙 岳麓区 桐梓坡<em class=""vline""></em>经验不限<em class=""vline""></em>本科</p>","<p>工程施工<em class=""vline""></em>不需要融资<em class=""vline""></em>1000-9999人</p>"
65,社群运营,豆芽文化,3-6K,"<p>长沙 芙蓉区 芙蓉广场<em class=""vline""></em>1-3年<em class=""vline""></em>大专</p>","<p>电子商务<em class=""vline""></em>A轮<em class=""vline""></em>100-499人</p>"
66,市场调研主管,德荣医疗集团,8-12K,"<p>长沙 开福区 四方坪<em class=""vline""></em>3-5年<em class=""vline""></em>本科</p>","<p>医疗设备/器械<em class=""vline""></em>未融资<em class=""vline""></em>100-499人</p>"
67,运营,讯盟科技,8-15K,"<p>长沙 芙蓉区 袁家岭<em class=""vline""></em>3-5年<em class=""vline""></em>本科</p>","<p>互联网<em class=""vline""></em>A轮<em class=""vline""></em>100-499人</p>"
68,实验室分析,美景环保,3-5K,"<p>长沙  <em class=""vline""></em>1-3年<em class=""vline""></em>本科</p>","<p>企业服务<em class=""vline""></em>不需要融资<em class=""vline""></em>100-499人</p>"
69,社区运营,创米科技,5-10K,"<p>长沙 长沙县 星沙通程广场<em class=""vline""></em>应届生<em class=""vline""></em>学历不限</p>","<p>互联网<em class=""vline""></em>不需要融资<em class=""vline""></em>20-99人</p>"
70,竞价主管,中创教育,9-10K,"<p>长沙 开福区 湘江中路<em class=""vline""></em>3-5年<em class=""vline""></em>大专</p>","<p>学术/科研<em class=""vline""></em>A轮<em class=""vline""></em>100-499人</p>"
71,运营专员,高阳通联,4-5K,"<p>长沙 岳麓区 麓谷<em class=""vline""></em>1-3年<em class=""vline""></em>本科</p>","<p>互联网<em class=""vline""></em>不需要融资<em class=""vline""></em>500-999人</p>"
72,采购经理,中南神箭竹木有限公司,6-10K,"<p>长沙 芙蓉区 窑岭<em class=""vline""></em>3-5年<em class=""vline""></em>本科</p>","<p>建材<em class=""vline""></em>不需要融资<em class=""vline""></em>100-499人</p>"
73,亚马逊产品开发专员,湖南锦沣科技,5-8K,"<p>长沙 芙蓉区 袁家岭<em class=""vline""></em>经验不限<em class=""vline""></em>学历不限</p>","<p>医疗健康<em class=""vline""></em>未融资<em class=""vline""></em>20-99人</p>"
74,市场策划,申诗投资,5-10K,"<p>长沙 雨花区 东塘<em class=""vline""></em>3-5年<em class=""vline""></em>本科</p>","<p>生活服务<em class=""vline""></em>A轮<em class=""vline""></em>500-999人</p>"
75,京东运营助理,海紫霜平,3-5K,"<p>长沙 长沙县 星沙通程广场<em class=""vline""></em>经验不限<em class=""vline""></em>大专</p>","<p>电子商务<em class=""vline""></em>不需要融资<em class=""vline""></em>0-20人</p>"
76,产品运营,芒果星秀,6-11K,"<p>长沙 开福区 烈士公园<em class=""vline""></em>1-3年<em class=""vline""></em>本科</p>","<p>互联网<em class=""vline""></em>天使轮<em class=""vline""></em>100-499人</p>"
77,英语翻译,北京汇盛星空网络科技,6-12K,"<p>长沙 芙蓉区 湘湖<em class=""vline""></em>1年以内<em class=""vline""></em>大专</p>","<p>移动互联网<em class=""vline""></em>未融资<em class=""vline""></em>20-99人</p>"
78,天猫店长,梧柏塘,6-10K,"<p>长沙 岳麓区 麓谷<em class=""vline""></em>1-3年<em class=""vline""></em>大专</p>","<p>电子商务<em class=""vline""></em>未融资<em class=""vline""></em>20-99人</p>"
79,电商运营,湘约美美食品,5-10K,"<p>长沙 雨花区 树木岭<em class=""vline""></em>1年以内<em class=""vline""></em>大专</p>","<p>生活服务<em class=""vline""></em>未融资<em class=""vline""></em>20-99人</p>"
80,咨询顾问,平安普惠,5-8K,"<p>长沙 雨花区 浦沅<em class=""vline""></em>经验不限<em class=""vline""></em>大专</p>","<p>O2O<em class=""vline""></em>未融资<em class=""vline""></em>10000人以上</p>"
81,数据开发工程师,浩鲸科技,12-18K,"<p>长沙 岳麓区 麓谷<em class=""vline""></em>3-5年<em class=""vline""></em>本科</p>","<p>通信/网络设备<em class=""vline""></em>未融资<em class=""vline""></em>1000-9999人</p>"
82,活动策划,湖南童联,3-5K,"<p>长沙 开福区 湘江中路<em class=""vline""></em>1年以内<em class=""vline""></em>学历不限</p>","<p>新零售<em class=""vline""></em>已上市<em class=""vline""></em>10000人以上</p>"
83,U3D,北京汇盛星空网络科技,10-20K,"<p>长沙 芙蓉区 湘湖<em class=""vline""></em>3-5年<em class=""vline""></em>本科</p>","<p>移动互联网<em class=""vline""></em>未融资<em class=""vline""></em>20-99人</p>"
84,外贸客服,鑫辉煌汽配商行,3-4K,"<p>长沙 长沙县 筑梦园<em class=""vline""></em>1年以内<em class=""vline""></em>本科</p>","<p>汽车生产<em class=""vline""></em>B轮<em class=""vline""></em>0-20人</p>"
85,采购专员/助理,谷乐田,3-6K,"<p>长沙 雨花区 万家丽<em class=""vline""></em>1-3年<em class=""vline""></em>高中</p>","<p>新零售<em class=""vline""></em>未融资<em class=""vline""></em>20-99人</p>"
86,物流经理,点我达,6-10K,"<p>长沙 芙蓉区 芙蓉广场<em class=""vline""></em>1-3年<em class=""vline""></em>本科</p>","<p>O2O<em class=""vline""></em>D轮及以上<em class=""vline""></em>500-999人</p>"
87,电商产品经理,湖南锦沣科技,5-8K,"<p>长沙 芙蓉区 袁家岭<em class=""vline""></em>经验不限<em class=""vline""></em>学历不限</p>","<p>医疗健康<em class=""vline""></em>未融资<em class=""vline""></em>20-99人</p>"
88,咨询师,食干家品牌营销策划,5-10K,"<p>长沙 天心区 书院路<em class=""vline""></em>1-3年<em class=""vline""></em>本科</p>","<p>咨询<em class=""vline""></em>不需要融资<em class=""vline""></em>20-99人</p>"
89,用户运营,优伲可,5-8K,"<p>长沙 岳麓区 麓谷<em class=""vline""></em>3-5年<em class=""vline""></em>本科</p>","<p>互联网<em class=""vline""></em>未融资<em class=""vline""></em>0-20人</p>"
90,电商运营,简兔居家科技,5-10K,"<p>长沙 岳麓区 观沙岭<em class=""vline""></em>1-3年<em class=""vline""></em>本科</p>","<p>家具/家电/家居<em class=""vline""></em>A轮<em class=""vline""></em>20-99人</p>"
91,产品专员,馨儿养品有限公司,3-6K,"<p>长沙  <em class=""vline""></em>1年以内<em class=""vline""></em>高中</p>","<p>生活服务<em class=""vline""></em>不需要融资<em class=""vline""></em>0-20人</p>"
92,品牌咨询师,食干家品牌营销策划,8-10K,"<p>长沙 天心区 书院路<em class=""vline""></em>3-5年<em class=""vline""></em>本科</p>","<p>咨询<em class=""vline""></em>不需要融资<em class=""vline""></em>20-99人</p>"
93,企业管理咨询师,湖南芒芽,6-10K,"<p>长沙  <em class=""vline""></em>3-5年<em class=""vline""></em>本科</p>","<p>企业服务<em class=""vline""></em>不需要融资<em class=""vline""></em>20-99人</p>"
94,店员,爪研会社,5-6K,"<p>长沙 天心区 南门口<em class=""vline""></em>1年以内<em class=""vline""></em>中专/中技</p>","<p>生活服务<em class=""vline""></em>天使轮<em class=""vline""></em>20-99人</p>"
95,产品经理,滴答清单,7-12K,"<p>长沙 岳麓区 银盆岭<em class=""vline""></em>3-5年<em class=""vline""></em>本科</p>","<p>互联网<em class=""vline""></em>A轮<em class=""vline""></em>20-99人</p>"
96,订单专员,潮一国际,4-6K,"<p>长沙 雨花区 树木岭<em class=""vline""></em>1-3年<em class=""vline""></em>大专</p>","<p>电子商务<em class=""vline""></em>不需要融资<em class=""vline""></em>20-99人</p>"
97,销售运营,搜好车,8-9K,"<p>长沙 雨花区 井湾子<em class=""vline""></em>1-3年<em class=""vline""></em>大专</p>","<p>4S店/后市场<em class=""vline""></em>未融资<em class=""vline""></em>20-99人</p>"
98,咨询经理,平安普惠,10-20K,"<p>长沙 雨花区 浦沅<em class=""vline""></em>1年以内<em class=""vline""></em>大专</p>","<p>O2O<em class=""vline""></em>未融资<em class=""vline""></em>10000人以上</p>"
99,活动策划,鹏辰星旅,5-8K,"<p>长沙 长沙县 大众传媒<em class=""vline""></em>1-3年<em class=""vline""></em>大专</p>","<p>文化/体育/娱乐<em class=""vline""></em>未融资<em class=""vline""></em>20-99人</p>"
100,产品经理实习,滴答清单,120-170/天,"<p>长沙 岳麓区 银盆岭<em class=""vline""></em>5天/周<em class=""vline""></em>6个月<em class=""vline""></em>本科</p>","<p>互联网<em class=""vline""></em>A轮<em class=""vline""></em>20-99人</p>"
101,海外仓信息处理专员/海外直邮助理,潮一国际,4-6K,"<p>长沙 雨花区 树木岭<em class=""vline""></em>1年以内<em class=""vline""></em>大专</p>","<p>电子商务<em class=""vline""></em>不需要融资<em class=""vline""></em>20-99人</p>"
102,订单文员,潮一国际,4-6K,"<p>长沙 雨花区 树木岭<em class=""vline""></em>经验不限<em class=""vline""></em>大专</p>","<p>电子商务<em class=""vline""></em>不需要融资<em class=""vline""></em>20-99人</p>"
103,游戏产品策划,湖南海点,8-12K,"<p>长沙 岳麓区 市政府<em class=""vline""></em>3-5年<em class=""vline""></em>大专</p>","<p>移动互联网<em class=""vline""></em>未融资<em class=""vline""></em>100-499人</p>"
104,市场顾问,国豪教育,3-6K,"<p>长沙 岳麓区 涉外经济学院<em class=""vline""></em>经验不限<em class=""vline""></em>大专</p>","<p>在线教育<em class=""vline""></em>未融资<em class=""vline""></em>20-99人</p>"
105,百度旅游竞价,天天旅游,6-11K,"<p>长沙 芙蓉区 芙蓉广场<em class=""vline""></em>1-3年<em class=""vline""></em>大专</p>","<p>旅游<em class=""vline""></em>20-99人</p>"
106,营销经理,宅速美装饰,10-15K,"<p>长沙  <em class=""vline""></em>5-10年<em class=""vline""></em>学历不限</p>","<p>装修装饰<em class=""vline""></em>未融资<em class=""vline""></em>10000人以上</p>"
107,平台类产品运营经理,竞网集团,6-10K,"<p>长沙 岳麓区 麓谷<em class=""vline""></em>3-5年<em class=""vline""></em>大专</p>","<p>互联网<em class=""vline""></em>不需要融资<em class=""vline""></em>1000-9999人</p>"
108,客服专员 五险＋全勤＋带薪年假,长沙安捷恒,4-9K,"<p>长沙 芙蓉区 芙蓉广场<em class=""vline""></em>1-3年<em class=""vline""></em>大专</p>","<p>计算机软件<em class=""vline""></em>不需要融资<em class=""vline""></em>20-99人</p>"
109,合伙人,抉择科技,15-25K,"<p>长沙 开福区 青竹湖<em class=""vline""></em>经验不限<em class=""vline""></em>学历不限</p>","<p>计算机软件<em class=""vline""></em>不需要融资<em class=""vline""></em>20-99人</p>"
110,产品经理,宝兰德,15-25K,"<p>长沙 岳麓区 麓谷<em class=""vline""></em>3-5年<em class=""vline""></em>本科</p>","<p>计算机软件<em class=""vline""></em>不需要融资<em class=""vline""></em>100-499人</p>"
111,产康师,湖南婷妈妈母婴健...,3-5K,"<p>长沙 雨花区 树木岭<em class=""vline""></em>1-3年<em class=""vline""></em>高中</p>","<p>其他服务业<em class=""vline""></em>20-99人</p>"
112,产品经理,竞网集团,8-13K,"<p>长沙  <em class=""vline""></em>5-10年<em class=""vline""></em>本科</p>","<p>互联网<em class=""vline""></em>不需要融资<em class=""vline""></em>1000-9999人</p>"
113,竞价推广管理员,兴颖会议展览,4-8K,"<p>长沙 芙蓉区 朝阳路<em class=""vline""></em>1-3年<em class=""vline""></em>学历不限</p>","<p>旅游<em class=""vline""></em>不需要融资<em class=""vline""></em>100-499人</p>"
114,地产策划,视咖科技,5-10K,"<p>长沙 岳麓区 麓谷<em class=""vline""></em>3-5年<em class=""vline""></em>大专</p>","<p>计算机软件<em class=""vline""></em>未融资<em class=""vline""></em>20-99人</p>"
115,餐饮会计,安达顺,3-5K,"<p>长沙 雨花区 植物园<em class=""vline""></em>1-3年<em class=""vline""></em>大专</p>","<p>餐饮<em class=""vline""></em>不需要融资<em class=""vline""></em>20-99人</p>"
116,门店店长,乔斯克体育,3-8K·13薪,"<p>长沙  <em class=""vline""></em>1年以内<em class=""vline""></em>本科</p>","<p>文化/体育/娱乐<em class=""vline""></em>未融资<em class=""vline""></em>0-20人</p>"
117,物流专员,美菜网,3-5K,"<p>长沙 雨花区 跳马<em class=""vline""></em>1年以内<em class=""vline""></em>大专</p>","<p>移动互联网<em class=""vline""></em>D轮及以上<em class=""vline""></em>10000人以上</p>"
118,总经理助理,中亿智企云,4-6K,"<p>长沙 岳麓区 麓谷<em class=""vline""></em>1-3年<em class=""vline""></em>本科</p>","<p>企业服务<em class=""vline""></em>A轮<em class=""vline""></em>20-99人</p>"
119,竞价,甜柚网络,4-8K,"<p>长沙 雨花区 韶山南路<em class=""vline""></em>1年以内<em class=""vline""></em>本科</p>","<p>互联网<em class=""vline""></em>未融资<em class=""vline""></em>100-499人</p>"
120,产品经理,小资拍,10-15K,"<p>长沙 芙蓉区 马王堆<em class=""vline""></em>5-10年<em class=""vline""></em>本科</p>","<p>互联网<em class=""vline""></em>B轮<em class=""vline""></em>20-99人</p>"
121,买手,DISCOVER发现,4-8K,"<p>长沙 芙蓉区 芙蓉广场<em class=""vline""></em>1年以内<em class=""vline""></em>大专</p>","<p>家具/家电/家居<em class=""vline""></em>不需要融资<em class=""vline""></em>20-99人</p>"
122,活动策划执行,湖南渠道传媒有限公司,3-6K,"<p>长沙 芙蓉区 芙蓉区政府<em class=""vline""></em>3-5年<em class=""vline""></em>学历不限</p>","<p>广告/公关/会展<em class=""vline""></em>不需要融资<em class=""vline""></em>0-20人</p>"
123,产品经理,全猎网,8-13K,"<p>长沙 岳麓区 麓谷<em class=""vline""></em>1-3年<em class=""vline""></em>本科</p>","<p>互联网<em class=""vline""></em>不需要融资<em class=""vline""></em>100-499人</p>"
124,市场研究数据员,新峰地产,4-8K,"<p>长沙 芙蓉区 火车站<em class=""vline""></em>1年以内<em class=""vline""></em>大专</p>","<p>地产经纪/中介<em class=""vline""></em>天使轮<em class=""vline""></em>0-20人</p>"
125,活动策划,绿魔方,3-4K,"<p>长沙 开福区 <em class=""vline""></em>经验不限<em class=""vline""></em>本科</p>","<p>其他服务业<em class=""vline""></em>未融资<em class=""vline""></em>0-20人</p>"
126,淘宝美工设计,成圆食品贸易,3-5K,"<p>长沙 雨花区 高桥<em class=""vline""></em>1年以内<em class=""vline""></em>大专</p>","<p>移动互联网<em class=""vline""></em>未融资<em class=""vline""></em>0-20人</p>"
127,知识产权顾问,德仁知产,8-10K,"<p>长沙 芙蓉区 韭菜园<em class=""vline""></em>1-3年<em class=""vline""></em>大专</p>","<p>专利/商标/知识产权<em class=""vline""></em>未融资<em class=""vline""></em>0-20人</p>"
128,Facebook广告优化师,艾瓦特,5-10K,"<p>长沙 岳麓区 麓谷<em class=""vline""></em>1-3年<em class=""vline""></em>本科</p>","<p>互联网<em class=""vline""></em>A轮<em class=""vline""></em>100-499人</p>"
129,SEM专员,乐酷创想,4-8K,"<p>长沙 天心区 侯家塘<em class=""vline""></em>1-3年<em class=""vline""></em>大专</p>","<p>电子商务<em class=""vline""></em>不需要融资<em class=""vline""></em>100-499人</p>"
130,IT技术支持,商格电子,4-6K,"<p>长沙 芙蓉区 朝阳路<em class=""vline""></em>1年以内<em class=""vline""></em>大专</p>","<p>计算机软件<em class=""vline""></em>未融资<em class=""vline""></em>0-20人</p>"
131,产品经理,远大前程,8-10K,"<p>长沙 芙蓉区 五一广场<em class=""vline""></em>3-5年<em class=""vline""></em>本科</p>","<p>其他专业服务<em class=""vline""></em>20-99人</p>"
132,产品助理,长沙鹏泽,3-6K,"<p>长沙  <em class=""vline""></em>1年以内<em class=""vline""></em>大专</p>","<p>互联网<em class=""vline""></em>未融资<em class=""vline""></em>100-499人</p>"
133,门店店长,美啦共享蛋糕,3-6K,"<p>长沙  <em class=""vline""></em>1年以内<em class=""vline""></em>高中</p>","<p>食品/饮料/烟酒<em class=""vline""></em>20-99人</p>"
134,采购经理,平易居,8-13K,"<p>长沙 岳麓区 麓谷<em class=""vline""></em>1年以内<em class=""vline""></em>学历不限</p>","<p>电子商务<em class=""vline""></em>未融资<em class=""vline""></em>0-20人</p>"
135,策划主管/经理,世走走,5-10K,"<p>长沙 雨花区 德思勤<em class=""vline""></em>1-3年<em class=""vline""></em>本科</p>","<p>移动互联网<em class=""vline""></em>未融资<em class=""vline""></em>0-20人</p>"
136,网络推广,广捷通,10-12K,"<p>长沙 芙蓉区 窑岭<em class=""vline""></em>经验不限<em class=""vline""></em>学历不限</p>","<p>互联网<em class=""vline""></em>B轮<em class=""vline""></em>500-999人</p>"
137,数据专员,鑫满科技有限公司,4-5K,"<p>长沙 雨花区 雨花亭<em class=""vline""></em>1-3年<em class=""vline""></em>大专</p>","<p>运营商/增值服务<em class=""vline""></em>未融资<em class=""vline""></em>100-499人</p>"
138,活动策划,唐大菲咖啡饮品,4-6K,"<p>长沙 雨花区 高桥<em class=""vline""></em>1年以内<em class=""vline""></em>大专</p>","<p>食品/饮料/烟酒<em class=""vline""></em>20-99人</p>"
139,产品助理,守护者科技有限公司,3-5K,"<p>长沙 岳麓区 麓谷<em class=""vline""></em>1-3年<em class=""vline""></em>本科</p>","<p>互联网<em class=""vline""></em>不需要融资<em class=""vline""></em>100-499人</p>"
140,文案策划,ANM,4-8K,"<p>长沙 开福区 湘江世纪城<em class=""vline""></em>1年以内<em class=""vline""></em>大专</p>","<p>电子商务<em class=""vline""></em>未融资<em class=""vline""></em>100-499人</p>"
141,自媒体运营,七米电商,3-5K,"<p>长沙 芙蓉区 汽车东站<em class=""vline""></em>经验不限<em class=""vline""></em>大专</p>","<p>电子商务<em class=""vline""></em>不需要融资<em class=""vline""></em>20-99人</p>"
142,开发人员,蝴梵,3-6K,"<p>长沙 天心区 浦沅<em class=""vline""></em>经验不限<em class=""vline""></em>中专/中技</p>","<p>电子商务<em class=""vline""></em>未融资<em class=""vline""></em>0-20人</p>"
143,实习生,新岭域科技,2-3K,"<p>长沙 天心区 省政府<em class=""vline""></em>经验不限<em class=""vline""></em>大专</p>","<p>数据服务<em class=""vline""></em>未融资<em class=""vline""></em>20-99人</p>"
144,产品助理,南宠生物科技,4-5K,"<p>长沙 开福区 伍家岭<em class=""vline""></em>3-5年<em class=""vline""></em>大专</p>","<p>农/林/牧/渔<em class=""vline""></em>0-20人</p>"
145,主播经纪人,燃星传媒,10-11K,"<p>长沙 雨花区 树木岭<em class=""vline""></em>1年以内<em class=""vline""></em>大专</p>","<p>媒体<em class=""vline""></em>20-99人</p>"
146,数据采集挖掘实习生,语亦云,2-3K,"<p>长沙 长沙县 城西安置小区<em class=""vline""></em>应届生<em class=""vline""></em>大专</p>","<p>数据服务<em class=""vline""></em>未融资<em class=""vline""></em>20-99人</p>"
147,活动运营,嘀嗒加油互联网新思维,8-16K,"<p>长沙 开福区 伍家岭<em class=""vline""></em>1-3年<em class=""vline""></em>学历不限</p>","<p>互联网<em class=""vline""></em>A轮<em class=""vline""></em>20-99人</p>"
148,产品经理,有成电商,4-8K,"<p>长沙 芙蓉区 袁家岭<em class=""vline""></em>经验不限<em class=""vline""></em>本科</p>","<p>电子商务<em class=""vline""></em>未融资<em class=""vline""></em>100-499人</p>"
149,化验员,颜家食品,3-4K,"<p>长沙 天心区 省政府<em class=""vline""></em>1年以内<em class=""vline""></em>大专</p>","<p>广告营销<em class=""vline""></em>未融资<em class=""vline""></em>100-499人</p>"
150,会展活动策划,今泰食品店,2-3K,"<p>长沙 雨花区 侯家塘<em class=""vline""></em>经验不限<em class=""vline""></em>学历不限</p>","<p>医疗健康<em class=""vline""></em>不需要融资<em class=""vline""></em>500-999人</p>"
151,产品开发,诚梵,3-6K,"<p>长沙 岳麓区 麓谷<em class=""vline""></em>1年以内<em class=""vline""></em>大专</p>","<p>电子商务<em class=""vline""></em>不需要融资<em class=""vline""></em>20-99人</p>"
152,Python开发工程师,蓝虎数据,5-6K,"<p>长沙 岳麓区 麓谷<em class=""vline""></em>应届生<em class=""vline""></em>本科</p>","<p>计算机软件<em class=""vline""></em>20-99人</p>"
153,文案,素玳,4-8K,"<p>长沙  <em class=""vline""></em>经验不限<em class=""vline""></em>大专</p>","<p>移动互联网<em class=""vline""></em>A轮<em class=""vline""></em>0-20人</p>"
154,质检员,长沙华港,4-5K,"<p>长沙  <em class=""vline""></em>1-3年<em class=""vline""></em>大专</p>","<p>农/林/牧/渔<em class=""vline""></em>20-99人</p>"
155,产品专员,长沙绿科机电设备研究,4-5K,"<p>长沙 芙蓉区 定王台<em class=""vline""></em>3-5年<em class=""vline""></em>大专</p>","<p>其他专业服务<em class=""vline""></em>未融资<em class=""vline""></em>0-20人</p>"
156,众筹产品运营,造物创新,5-8K,"<p>长沙 开福区 伍家岭<em class=""vline""></em>1-3年<em class=""vline""></em>本科</p>","<p>电子商务<em class=""vline""></em>未融资<em class=""vline""></em>0-20人</p>"
157,文案编辑,霍力柯尔,4-5K,"<p>长沙 岳麓区 麓谷<em class=""vline""></em>1-3年<em class=""vline""></em>大专</p>","<p>电子商务<em class=""vline""></em>未融资<em class=""vline""></em>20-99人</p>"
158,万事帮招聘业务推广,万事帮,6-10K,"<p>长沙  <em class=""vline""></em>经验不限<em class=""vline""></em>大专</p>","<p>生活服务<em class=""vline""></em>不需要融资<em class=""vline""></em>20-99人</p>"
159,产品专员,好家好装装饰有限公司,3-5K,"<p>长沙 岳麓区 梅溪湖<em class=""vline""></em>经验不限<em class=""vline""></em>学历不限</p>","<p>企业服务<em class=""vline""></em>天使轮<em class=""vline""></em>100-499人</p>"
160,文案,汇达融资,3-4K,"<p>长沙 岳麓区 含浦<em class=""vline""></em>1-3年<em class=""vline""></em>本科</p>","<p>投资/融资<em class=""vline""></em>0-20人</p>"
161,研发总监,华邦互联,10-18K,"<p>长沙  <em class=""vline""></em>5-10年<em class=""vline""></em>本科</p>","<p>计算机软件<em class=""vline""></em>B轮<em class=""vline""></em>20-99人</p>"
162,.NET工程师,华邦互联,6-12K,"<p>长沙  <em class=""vline""></em>3-5年<em class=""vline""></em>大专</p>","<p>计算机软件<em class=""vline""></em>B轮<em class=""vline""></em>20-99人</p>"
163,web前端工程师,华邦互联,5-10K,"<p>长沙  <em class=""vline""></em>3-5年<em class=""vline""></em>大专</p>","<p>计算机软件<em class=""vline""></em>B轮<em class=""vline""></em>20-99人</p>"
164,产品专员,天池家政产业集团,4-8K,"<p>长沙 雨花区 东塘<em class=""vline""></em>1年以内<em class=""vline""></em>大专</p>","<p>其他服务业<em class=""vline""></em>未融资<em class=""vline""></em>1000-9999人</p>"
165,媒介专员,聚浪网,3-5K,"<p>长沙 岳麓区 银盆岭<em class=""vline""></em>经验不限<em class=""vline""></em>大专</p>","<p>广告营销<em class=""vline""></em>20-99人</p>"
