,岗位名称,公司名称,薪资,岗位信息,公司信息
0,数据分析工程师,深思科技,7-12K,"<p>成都 武侯区 火车南站<em class=""vline""></em>3-5年<em class=""vline""></em>本科</p>","<p>信息安全<em class=""vline""></em>不需要融资<em class=""vline""></em>100-499人</p>"
1,数据分析,四川链家地产,4-8K,"<p>成都 成华区 建设路<em class=""vline""></em>经验不限<em class=""vline""></em>大专</p>","<p>地产经纪/中介<em class=""vline""></em>未融资<em class=""vline""></em>10000人以上</p>"
2,数据分析岗,麦可思,4-6K,"<p>成都 武侯区 红牌楼<em class=""vline""></em>经验不限<em class=""vline""></em>本科</p>","<p>数据服务<em class=""vline""></em>已上市<em class=""vline""></em>100-499人</p>"
3,数据分析师,全友家私,10-15K,"<p>成都 崇州市 崇阳<em class=""vline""></em>3-5年<em class=""vline""></em>本科</p>","<p>生活服务<em class=""vline""></em>不需要融资<em class=""vline""></em>10000人以上</p>"
4,数据分析师,中粮可口可乐(四川),4-6K,"<p>成都 金牛区 抚琴<em class=""vline""></em>1-3年<em class=""vline""></em>本科</p>","<p>企业服务<em class=""vline""></em>未融资<em class=""vline""></em>1000-9999人</p>"
5,数据分析师,纬创资通,5-7K,"<p>成都  <em class=""vline""></em>1-3年<em class=""vline""></em>本科</p>","<p>通信/网络设备<em class=""vline""></em>未融资<em class=""vline""></em>1000-9999人</p>"
6,数据分析师,万益能源,12-24K,"<p>成都 武侯区 跳伞塔<em class=""vline""></em>5-10年<em class=""vline""></em>本科</p>","<p>数据服务<em class=""vline""></em>不需要融资<em class=""vline""></em>100-499人</p>"
7,数据分析师经理,纬创资通,14-20K,"<p>成都  <em class=""vline""></em>5-10年<em class=""vline""></em>本科</p>","<p>通信/网络设备<em class=""vline""></em>未融资<em class=""vline""></em>1000-9999人</p>"
8,数据分析/数据开发工程师,美乐乐家居网,8-12K,"<p>成都 武侯区 石羊<em class=""vline""></em>1-3年<em class=""vline""></em>本科</p>","<p>互联网<em class=""vline""></em>D轮及以上<em class=""vline""></em>1000-9999人</p>"
9,数据分析工程师,成都运达科技,5-7K,"<p>成都 郫都区 犀浦<em class=""vline""></em>1-3年<em class=""vline""></em>本科</p>","<p>其他行业<em class=""vline""></em>已上市<em class=""vline""></em>500-999人</p>"
10,数据分析师,西瓜创客,13-25K,"<p>成都  <em class=""vline""></em>经验不限<em class=""vline""></em>学历不限</p>","<p>互联网<em class=""vline""></em>A轮<em class=""vline""></em>100-499人</p>"
11,数据分析专员,房助拍,3-6K,"<p>成都 成华区 猛追湾<em class=""vline""></em>经验不限<em class=""vline""></em>大专</p>","<p>地产经纪/中介<em class=""vline""></em>未融资<em class=""vline""></em>20-99人</p>"
12,数据分析师,华律网,5-9K,"<p>成都 郫都区 犀浦<em class=""vline""></em>1-3年<em class=""vline""></em>大专</p>","<p>互联网<em class=""vline""></em>不需要融资<em class=""vline""></em>100-499人</p>"
13,数据分析师,万益能源,14-20K,"<p>成都 武侯区 川大<em class=""vline""></em>3-5年<em class=""vline""></em>本科</p>","<p>数据服务<em class=""vline""></em>不需要融资<em class=""vline""></em>100-499人</p>"
14,数据分析助理,中国平安,7-9K,"<p>成都 武侯区 双楠<em class=""vline""></em>1年以内<em class=""vline""></em>大专</p>","<p>互联网金融<em class=""vline""></em>已上市<em class=""vline""></em>10000人以上</p>"
15,资深数据分析师,壹玖壹玖终端企业,15-25K,"<p>成都  <em class=""vline""></em>5-10年<em class=""vline""></em>本科</p>","<p>新零售<em class=""vline""></em>C轮<em class=""vline""></em>1000-9999人</p>"
16,数据分析师,货车帮,11-18K,"<p>成都 武侯区 新会展<em class=""vline""></em>3-5年<em class=""vline""></em>本科</p>","<p>互联网<em class=""vline""></em>D轮及以上<em class=""vline""></em>1000-9999人</p>"
17,高级数据分析师,我行我数,11-20K,"<p>成都  <em class=""vline""></em>3-5年<em class=""vline""></em>本科</p>","<p>数据服务<em class=""vline""></em>不需要融资<em class=""vline""></em>20-99人</p>"
18,数据分析专员,中非网,5-7K,"<p>成都 武侯区 <em class=""vline""></em>3-5年<em class=""vline""></em>大专</p>","<p>电子商务<em class=""vline""></em>A轮<em class=""vline""></em>100-499人</p>"
19,游戏运营策划（数据分析方向）,tap4fun,8-13K,"<p>成都 武侯区 高升桥<em class=""vline""></em>1-3年<em class=""vline""></em>本科</p>","<p>游戏<em class=""vline""></em>不需要融资<em class=""vline""></em>500-999人</p>"
20,数据分析员,麦可思,4-6K,"<p>成都 武侯区 红牌楼<em class=""vline""></em>应届生<em class=""vline""></em>本科</p>","<p>数据服务<em class=""vline""></em>已上市<em class=""vline""></em>100-499人</p>"
21,数据分析师,新时颖服饰公司,10-15K,"<p>成都  <em class=""vline""></em>3-5年<em class=""vline""></em>大专</p>","<p>电子商务<em class=""vline""></em>未融资<em class=""vline""></em>100-499人</p>"
22,数据分析员,成都飞侠科技有限公司,3-5K,"<p>成都 成华区 东郊记忆<em class=""vline""></em>经验不限<em class=""vline""></em>本科</p>","<p>电子商务<em class=""vline""></em>不需要融资<em class=""vline""></em>20-99人</p>"
23,数据分析专员/经理/主管,四川物联亿达,8-15K,"<p>成都  <em class=""vline""></em>3-5年<em class=""vline""></em>本科</p>","<p>互联网<em class=""vline""></em>不需要融资<em class=""vline""></em>100-499人</p>"
24,数据分析师,麦可思,4-7K,"<p>成都 武侯区 红牌楼<em class=""vline""></em>经验不限<em class=""vline""></em>本科</p>","<p>数据服务<em class=""vline""></em>已上市<em class=""vline""></em>100-499人</p>"
25,数据分析师,四川运泽,10-15K,"<p>成都  <em class=""vline""></em>1-3年<em class=""vline""></em>本科</p>","<p>O2O<em class=""vline""></em>不需要融资<em class=""vline""></em>20-99人</p>"
26,数据分析,乐狗科技,10-20K,"<p>成都  <em class=""vline""></em>经验不限<em class=""vline""></em>本科</p>","<p>游戏<em class=""vline""></em>天使轮<em class=""vline""></em>20-99人</p>"
27,数据分析师主管,纬创资通,8-12K,"<p>成都  <em class=""vline""></em>3-5年<em class=""vline""></em>本科</p>","<p>通信/网络设备<em class=""vline""></em>未融资<em class=""vline""></em>1000-9999人</p>"
28,中级数据分析工程师,新派博睿,8-11K,"<p>成都  <em class=""vline""></em>1-3年<em class=""vline""></em>本科</p>","<p>计算机软件<em class=""vline""></em>天使轮<em class=""vline""></em>20-99人</p>"
29,高级数据分析师,封面新闻,11-18K,"<p>成都 锦江区 春熙路<em class=""vline""></em>1-3年<em class=""vline""></em>本科</p>","<p>媒体<em class=""vline""></em>天使轮<em class=""vline""></em>100-499人</p>"
30,数据分析实习生,BBD,2-3K,"<p>成都 武侯区 新会展<em class=""vline""></em>经验不限<em class=""vline""></em>硕士</p>","<p>数据服务<em class=""vline""></em>D轮及以上<em class=""vline""></em>500-999人</p>"
31,数据分析师,优彼致愿,5-9K·13薪,"<p>成都  <em class=""vline""></em>1-3年<em class=""vline""></em>本科</p>","<p>互联网<em class=""vline""></em>20-99人</p>"
32,数据分析助理（数据方向）,成都知藏云柚,2-3K,"<p>成都  <em class=""vline""></em>应届生<em class=""vline""></em>本科</p>","<p>物流/仓储<em class=""vline""></em>100-499人</p>"
33,数据分析工程师（实习生）,智库2861,100-200/天,"<p>成都 武侯区 华阳<em class=""vline""></em>5天/周<em class=""vline""></em>3个月<em class=""vline""></em>本科</p>","<p>互联网<em class=""vline""></em>天使轮<em class=""vline""></em>20-99人</p>"
34,高级数据分析工程师,新派博睿,10-15K,"<p>成都  <em class=""vline""></em>3-5年<em class=""vline""></em>本科</p>","<p>计算机软件<em class=""vline""></em>天使轮<em class=""vline""></em>20-99人</p>"
35,数据分析助理,成都知藏云柚,2-3K,"<p>成都  <em class=""vline""></em>1年以内<em class=""vline""></em>本科</p>","<p>物流/仓储<em class=""vline""></em>100-499人</p>"
36,数据分析师,创力科技,10-15K,"<p>成都 武侯区 桂溪<em class=""vline""></em>5-10年<em class=""vline""></em>本科</p>","<p>计算机软件<em class=""vline""></em>20-99人</p>"
37,数据分析实习生,中电健康云,3-6K,"<p>成都 武侯区 石羊<em class=""vline""></em>应届生<em class=""vline""></em>本科</p>","<p>医疗健康<em class=""vline""></em>未融资<em class=""vline""></em>20-99人</p>"
38,数据分析员,蜀越物流,3-5K,"<p>成都 新都区 新繁<em class=""vline""></em>1-3年<em class=""vline""></em>大专</p>","<p>物流/仓储<em class=""vline""></em>未融资<em class=""vline""></em>100-499人</p>"
39,电商运营 网络推广 淘宝天猫运营 数据分析,仆儿,4-9K,"<p>成都 武侯区 红牌楼<em class=""vline""></em>应届生<em class=""vline""></em>本科</p>","<p>电子商务<em class=""vline""></em>未融资<em class=""vline""></em>0-20人</p>"
40,数据分析专员,爱加密,4-8K,"<p>成都  <em class=""vline""></em>3-5年<em class=""vline""></em>大专</p>","<p>移动互联网<em class=""vline""></em>D轮及以上<em class=""vline""></em>100-499人</p>"
41,数据分析员,成都蚂蚁集团,3-5K,"<p>成都 武侯区 神仙树<em class=""vline""></em>1年以内<em class=""vline""></em>大专</p>","<p>物流/仓储<em class=""vline""></em>不需要融资<em class=""vline""></em>1000-9999人</p>"
42,高级数据分析师,封面新闻,12-20K,"<p>成都 锦江区 春熙路<em class=""vline""></em>3-5年<em class=""vline""></em>本科</p>","<p>媒体<em class=""vline""></em>天使轮<em class=""vline""></em>100-499人</p>"
43,数据分析实习生,欧润特,2-5K,"<p>成都 青羊区 骡马市<em class=""vline""></em>应届生<em class=""vline""></em>本科</p>","<p>数据服务<em class=""vline""></em>未融资<em class=""vline""></em>0-20人</p>"
44,数据分析师,锦程消费金融,7-14K,"<p>成都 锦江区 春熙路<em class=""vline""></em>3-5年<em class=""vline""></em>本科</p>","<p>互联网金融<em class=""vline""></em>未融资<em class=""vline""></em>100-499人</p>"
45,GIS数据分析师,卓远,8-10K·13薪,"<p>成都  <em class=""vline""></em>1-3年<em class=""vline""></em>硕士</p>","<p>计算机软件<em class=""vline""></em>不需要融资<em class=""vline""></em>100-499人</p>"
46,数据分析师,带路人企业管理公司,5-8K,"<p>成都 金牛区 西安北路<em class=""vline""></em>1-3年<em class=""vline""></em>本科</p>","<p>企业服务<em class=""vline""></em>20-99人</p>"
47,数据分析师,西瓜创客,10-20K,"<p>成都 武侯区 新会展<em class=""vline""></em>经验不限<em class=""vline""></em>本科</p>","<p>互联网<em class=""vline""></em>A轮<em class=""vline""></em>100-499人</p>"
48,数据分析师,映潮科技,4-8K,"<p>成都  <em class=""vline""></em>1-3年<em class=""vline""></em>本科</p>","<p>互联网<em class=""vline""></em>未融资<em class=""vline""></em>20-99人</p>"
49,数据分析师,深驾,8-13K,"<p>成都 武侯区 机投<em class=""vline""></em>3-5年<em class=""vline""></em>本科</p>","<p>电子商务<em class=""vline""></em>未融资<em class=""vline""></em>20-99人</p>"
50,数据分析师-挖掘方向,映潮科技,7-12K,"<p>成都  <em class=""vline""></em>1-3年<em class=""vline""></em>本科</p>","<p>互联网<em class=""vline""></em>未融资<em class=""vline""></em>20-99人</p>"
51,数据分析师,万数光合,4-8K,"<p>成都 锦江区 盐市口<em class=""vline""></em>1年以内<em class=""vline""></em>本科</p>","<p>数据服务<em class=""vline""></em>天使轮<em class=""vline""></em>0-20人</p>"
52,数据分析师,传不科技,5-8K,"<p>成都 武侯区 航空路<em class=""vline""></em>1-3年<em class=""vline""></em>大专</p>","<p>广告营销<em class=""vline""></em>天使轮<em class=""vline""></em>20-99人</p>"
53,数据分析师/python爬虫数据采集,传不科技,4-7K,"<p>成都 武侯区 航空路<em class=""vline""></em>1-3年<em class=""vline""></em>大专</p>","<p>广告营销<em class=""vline""></em>天使轮<em class=""vline""></em>20-99人</p>"
54,数据分析师,雅丁连锁酒店,3-5K,"<p>成都  <em class=""vline""></em>1年以内<em class=""vline""></em>大专</p>","<p>酒店<em class=""vline""></em>未融资<em class=""vline""></em>20-99人</p>"
55,数据分析专员,深思科技,4-8K,"<p>成都 武侯区 火车南站<em class=""vline""></em>1年以内<em class=""vline""></em>本科</p>","<p>信息安全<em class=""vline""></em>不需要融资<em class=""vline""></em>100-499人</p>"
56,数据分析工程师,成都智信电子,5-10K,"<p>成都 成华区 建设路<em class=""vline""></em>1-3年<em class=""vline""></em>本科</p>","<p>数据服务<em class=""vline""></em>天使轮<em class=""vline""></em>20-99人</p>"
57,数据分析师,四川谛达诺科技,10-20K,"<p>成都 郫都区 犀浦<em class=""vline""></em>3-5年<em class=""vline""></em>本科</p>","<p>智能硬件<em class=""vline""></em>天使轮<em class=""vline""></em>20-99人</p>"
58,数据分析专员,深思科技,4-8K,"<p>成都 武侯区 火车南站<em class=""vline""></em>经验不限<em class=""vline""></em>本科</p>","<p>信息安全<em class=""vline""></em>不需要融资<em class=""vline""></em>100-499人</p>"
59,数据分析工程师,深思科技,7-12K,"<p>成都 武侯区 火车南站<em class=""vline""></em>经验不限<em class=""vline""></em>本科</p>","<p>信息安全<em class=""vline""></em>不需要融资<em class=""vline""></em>100-499人</p>"
60,数据分析专员,深思科技,4-8K,"<p>成都 武侯区 火车南站<em class=""vline""></em>经验不限<em class=""vline""></em>本科</p>","<p>信息安全<em class=""vline""></em>不需要融资<em class=""vline""></em>100-499人</p>"
61,数据分析师,达智咨询,7-12K,"<p>成都  <em class=""vline""></em>5-10年<em class=""vline""></em>本科</p>","<p>数据服务<em class=""vline""></em>已上市<em class=""vline""></em>20-99人</p>"
62,管理咨询顾问（服务营销方向、数据分析）,浩睿咨询,7-10K,"<p>成都 武侯区 机投<em class=""vline""></em>1-3年<em class=""vline""></em>本科</p>","<p>企业服务<em class=""vline""></em>未融资<em class=""vline""></em>20-99人</p>"
63,数据分析师（中级）,新派博睿,10-13K,"<p>成都  <em class=""vline""></em>3-5年<em class=""vline""></em>本科</p>","<p>计算机软件<em class=""vline""></em>天使轮<em class=""vline""></em>20-99人</p>"
64,数据分析师,映潮科技,5-7K,"<p>成都  <em class=""vline""></em>1年以内<em class=""vline""></em>本科</p>","<p>互联网<em class=""vline""></em>未融资<em class=""vline""></em>20-99人</p>"
65,初级数据分析师（分析方向）,映潮科技,4-7K,"<p>成都  <em class=""vline""></em>1年以内<em class=""vline""></em>本科</p>","<p>互联网<em class=""vline""></em>未融资<em class=""vline""></em>20-99人</p>"
66,数据分析师（初级）,新派博睿,8-10K,"<p>成都  <em class=""vline""></em>1-3年<em class=""vline""></em>本科</p>","<p>计算机软件<em class=""vline""></em>天使轮<em class=""vline""></em>20-99人</p>"
67,内容编辑/数据分析,众智协力,5-8K,"<p>成都  <em class=""vline""></em>经验不限<em class=""vline""></em>大专</p>","<p>互联网<em class=""vline""></em>未融资<em class=""vline""></em>1000-9999人</p>"
68,服饰商品数据分析,嘉芸服饰,3-6K,"<p>成都 锦江区 春熙路<em class=""vline""></em>经验不限<em class=""vline""></em>大专</p>","<p>生活服务<em class=""vline""></em>未融资<em class=""vline""></em>20-99人</p>"
69,数据分析师,深致远商业,4-6K,"<p>成都 武侯区 新会展<em class=""vline""></em>经验不限<em class=""vline""></em>大专</p>","<p>企业服务<em class=""vline""></em>不需要融资<em class=""vline""></em>20-99人</p>"
70,数据分析实习生,昆仑智汇数,2-3K,"<p>成都  <em class=""vline""></em>应届生<em class=""vline""></em>本科</p>","<p>互联网<em class=""vline""></em>B轮<em class=""vline""></em>100-499人</p>"
71,数据分析,四川汇达通,3-5K,"<p>成都 双流区 华阳<em class=""vline""></em>1-3年<em class=""vline""></em>学历不限</p>","<p>智能硬件<em class=""vline""></em>未融资<em class=""vline""></em>20-99人</p>"
72,数据分析,四川汇达通,3-5K,"<p>成都 双流区 华阳<em class=""vline""></em>经验不限<em class=""vline""></em>学历不限</p>","<p>智能硬件<em class=""vline""></em>未融资<em class=""vline""></em>20-99人</p>"
73,数据分析专员,成都蚂蚁集团,3-4K,"<p>成都 武侯区 神仙树<em class=""vline""></em>经验不限<em class=""vline""></em>大专</p>","<p>物流/仓储<em class=""vline""></em>不需要融资<em class=""vline""></em>1000-9999人</p>"
74,数据分析师,CDNCWCH,6-12K,"<p>成都 青羊区 人民公园<em class=""vline""></em>3-5年<em class=""vline""></em>本科</p>","<p>医疗健康<em class=""vline""></em>未融资<em class=""vline""></em>100-499人</p>"
75,安全开发工程师（数据分析方向）,积微电商,10-18K,"<p>成都 金牛区 沙湾<em class=""vline""></em>3-5年<em class=""vline""></em>本科</p>","<p>数据服务<em class=""vline""></em>不需要融资<em class=""vline""></em>100-499人</p>"
76,数据分析师,纬创资通,4-6K,"<p>成都 双流区 <em class=""vline""></em>1-3年<em class=""vline""></em>本科</p>","<p>通信/网络设备<em class=""vline""></em>未融资<em class=""vline""></em>1000-9999人</p>"
77,数据分析师,纬创资通,4-6K,"<p>成都 双流区 华阳<em class=""vline""></em>应届生<em class=""vline""></em>本科</p>","<p>通信/网络设备<em class=""vline""></em>未融资<em class=""vline""></em>1000-9999人</p>"
78,数据分析专员,广东鸿特,4-6K,"<p>成都  <em class=""vline""></em>1-3年<em class=""vline""></em>大专</p>","<p>互联网金融<em class=""vline""></em>不需要融资<em class=""vline""></em>1000-9999人</p>"
79,数据分析师,成都智信电子,6-8K,"<p>成都 成华区 建设路<em class=""vline""></em>1-3年<em class=""vline""></em>本科</p>","<p>数据服务<em class=""vline""></em>天使轮<em class=""vline""></em>20-99人</p>"
80,数据分析师,美乐乐家居网,8-12K,"<p>成都 武侯区 石羊<em class=""vline""></em>1-3年<em class=""vline""></em>本科</p>","<p>互联网<em class=""vline""></em>D轮及以上<em class=""vline""></em>1000-9999人</p>"
81,数据分析师,兰德文商贸,3-5K,"<p>成都 金牛区 金牛万达<em class=""vline""></em>1年以内<em class=""vline""></em>本科</p>","<p>批发/零售<em class=""vline""></em>不需要融资<em class=""vline""></em>20-99人</p>"
82,数据分析师,先锋新媒体,10-15K,"<p>成都 锦江区 红星路<em class=""vline""></em>3-5年<em class=""vline""></em>本科</p>","<p>互联网<em class=""vline""></em>未融资<em class=""vline""></em>20-99人</p>"
83,数据分析中一岗,新派博睿,10-15K,"<p>成都  <em class=""vline""></em>1-3年<em class=""vline""></em>本科</p>","<p>计算机软件<em class=""vline""></em>天使轮<em class=""vline""></em>20-99人</p>"
84,数据分析初二岗,新派博睿,10-15K,"<p>成都  <em class=""vline""></em>1-3年<em class=""vline""></em>本科</p>","<p>计算机软件<em class=""vline""></em>天使轮<em class=""vline""></em>20-99人</p>"
85,数据分析师,爱恋珠宝,5-10K,"<p>成都 锦江区 沙河<em class=""vline""></em>1年以内<em class=""vline""></em>大专</p>","<p>其他行业<em class=""vline""></em>不需要融资<em class=""vline""></em>1000-9999人</p>"
86,数据分析师,灵悦互动,6-8K,"<p>成都 武侯区 新会展<em class=""vline""></em>1-3年<em class=""vline""></em>本科</p>","<p>计算机软件<em class=""vline""></em>未融资<em class=""vline""></em>20-99人</p>"
87,数据分析实习生,饿了么,2-3K,"<p>成都 锦江区 牛王庙<em class=""vline""></em>经验不限<em class=""vline""></em>本科</p>","<p>O2O<em class=""vline""></em>不需要融资<em class=""vline""></em>10000人以上</p>"
88,大数据专员 /数据分析师/ 数据建模师,成都蚂蚁集团,4-6K,"<p>成都 武侯区 神仙树<em class=""vline""></em>经验不限<em class=""vline""></em>大专</p>","<p>物流/仓储<em class=""vline""></em>不需要融资<em class=""vline""></em>1000-9999人</p>"
89,数据分析,货车帮,10-20K,"<p>成都 武侯区 新会展<em class=""vline""></em>经验不限<em class=""vline""></em>硕士</p>","<p>互联网<em class=""vline""></em>D轮及以上<em class=""vline""></em>1000-9999人</p>"
90,数据分析师,哈啰出行,5-7K,"<p>成都 锦江区 合江亭<em class=""vline""></em>经验不限<em class=""vline""></em>本科</p>","<p>互联网<em class=""vline""></em>D轮及以上<em class=""vline""></em>1000-9999人</p>"
91,数据分析,货车帮,12-24K,"<p>成都 武侯区 新会展<em class=""vline""></em>3-5年<em class=""vline""></em>本科</p>","<p>互联网<em class=""vline""></em>D轮及以上<em class=""vline""></em>1000-9999人</p>"
92,数据分析师,二十三魔方,7-10K,"<p>成都 武侯区 新会展<em class=""vline""></em>经验不限<em class=""vline""></em>本科</p>","<p>医疗健康<em class=""vline""></em>B轮<em class=""vline""></em>100-499人</p>"
93,数据分析师,北京景气经济研究院,10-20K,"<p>成都 武侯区 航空路<em class=""vline""></em>3-5年<em class=""vline""></em>本科</p>","<p>企业服务<em class=""vline""></em>天使轮<em class=""vline""></em>500-999人</p>"
94,数据分析工程师,货车帮,15-25K,"<p>成都 武侯区 新会展<em class=""vline""></em>1-3年<em class=""vline""></em>本科</p>","<p>互联网<em class=""vline""></em>D轮及以上<em class=""vline""></em>1000-9999人</p>"
95,数据分析师,依摩,6-8K,"<p>成都  <em class=""vline""></em>经验不限<em class=""vline""></em>大专</p>","<p>互联网金融<em class=""vline""></em>未融资<em class=""vline""></em>0-20人</p>"
96,临床数据分析,默谱科技,8-10K,"<p>成都 郫都区 高新西<em class=""vline""></em>1-3年<em class=""vline""></em>本科</p>","<p>医疗健康<em class=""vline""></em>20-99人</p>"
97,数据分析,广迈商贸,3-5K,"<p>成都 锦江区 牛王庙<em class=""vline""></em>应届生<em class=""vline""></em>大专</p>","<p>服装/纺织/皮革<em class=""vline""></em>不需要融资<em class=""vline""></em>100-499人</p>"
98,数据分析师,乾丰行,3-6K,"<p>成都  <em class=""vline""></em>1年以内<em class=""vline""></em>本科</p>","<p>其他行业<em class=""vline""></em>天使轮<em class=""vline""></em>20-99人</p>"
99,数据分析师,万益能源,12-18K,"<p>成都 武侯区 川大<em class=""vline""></em>3-5年<em class=""vline""></em>本科</p>","<p>数据服务<em class=""vline""></em>不需要融资<em class=""vline""></em>100-499人</p>"
100,高级数据分析师,允好,12-20K,"<p>成都 武侯区 高升桥<em class=""vline""></em>3-5年<em class=""vline""></em>本科</p>","<p>电子商务<em class=""vline""></em>0-20人</p>"
101,数据分析研究员,四川虹微技术有限公司,9-15K,"<p>成都  <em class=""vline""></em>1-3年<em class=""vline""></em>硕士</p>","<p>计算机软件<em class=""vline""></em>不需要融资<em class=""vline""></em>1000-9999人</p>"
102,数据分析师,货车帮,8-12K,"<p>成都 武侯区 新会展<em class=""vline""></em>3-5年<em class=""vline""></em>本科</p>","<p>互联网<em class=""vline""></em>D轮及以上<em class=""vline""></em>1000-9999人</p>"
103,数据分析,瑞德铭,8-12K,"<p>成都  <em class=""vline""></em>3-5年<em class=""vline""></em>本科</p>","<p>互联网<em class=""vline""></em>已上市<em class=""vline""></em>1000-9999人</p>"
104,高级数据分析师,小葵传播,5-8K,"<p>成都 锦江区 牛市口<em class=""vline""></em>1-3年<em class=""vline""></em>本科</p>","<p>广告/公关/会展<em class=""vline""></em>20-99人</p>"
105,数据分析师,昆仑智汇数据科技,12-17K,"<p>成都  <em class=""vline""></em>3-5年<em class=""vline""></em>本科</p>","<p>互联网<em class=""vline""></em>20-99人</p>"
106,数据分析工程师,赫德阳,8-16K,"<p>成都  <em class=""vline""></em>1-3年<em class=""vline""></em>本科</p>","<p>数据服务<em class=""vline""></em>未融资<em class=""vline""></em>20-99人</p>"
107,数据分析工程师,知数科技,10-12K,"<p>成都  <em class=""vline""></em>1-3年<em class=""vline""></em>本科</p>","<p>互联网<em class=""vline""></em>天使轮<em class=""vline""></em>20-99人</p>"
108,数据分析师,知数科技,10-15K,"<p>成都  <em class=""vline""></em>3-5年<em class=""vline""></em>本科</p>","<p>互联网<em class=""vline""></em>天使轮<em class=""vline""></em>20-99人</p>"
109,数据分析师,成都厚立,8-14K,"<p>成都  <em class=""vline""></em>1-3年<em class=""vline""></em>本科</p>","<p>计算机软件<em class=""vline""></em>A轮<em class=""vline""></em>20-99人</p>"
110,数据分析师,宜聚车联,6-10K,"<p>成都  <em class=""vline""></em>1-3年<em class=""vline""></em>本科</p>","<p>数据服务<em class=""vline""></em>不需要融资<em class=""vline""></em>20-99人</p>"
111,数据分析师,众信创,4-5K,"<p>成都 双流区 蛟龙港<em class=""vline""></em>1年以内<em class=""vline""></em>大专</p>","<p>互联网金融<em class=""vline""></em>未融资<em class=""vline""></em>100-499人</p>"
112,Java后端工程师,吉光瑞羽,7-10K,"<p>成都  <em class=""vline""></em>3-5年<em class=""vline""></em>本科</p>","<p>互联网<em class=""vline""></em>未融资<em class=""vline""></em>20-99人</p>"
113,电商产品经理,成都倍博特科技,4-6K,"<p>成都 双流区 白家<em class=""vline""></em>1年以内<em class=""vline""></em>本科</p>","<p>贸易/进出口<em class=""vline""></em>未融资<em class=""vline""></em>20-99人</p>"
114,产品经理,100课堂,8-35K,"<p>成都  <em class=""vline""></em>3-5年<em class=""vline""></em>本科</p>","<p>在线教育<em class=""vline""></em>A轮<em class=""vline""></em>100-499人</p>"
115,残疾人招聘,NCS,3-6K,"<p>成都 武侯区 新会展<em class=""vline""></em>经验不限<em class=""vline""></em>大专</p>","<p>计算机软件<em class=""vline""></em>已上市<em class=""vline""></em>500-999人</p>"
116,医疗企划主任,成都棕南医院,8-13K,"<p>成都 武侯区 跳伞塔<em class=""vline""></em>经验不限<em class=""vline""></em>学历不限</p>","<p>医疗健康<em class=""vline""></em>未融资<em class=""vline""></em>100-499人</p>"
117,产品经理,亿阳信通,8-12K,"<p>成都 成华区 万象城<em class=""vline""></em>1-3年<em class=""vline""></em>本科</p>","<p>计算机软件<em class=""vline""></em>已上市<em class=""vline""></em>1000-9999人</p>"
118,机器学习,四川运泽,10-20K,"<p>成都  <em class=""vline""></em>5-10年<em class=""vline""></em>本科</p>","<p>O2O<em class=""vline""></em>不需要融资<em class=""vline""></em>20-99人</p>"
119,视觉:定位系统设计工程师,世悦开拓机械,10-11K,"<p>成都  <em class=""vline""></em>1年以内<em class=""vline""></em>本科</p>","<p>汽车生产<em class=""vline""></em>未融资<em class=""vline""></em>0-20人</p>"
120,医疗电商运营主管,成都棕南医院,10-15K,"<p>成都 武侯区 科华北路<em class=""vline""></em>经验不限<em class=""vline""></em>学历不限</p>","<p>医疗健康<em class=""vline""></em>未融资<em class=""vline""></em>100-499人</p>"
121,营销主管,合和年,9-10K,"<p>成都  <em class=""vline""></em>1-3年<em class=""vline""></em>大专</p>","<p>互联网金融<em class=""vline""></em>已上市<em class=""vline""></em>10000人以上</p>"
122,电商产品经理,成都吉锐文化传播,3-6K,"<p>成都 郫都区 郫筒<em class=""vline""></em>1年以内<em class=""vline""></em>本科</p>","<p>广告营销<em class=""vline""></em>未融资<em class=""vline""></em>0-20人</p>"
123,市场助理,成都博信东科技公司,3-5K,"<p>成都  <em class=""vline""></em>1年以内<em class=""vline""></em>大专</p>","<p>电子商务<em class=""vline""></em>未融资<em class=""vline""></em>20-99人</p>"
124,机器学习（棋牌游戏防作弊系统设计）,龙之力,10-20K,"<p>成都 武侯区 中和<em class=""vline""></em>1-3年<em class=""vline""></em>本科</p>","<p>游戏<em class=""vline""></em>20-99人</p>"
125,干细胞美容导师,赛尔源泉,10-15K,"<p>成都  <em class=""vline""></em>3-5年<em class=""vline""></em>大专</p>","<p>医疗健康<em class=""vline""></em>不需要融资<em class=""vline""></em>20-99人</p>"
126,干细胞美容院培训师,赛尔源泉,10-15K,"<p>成都  <em class=""vline""></em>3-5年<em class=""vline""></em>大专</p>","<p>医疗健康<em class=""vline""></em>不需要融资<em class=""vline""></em>20-99人</p>"
127,库管员,百居益,3-5K,"<p>成都 新都区 新都<em class=""vline""></em>1-3年<em class=""vline""></em>大专</p>","<p>建材<em class=""vline""></em>未融资<em class=""vline""></em>100-499人</p>"
128,产品经理讲师,博文达,3-6K,"<p>成都 武侯区 科华北路<em class=""vline""></em>1年以内<em class=""vline""></em>大专</p>","<p>计算机硬件<em class=""vline""></em>未融资<em class=""vline""></em>0-20人</p>"
129,班主任/辅导员,上海尚孔教育,5-8K,"<p>成都 成华区 建设路<em class=""vline""></em>1年以内<em class=""vline""></em>本科</p>","<p>培训机构<em class=""vline""></em>未融资<em class=""vline""></em>1000-9999人</p>"
130,数据挖掘,中天智慧,10-20K,"<p>成都  <em class=""vline""></em>经验不限<em class=""vline""></em>本科</p>","<p>计算机软件<em class=""vline""></em>不需要融资<em class=""vline""></em>100-499人</p>"
131,公关总监,成都西岭,10-11K,"<p>成都 锦江区 东光<em class=""vline""></em>10年以上<em class=""vline""></em>本科</p>","<p>广告/公关/会展<em class=""vline""></em>未融资<em class=""vline""></em>100-499人</p>"
132,技术合伙人,森微,18-33K,"<p>成都  <em class=""vline""></em>10年以上<em class=""vline""></em>本科</p>","<p>企业服务<em class=""vline""></em>不需要融资<em class=""vline""></em>0-20人</p>"
133,干细胞BD,赛尔源泉,10-15K,"<p>成都  <em class=""vline""></em>1-3年<em class=""vline""></em>大专</p>","<p>医疗健康<em class=""vline""></em>不需要融资<em class=""vline""></em>20-99人</p>"
134,销售助理 实习生 双休,京兰台,2-4K,"<p>成都 成华区 保和<em class=""vline""></em>经验不限<em class=""vline""></em>大专</p>","<p>其他行业<em class=""vline""></em>未融资<em class=""vline""></em>0-20人</p>"
135,店长/卖场经理,金牛区伊芙丽服装...,6-10K,"<p>成都 锦江区 三圣<em class=""vline""></em>3-5年<em class=""vline""></em>高中</p>","<p>服装/纺织/皮革<em class=""vline""></em>不需要融资<em class=""vline""></em>1000-9999人</p>"
136,干细胞渠道,赛尔源泉,8-10K,"<p>成都  <em class=""vline""></em>1-3年<em class=""vline""></em>大专</p>","<p>医疗健康<em class=""vline""></em>不需要融资<em class=""vline""></em>20-99人</p>"
137,青羊区咨询员  双休+社保,成都三格建筑公司,4-8K,"<p>成都  <em class=""vline""></em>经验不限<em class=""vline""></em>中专/中技</p>","<p>人力资源服务<em class=""vline""></em>20-99人</p>"
138,咨询经理,信息检测,5-8K,"<p>成都 武侯区 <em class=""vline""></em>1年以内<em class=""vline""></em>本科</p>","<p>企业服务<em class=""vline""></em>20-99人</p>"
139,阿拉伯语外贸专员,金盛和信息,4-9K,"<p>成都  <em class=""vline""></em>1-3年<em class=""vline""></em>本科</p>","<p>咨询<em class=""vline""></em>未融资<em class=""vline""></em>20-99人</p>"
140,电商运营,木和咖啡,10-15K,"<p>成都  <em class=""vline""></em>1-3年<em class=""vline""></em>本科</p>","<p>食品/饮料/烟酒<em class=""vline""></em>天使轮<em class=""vline""></em>0-20人</p>"
141,软件开发,空天,6-7K,"<p>成都  <em class=""vline""></em>3-5年<em class=""vline""></em>大专</p>","<p>医疗健康<em class=""vline""></em>20-99人</p>"
142,高级数据挖掘开发工程师（成都）,腾讯,25-50K,"<p>成都  <em class=""vline""></em>3-5年<em class=""vline""></em>硕士</p>","<p>互联网<em class=""vline""></em>已上市<em class=""vline""></em>10000人以上</p>"
143,医学产品经理,四川智康,3-6K,"<p>成都 武侯区 神仙树<em class=""vline""></em>经验不限<em class=""vline""></em>大专</p>","<p>医疗健康<em class=""vline""></em>未融资<em class=""vline""></em>0-20人</p>"
144,APP推广,成都海若,4-6K,"<p>成都 成华区 猛追湾<em class=""vline""></em>应届生<em class=""vline""></em>高中</p>","<p>企业服务<em class=""vline""></em>不需要融资<em class=""vline""></em>20-99人</p>"
145,招聘小财迷,远投房产,6-9K,"<p>成都 金牛区 金泉<em class=""vline""></em>经验不限<em class=""vline""></em>高中</p>","<p>地产经纪/中介<em class=""vline""></em>不需要融资<em class=""vline""></em>1000-9999人</p>"
146,电商运营,思维方舟,3-5K,"<p>成都  <em class=""vline""></em>1年以内<em class=""vline""></em>本科</p>","<p>移动互联网<em class=""vline""></em>不需要融资<em class=""vline""></em>0-20人</p>"
147,六险二金双休保底5000聘文员行政客服销售,中国平安,6-11K,"<p>成都 金牛区 花牌坊<em class=""vline""></em>经验不限<em class=""vline""></em>大专</p>","<p>互联网金融<em class=""vline""></em>已上市<em class=""vline""></em>10000人以上</p>"
148,产品专员,联众易淘,5-10K,"<p>成都 青羊区 春熙路<em class=""vline""></em>1年以内<em class=""vline""></em>高中</p>","<p>移动互联网<em class=""vline""></em>不需要融资<em class=""vline""></em>100-499人</p>"
149,店长,逍遥烫,5-7K,"<p>成都 锦江区 合江亭<em class=""vline""></em>1-3年<em class=""vline""></em>学历不限</p>","<p>餐饮<em class=""vline""></em>未融资<em class=""vline""></em>20-99人</p>"
150,互动娱乐产品经理,成都千层塔科技,5-10K,"<p>成都  <em class=""vline""></em>1-3年<em class=""vline""></em>本科</p>","<p>游戏<em class=""vline""></em>未融资<em class=""vline""></em>100-499人</p>"
151,市场营销总监,大唐房屋,15-25K,"<p>成都 温江区 涌泉<em class=""vline""></em>3-5年<em class=""vline""></em>本科</p>","<p>地产经纪/中介<em class=""vline""></em>不需要融资<em class=""vline""></em>1000-9999人</p>"
152,Data Engineer数据开发工程师,美兴小贷,7-12K,"<p>成都 锦江区 合江亭<em class=""vline""></em>1-3年<em class=""vline""></em>本科</p>","<p>银行<em class=""vline""></em>未融资<em class=""vline""></em>100-499人</p>"
153,Python研发工程师,烽台科技,7-12K,"<p>成都 武侯区 新会展<em class=""vline""></em>1-3年<em class=""vline""></em>本科</p>","<p>信息安全<em class=""vline""></em>A轮<em class=""vline""></em>20-99人</p>"
154,销售经理,成都鼎炽科技有限公司,5-10K,"<p>成都 青羊区 草市街<em class=""vline""></em>3-5年<em class=""vline""></em>本科</p>","<p>互联网<em class=""vline""></em>未融资<em class=""vline""></em>20-99人</p>"
155,海外用户运营,卓拙科技,6-10K,"<p>成都 武侯区 新会展<em class=""vline""></em>经验不限<em class=""vline""></em>本科</p>","<p>互联网<em class=""vline""></em>A轮<em class=""vline""></em>20-99人</p>"
156,大数据运营,超弦电子,4-5K,"<p>成都  <em class=""vline""></em>1-3年<em class=""vline""></em>大专</p>","<p>通信/网络设备<em class=""vline""></em>不需要融资<em class=""vline""></em>0-20人</p>"
157,中级java工程师-成都,中通华成都分公司,8-10K,"<p>成都 武侯区 新会展<em class=""vline""></em>1-3年<em class=""vline""></em>本科</p>","<p>数据服务<em class=""vline""></em>C轮<em class=""vline""></em>20-99人</p>"
158,商品专员,留恋忘怀服饰,4-7K,"<p>成都 锦江区 春熙路<em class=""vline""></em>1-3年<em class=""vline""></em>学历不限</p>","<p>服装/纺织/皮革<em class=""vline""></em>20-99人</p>"
159,成都BDM,顺丰速运,9-14K,"<p>成都 武侯区 神仙树<em class=""vline""></em>3-5年<em class=""vline""></em>本科</p>","<p>物流/仓储<em class=""vline""></em>已上市<em class=""vline""></em>20-99人</p>"
160,IT技术支持,甜豆科技,3-5K,"<p>成都 武侯区 磨子桥<em class=""vline""></em>经验不限<em class=""vline""></em>大专</p>","<p>电子商务<em class=""vline""></em>天使轮<em class=""vline""></em>0-20人</p>"
161,美业督导导购,宏诚峰尚集团,8-12K,"<p>成都 金牛区 梁家巷<em class=""vline""></em>应届生<em class=""vline""></em>学历不限</p>","<p>贸易/进出口<em class=""vline""></em>已上市<em class=""vline""></em>500-999人</p>"
162,实习生,成都亿睿科技,3-4K,"<p>成都 武侯区 新会展<em class=""vline""></em>应届生<em class=""vline""></em>本科</p>","<p>企业服务<em class=""vline""></em>不需要融资<em class=""vline""></em>20-99人</p>"
163,游戏运营专员,九方互动,4-7K,"<p>成都  <em class=""vline""></em>1-3年<em class=""vline""></em>本科</p>","<p>游戏<em class=""vline""></em>A轮<em class=""vline""></em>20-99人</p>"
164,广告投放专员（游戏行业）,天津荣耀互娱成都公司,4-8K,"<p>成都 武侯区 石羊<em class=""vline""></em>1-3年<em class=""vline""></em>大专</p>","<p>游戏<em class=""vline""></em>100-499人</p>"
165,活动策划执行,大喜时代,5-10K,"<p>成都 锦江区 九眼桥<em class=""vline""></em>1-3年<em class=""vline""></em>大专</p>","<p>音乐/视频/阅读<em class=""vline""></em>未融资<em class=""vline""></em>20-99人</p>"
166,市场部总监,车智驾,5-10K,"<p>成都  <em class=""vline""></em>5-10年<em class=""vline""></em>本科</p>","<p>移动互联网<em class=""vline""></em>天使轮<em class=""vline""></em>0-20人</p>"
167,运营助理/专员,蜀酒汇,4-8K,"<p>成都 武侯区 中和<em class=""vline""></em>1年以内<em class=""vline""></em>大专</p>","<p>电子商务<em class=""vline""></em>未融资<em class=""vline""></em>20-99人</p>"
168,门店店长,馨颜美容,5-10K,"<p>成都  <em class=""vline""></em>3-5年<em class=""vline""></em>本科</p>","<p>医疗健康<em class=""vline""></em>未融资<em class=""vline""></em>0-20人</p>"
169,运维工程师,四川泰格尔,4-5K,"<p>成都 金牛区 人民北路<em class=""vline""></em>1-3年<em class=""vline""></em>本科</p>","<p>企业服务<em class=""vline""></em>未融资<em class=""vline""></em>20-99人</p>"
170,运维工程师,成都原创力,11-16K,"<p>成都 武侯区 新会展<em class=""vline""></em>3-5年<em class=""vline""></em>本科</p>","<p>互联网<em class=""vline""></em>不需要融资<em class=""vline""></em>20-99人</p>"
171,美食编辑（抖音）,新橙互动科技,3-6K,"<p>成都 锦江区 盐市口<em class=""vline""></em>经验不限<em class=""vline""></em>学历不限</p>","<p>移动互联网<em class=""vline""></em>未融资<em class=""vline""></em>0-20人</p>"
172,美食编辑（短视频）,新橙互动科技,3-6K,"<p>成都 锦江区 盐市口<em class=""vline""></em>经验不限<em class=""vline""></em>学历不限</p>","<p>移动互联网<em class=""vline""></em>未融资<em class=""vline""></em>0-20人</p>"
173,淘宝运营,元兴行贸易,6-11K,"<p>成都 武侯区 双楠<em class=""vline""></em>1年以内<em class=""vline""></em>大专</p>","<p>互联网<em class=""vline""></em>0-20人</p>"
174,QA专员,极趣科技,3-5K,"<p>成都 温江区 温江大学城<em class=""vline""></em>1-3年<em class=""vline""></em>大专</p>","<p>电子/半导体/集成电路<em class=""vline""></em>未融资<em class=""vline""></em>100-499人</p>"
175,数据运营主管,携程旅行网,7-10K,"<p>成都  <em class=""vline""></em>1-3年<em class=""vline""></em>本科</p>","<p>互联网<em class=""vline""></em>已上市<em class=""vline""></em>10000人以上</p>"
176,大数据分析工程师,直真科技,7-12K,"<p>成都 锦江区 盐市口<em class=""vline""></em>1-3年<em class=""vline""></em>本科</p>","<p>计算机软件<em class=""vline""></em>未融资<em class=""vline""></em>500-999人</p>"
177,业务分析经理,四川水井坊股份有...,25-35K,"<p>成都 金牛区 金泉<em class=""vline""></em>5-10年<em class=""vline""></em>本科</p>","<p>食品/饮料/烟酒<em class=""vline""></em>已上市<em class=""vline""></em>1000-9999人</p>"
178,信息技术专员,创众客,3-6K,"<p>成都 锦江区 春熙路<em class=""vline""></em>1-3年<em class=""vline""></em>本科</p>","<p>咨询<em class=""vline""></em>未融资<em class=""vline""></em>100-499人</p>"
179,贷后客服,平安普惠,8-12K,"<p>成都 成华区 万象城<em class=""vline""></em>经验不限<em class=""vline""></em>本科</p>","<p>互联网金融<em class=""vline""></em>已上市<em class=""vline""></em>10000人以上</p>"
180,三调建库人员,四川柒零叁,8-12K,"<p>成都 郫都区 德源<em class=""vline""></em>1年以内<em class=""vline""></em>大专</p>","<p>其他专业服务<em class=""vline""></em>20-99人</p>"
181,广告创意,6UAD,4-8K,"<p>成都 锦江区 合江亭<em class=""vline""></em>1-3年<em class=""vline""></em>本科</p>","<p>广告营销<em class=""vline""></em>不需要融资<em class=""vline""></em>20-99人</p>"
182,外贸实习生,亨莉华,2-3K,"<p>成都 成华区 驷马桥<em class=""vline""></em>1年以内<em class=""vline""></em>大专</p>","<p>贸易/进出口<em class=""vline""></em>不需要融资<em class=""vline""></em>0-20人</p>"
183,资深服装采购员,耀承百货,7-10K,"<p>成都 金牛区 金牛万达<em class=""vline""></em>1年以内<em class=""vline""></em>大专</p>","<p>服装/纺织/皮革<em class=""vline""></em>100-499人</p>"
184,高极软件开发工程师（java/大数据方向）,建飞无限科技,12-20K·13薪,"<p>成都  <em class=""vline""></em>5-10年<em class=""vline""></em>本科</p>","<p>互联网<em class=""vline""></em>A轮<em class=""vline""></em>20-99人</p>"
185,美工,中港国际旅行社,7-10K,"<p>成都 金牛区 西南交大<em class=""vline""></em>1年以内<em class=""vline""></em>学历不限</p>","<p>旅游<em class=""vline""></em>不需要融资<em class=""vline""></em>20-99人</p>"
186,服装商品专员,留恋忘怀服饰,4-6K,"<p>成都 锦江区 春熙路<em class=""vline""></em>1年以内<em class=""vline""></em>本科</p>","<p>服装/纺织/皮革<em class=""vline""></em>20-99人</p>"
187,学徒工,菡萏怡景装饰,4-8K,"<p>成都 成华区 八里庄<em class=""vline""></em>经验不限<em class=""vline""></em>中专/中技</p>","<p>工程施工<em class=""vline""></em>A轮<em class=""vline""></em>10000人以上</p>"
188,外贸专员,成都圣路LED,4-8K,"<p>成都 青羊区 黄田坝<em class=""vline""></em>3-5年<em class=""vline""></em>本科</p>","<p>电子商务<em class=""vline""></em>不需要融资<em class=""vline""></em>100-499人</p>"
189,大数据编程分析,芯宇物联,5-8K,"<p>成都 武侯区 新会展<em class=""vline""></em>3-5年<em class=""vline""></em>本科</p>","<p>电子商务<em class=""vline""></em>0-20人</p>"
190,新媒体运营,美尔贝,5-10K,"<p>成都  <em class=""vline""></em>1年以内<em class=""vline""></em>大专</p>","<p>移动互联网<em class=""vline""></em>B轮<em class=""vline""></em>500-999人</p>"
191,产品经理,联投金融,10-20K,"<p>成都 锦江区 合江亭<em class=""vline""></em>1年以内<em class=""vline""></em>大专</p>","<p>互联网金融<em class=""vline""></em>未融资<em class=""vline""></em>100-499人</p>"
192,渠道测试,美尔贝,4-8K,"<p>成都 武侯区 华阳<em class=""vline""></em>1-3年<em class=""vline""></em>大专</p>","<p>移动互联网<em class=""vline""></em>B轮<em class=""vline""></em>500-999人</p>"
193,行业分析师,映潮科技,4-8K,"<p>成都  <em class=""vline""></em>1年以内<em class=""vline""></em>大专</p>","<p>互联网<em class=""vline""></em>未融资<em class=""vline""></em>20-99人</p>"
194,服务器研发工程师,行者基本概念,10-20K,"<p>成都 武侯区 华阳<em class=""vline""></em>3-5年<em class=""vline""></em>本科</p>","<p>智能硬件<em class=""vline""></em>B轮<em class=""vline""></em>20-99人</p>"
195,商业分析师,货车帮,15-25K,"<p>成都 武侯区 新会展<em class=""vline""></em>3-5年<em class=""vline""></em>本科</p>","<p>互联网<em class=""vline""></em>D轮及以上<em class=""vline""></em>1000-9999人</p>"
196,售前售后技术支持,千讯,4-6K,"<p>成都 武侯区 新会展<em class=""vline""></em>1-3年<em class=""vline""></em>本科</p>","<p>交通/运输<em class=""vline""></em>20-99人</p>"
197,IT信息部主管，软件工程师，数据工程师,金宫,10-20K,"<p>成都 温江区 温江大学城<em class=""vline""></em>5-10年<em class=""vline""></em>本科</p>","<p>食品/饮料/烟酒<em class=""vline""></em>不需要融资<em class=""vline""></em>1000-9999人</p>"
198,电商产品经理,野望映画,8-16K,"<p>成都 武侯区 桐梓林<em class=""vline""></em>1-3年<em class=""vline""></em>本科</p>","<p>文化/体育/娱乐<em class=""vline""></em>未融资<em class=""vline""></em>0-20人</p>"
199,建筑施工现场管理,宏亚盛,6-7K,"<p>成都 双流区 华阳<em class=""vline""></em>1-3年<em class=""vline""></em>高中</p>","<p>工程施工<em class=""vline""></em>100-499人</p>"
200,CAP-产品经理,美团点评,15-30K,"<p>成都  <em class=""vline""></em>3-5年<em class=""vline""></em>本科</p>","<p>O2O<em class=""vline""></em>已上市<em class=""vline""></em>10000人以上</p>"
201,普工/操作工,成都京东方光电科...,3-5K,"<p>成都 郫都区 高新西<em class=""vline""></em>经验不限<em class=""vline""></em>学历不限</p>","<p>电子/半导体/集成电路<em class=""vline""></em>已上市<em class=""vline""></em>1000-9999人</p>"
202,外贸专员,民和鑫新材料科技,4-6K,"<p>成都 都江堰市 蒲阳<em class=""vline""></em>3-5年<em class=""vline""></em>本科</p>","<p>环保<em class=""vline""></em>未融资<em class=""vline""></em>20-99人</p>"
203,产品经理,科来,10-20K,"<p>成都  <em class=""vline""></em>5-10年<em class=""vline""></em>本科</p>","<p>计算机软件<em class=""vline""></em>未融资<em class=""vline""></em>100-499人</p>"
204,IT专员,小龙女,5-10K,"<p>成都 郫都区 红光<em class=""vline""></em>1年以内<em class=""vline""></em>学历不限</p>","<p>其他服务业<em class=""vline""></em>未融资<em class=""vline""></em>1000-9999人</p>"
205,大数据工程师（Python/C++）,原子冰橙,4-5K,"<p>成都 青羊区 天府广场<em class=""vline""></em>经验不限<em class=""vline""></em>本科</p>","<p>基金<em class=""vline""></em>0-20人</p>"
206,大数据工程师（Python/C++）,原子冰橙,8-13K,"<p>成都 青羊区 天府广场<em class=""vline""></em>经验不限<em class=""vline""></em>本科</p>","<p>基金<em class=""vline""></em>0-20人</p>"
207,仓库文员,康胜商贸经营部,2-4K,"<p>成都 武侯区 川大<em class=""vline""></em>经验不限<em class=""vline""></em>学历不限</p>","<p>新零售<em class=""vline""></em>0-20人</p>"
208,运维开发工程师,腾讯Tencent,15-25K,"<p>成都  <em class=""vline""></em>5-10年<em class=""vline""></em>本科</p>","<p>互联网<em class=""vline""></em>已上市<em class=""vline""></em>100-499人</p>"
209,媒介投放,醉方休,6-8K,"<p>成都 武侯区 红牌楼<em class=""vline""></em>1年以内<em class=""vline""></em>本科</p>","<p>电子商务<em class=""vline""></em>20-99人</p>"
210,产品实习生,新东网科技,2-3K,"<p>成都 青羊区 草堂<em class=""vline""></em>经验不限<em class=""vline""></em>大专</p>","<p>移动互联网<em class=""vline""></em>已上市<em class=""vline""></em>500-999人</p>"
211,建筑资质咨询顾问主管,锦蓉达,10-20K,"<p>成都  <em class=""vline""></em>1-3年<em class=""vline""></em>中专/中技</p>","<p>企业服务<em class=""vline""></em>20-99人</p>"
212,web软件工程师,育碧软件,5-10K,"<p>成都 武侯区 新会展<em class=""vline""></em>经验不限<em class=""vline""></em>本科</p>","<p>游戏<em class=""vline""></em>已上市<em class=""vline""></em>10000人以上</p>"
213,数据库运维开发工程师,酷岳科技,8-16K,"<p>成都 锦江区 春熙路<em class=""vline""></em>3-5年<em class=""vline""></em>大专</p>","<p>计算机软件<em class=""vline""></em>未融资<em class=""vline""></em>20-99人</p>"
214,旅游顾问,成都环球国旅,2-6K,"<p>成都 锦江区 沙河<em class=""vline""></em>1-3年<em class=""vline""></em>学历不限</p>","<p>旅游<em class=""vline""></em>未融资<em class=""vline""></em>20-99人</p>"
215,物联网高管,成都鲁艺,5-6K,"<p>成都  <em class=""vline""></em>1-3年<em class=""vline""></em>本科</p>","<p>机械设备/机电/重工<em class=""vline""></em>未融资<em class=""vline""></em>0-20人</p>"
216,人力资源顾问,艾斯伯格管理咨询,4-8K,"<p>成都 金牛区 金沙<em class=""vline""></em>应届生<em class=""vline""></em>本科</p>","<p>咨询<em class=""vline""></em>0-20人</p>"
217,高级Java开发工程师,美团新零售业务部,20-35K,"<p>成都  <em class=""vline""></em>3-5年<em class=""vline""></em>本科</p>","<p>O2O<em class=""vline""></em>已上市<em class=""vline""></em>10000人以上</p>"
218,网络编辑,成都中童,3-4K,"<p>成都 武侯区 肖家河<em class=""vline""></em>1-3年<em class=""vline""></em>大专</p>","<p>医疗健康<em class=""vline""></em>未融资<em class=""vline""></em>100-499人</p>"
219,后端工程师,倍发科技,4-8K,"<p>成都  <em class=""vline""></em>应届生<em class=""vline""></em>本科</p>","<p>互联网金融<em class=""vline""></em>A轮<em class=""vline""></em>20-99人</p>"
220,商品管理员,金牛区李顺鞋业经营部,3-5K,"<p>成都 新都区 三河<em class=""vline""></em>1-3年<em class=""vline""></em>大专</p>","<p>贸易/进出口<em class=""vline""></em>20-99人</p>"
221,嵌入式软件工程师,精方智慧,4-6K,"<p>成都 成华区 建设路<em class=""vline""></em>经验不限<em class=""vline""></em>本科</p>","<p>医疗设备/器械<em class=""vline""></em>0-20人</p>"
222,库管,廊桥嘉膳,2-3K,"<p>成都 锦江区 东光<em class=""vline""></em>经验不限<em class=""vline""></em>高中</p>","<p>餐饮<em class=""vline""></em>100-499人</p>"
223,光电工程师,精方智慧,4-6K,"<p>成都 成华区 建设路<em class=""vline""></em>经验不限<em class=""vline""></em>本科</p>","<p>医疗设备/器械<em class=""vline""></em>0-20人</p>"
224,营运实习生/储备干部,德惠商业股份,3-5K,"<p>成都  <em class=""vline""></em>应届生<em class=""vline""></em>本科</p>","<p>其他服务业<em class=""vline""></em>已上市<em class=""vline""></em>100-499人</p>"
225,会计兼财务,逐梦心爱,3-5K,"<p>成都 金牛区 金牛万达<em class=""vline""></em>应届生<em class=""vline""></em>学历不限</p>","<p>批发/零售<em class=""vline""></em>未融资<em class=""vline""></em>0-20人</p>"
226,数据仓库,美稀美色服饰,3-6K,"<p>成都 崇州市 崇阳<em class=""vline""></em>1-3年<em class=""vline""></em>高中</p>","<p>服装/纺织/皮革<em class=""vline""></em>20-99人</p>"
227,信息收集员,中天信,2-3K,"<p>成都 成华区 猛追湾<em class=""vline""></em>经验不限<em class=""vline""></em>学历不限</p>","<p>投资/融资<em class=""vline""></em>不需要融资<em class=""vline""></em>20-99人</p>"
228,策划经理,华宇伟业,10-11K,"<p>成都  <em class=""vline""></em>3-5年<em class=""vline""></em>本科</p>","<p>装修装饰<em class=""vline""></em>未融资<em class=""vline""></em>20-99人</p>"
229,财务咨询顾问,美创世纪,3-5K,"<p>成都  <em class=""vline""></em>经验不限<em class=""vline""></em>大专</p>","<p>咨询<em class=""vline""></em>0-20人</p>"
230,产品专员,哦牛,3-6K,"<p>成都 金牛区 金牛万达<em class=""vline""></em>1-3年<em class=""vline""></em>本科</p>","<p>贸易/进出口<em class=""vline""></em>不需要融资<em class=""vline""></em>100-499人</p>"
231,产品经理,宜佰家,8-10K,"<p>成都  <em class=""vline""></em>经验不限<em class=""vline""></em>大专</p>","<p>工程施工<em class=""vline""></em>不需要融资<em class=""vline""></em>20-99人</p>"
232,门店店长,四川省欣诺商贸,4-8K,"<p>成都 郫都区 安靖<em class=""vline""></em>3-5年<em class=""vline""></em>高中</p>","<p>批发/零售<em class=""vline""></em>0-20人</p>"
233,UI设计师,live800,5-9K,"<p>成都 武侯区 新会展<em class=""vline""></em>1-3年<em class=""vline""></em>大专</p>","<p>计算机软件<em class=""vline""></em>未融资<em class=""vline""></em>100-499人</p>"
234,产品专员,四川大晶装饰有限公司,2-4K,"<p>成都 成华区 李家沱<em class=""vline""></em>经验不限<em class=""vline""></em>学历不限</p>","<p>工程施工<em class=""vline""></em>未融资<em class=""vline""></em>100-499人</p>"
235,产品专员,伟时世联,3-4K,"<p>成都 金牛区 梁家巷<em class=""vline""></em>1年以内<em class=""vline""></em>学历不限</p>","<p>家具/家电/家居<em class=""vline""></em>不需要融资<em class=""vline""></em>20-99人</p>"
236,网络工程师,百思贷,20-40K,"<p>成都 锦江区 春熙路<em class=""vline""></em>3-5年<em class=""vline""></em>本科</p>","<p>互联网金融<em class=""vline""></em>A轮<em class=""vline""></em>100-499人</p>"
237,产品经理,亿阳信通,5-10K,"<p>成都  <em class=""vline""></em>1-3年<em class=""vline""></em>本科</p>","<p>计算机软件<em class=""vline""></em>已上市<em class=""vline""></em>1000-9999人</p>"
238,监控工程技术经理,商鼎泰,3-5K,"<p>成都 锦江区 牛市口<em class=""vline""></em>3-5年<em class=""vline""></em>大专</p>","<p>计算机软件<em class=""vline""></em>0-20人</p>"
239,深度学习,微服科技,35-50K,"<p>成都 武侯区 五大花园<em class=""vline""></em>5-10年<em class=""vline""></em>博士</p>","<p>计算机软件<em class=""vline""></em>未融资<em class=""vline""></em>20-99人</p>"
240,美团外卖大数据开发工程师,美团新零售业务部,15-30K,"<p>成都 武侯区 新会展<em class=""vline""></em>3-5年<em class=""vline""></em>本科</p>","<p>O2O<em class=""vline""></em>已上市<em class=""vline""></em>10000人以上</p>"
