,岗位名称,公司名称,薪资,岗位信息,公司信息
0,数据分析,百e国际,15-30K·16薪,"<p>杭州 江干区 下沙<em class=""vline""></em>5-10年<em class=""vline""></em>本科</p>","<p>移动互联网<em class=""vline""></em>不需要融资<em class=""vline""></em>500-999人</p>"
1,数据分析师,阿里巴巴集团,30-60K,"<p>杭州 余杭区 仓前<em class=""vline""></em>3-5年<em class=""vline""></em>本科</p>","<p>互联网<em class=""vline""></em>不需要融资<em class=""vline""></em>10000人以上</p>"
2,资深数据分析,阿里巴巴集团,20-40K,"<p>杭州 西湖区 古荡<em class=""vline""></em>3-5年<em class=""vline""></em>本科</p>","<p>互联网<em class=""vline""></em>不需要融资<em class=""vline""></em>10000人以上</p>"
3,数据分析,边锋,15-25K·14薪,"<p>杭州 西湖区 文一路<em class=""vline""></em>3-5年<em class=""vline""></em>本科</p>","<p>游戏<em class=""vline""></em>不需要融资<em class=""vline""></em>1000-9999人</p>"
4,数据分析岗,华润置地,4-7K·14薪,"<p>杭州 萧山区 北干<em class=""vline""></em>应届生<em class=""vline""></em>本科</p>","<p>工程施工<em class=""vline""></em>已上市<em class=""vline""></em>10000人以上</p>"
5,资深数据分析工程师,网易,15-30K,"<p>杭州  <em class=""vline""></em>5-10年<em class=""vline""></em>本科</p>","<p>移动互联网<em class=""vline""></em>已上市<em class=""vline""></em>10000人以上</p>"
6,数据分析师,大搜车,15-25K·13薪,"<p>杭州 余杭区 临平<em class=""vline""></em>1-3年<em class=""vline""></em>本科</p>","<p>互联网<em class=""vline""></em>D轮及以上<em class=""vline""></em>1000-9999人</p>"
7,数据分析师,杭州三汇,12-24K,"<p>杭州 滨江区 浦沿<em class=""vline""></em>1-3年<em class=""vline""></em>本科</p>","<p>计算机软件<em class=""vline""></em>不需要融资<em class=""vline""></em>1000-9999人</p>"
8,数据分析,金泰亚盛,7-11K,"<p>杭州 江干区 四季青<em class=""vline""></em>1-3年<em class=""vline""></em>大专</p>","<p>计算机软件<em class=""vline""></em>D轮及以上<em class=""vline""></em>100-499人</p>"
9,数据分析专家,阿里巴巴集团,25-40K,"<p>杭州 余杭区 仓前<em class=""vline""></em>3-5年<em class=""vline""></em>硕士</p>","<p>互联网<em class=""vline""></em>不需要融资<em class=""vline""></em>10000人以上</p>"
10,商业数据分析,D2C,18-36K,"<p>杭州 西湖区 虎跑<em class=""vline""></em>3-5年<em class=""vline""></em>大专</p>","<p>电子商务<em class=""vline""></em>B轮<em class=""vline""></em>100-499人</p>"
11,数据分析,中通云仓,15-25K,"<p>杭州 余杭区 仓前<em class=""vline""></em>3-5年<em class=""vline""></em>本科</p>","<p>物流/仓储<em class=""vline""></em>未融资<em class=""vline""></em>100-499人</p>"
12,数据分析专家,传化物流,18-30K,"<p>杭州 萧山区 宁围<em class=""vline""></em>5-10年<em class=""vline""></em>硕士</p>","<p>互联网<em class=""vline""></em>已上市<em class=""vline""></em>10000人以上</p>"
13,数据分析,杭州盛锋,6-8K,"<p>杭州 拱墅区 湖墅南路<em class=""vline""></em>3-5年<em class=""vline""></em>本科</p>","<p>其他专业服务<em class=""vline""></em>不需要融资<em class=""vline""></em>20-99人</p>"
14,数据分析师,滴滴出行,18-35K,"<p>杭州 西湖区 西溪<em class=""vline""></em>1-3年<em class=""vline""></em>硕士</p>","<p>移动互联网<em class=""vline""></em>D轮及以上<em class=""vline""></em>1000-9999人</p>"
15,BI数据分析,盈盈集团,10-15K,"<p>杭州 下城区 三塘<em class=""vline""></em>3-5年<em class=""vline""></em>本科</p>","<p>互联网<em class=""vline""></em>A轮<em class=""vline""></em>1000-9999人</p>"
16,数据分析专家,阿里巴巴集团,25-40K,"<p>杭州 余杭区 仓前<em class=""vline""></em>5-10年<em class=""vline""></em>本科</p>","<p>互联网<em class=""vline""></em>不需要融资<em class=""vline""></em>10000人以上</p>"
17,数据分析主管,企事通集团,6-10K,"<p>杭州 江干区 <em class=""vline""></em>1-3年<em class=""vline""></em>本科</p>","<p>贸易/进出口<em class=""vline""></em>未融资<em class=""vline""></em>500-999人</p>"
18,数据分析专家,蚂蚁金服,25-50K,"<p>杭州 西湖区 西溪<em class=""vline""></em>5-10年<em class=""vline""></em>本科</p>","<p>互联网<em class=""vline""></em>C轮<em class=""vline""></em>10000人以上</p>"
19,数据分析工程师,Fordeal,15-30K,"<p>杭州 西湖区 黄龙<em class=""vline""></em>3-5年<em class=""vline""></em>本科</p>","<p>电子商务<em class=""vline""></em>C轮<em class=""vline""></em>500-999人</p>"
20,产品数据分析师,阿里巴巴集团,20-40K,"<p>杭州 滨江区 长河<em class=""vline""></em>3-5年<em class=""vline""></em>本科</p>","<p>互联网<em class=""vline""></em>不需要融资<em class=""vline""></em>10000人以上</p>"
21,数据分析师,大搜车,12-24K,"<p>杭州 余杭区 西溪<em class=""vline""></em>3-5年<em class=""vline""></em>本科</p>","<p>互联网<em class=""vline""></em>D轮及以上<em class=""vline""></em>1000-9999人</p>"
22,数据分析师,杭州数空科技有限公司,10-20K,"<p>杭州 西湖区 转塘<em class=""vline""></em>经验不限<em class=""vline""></em>本科</p>","<p>移动互联网<em class=""vline""></em>A轮<em class=""vline""></em>100-499人</p>"
23,高级数据分析师,51公积金管家,10-15K,"<p>杭州 西湖区 西溪<em class=""vline""></em>3-5年<em class=""vline""></em>本科</p>","<p>移动互联网<em class=""vline""></em>B轮<em class=""vline""></em>100-499人</p>"
24,资深数据分析师,Fordeal,25-40K·14薪,"<p>杭州 西湖区 西溪<em class=""vline""></em>3-5年<em class=""vline""></em>本科</p>","<p>电子商务<em class=""vline""></em>C轮<em class=""vline""></em>500-999人</p>"
25,数据分析工程师,国铁吉讯,15-30K,"<p>杭州 滨江区 滨江区政府<em class=""vline""></em>3-5年<em class=""vline""></em>本科</p>","<p>通信/网络设备<em class=""vline""></em>不需要融资<em class=""vline""></em>100-499人</p>"
26,BI数据分析师,呆萝卜,25-45K,"<p>杭州 拱墅区 大关<em class=""vline""></em>3-5年<em class=""vline""></em>本科</p>","<p>电子商务<em class=""vline""></em>B轮<em class=""vline""></em>1000-9999人</p>"
27,商业数据分析,伊电园,20-30K,"<p>杭州 余杭区 临平<em class=""vline""></em>3-5年<em class=""vline""></em>硕士</p>","<p>生活服务<em class=""vline""></em>C轮<em class=""vline""></em>1000-9999人</p>"
28,数据分析师,大搜车,15-25K,"<p>杭州  <em class=""vline""></em>3-5年<em class=""vline""></em>本科</p>","<p>互联网<em class=""vline""></em>D轮及以上<em class=""vline""></em>1000-9999人</p>"
29,数据分析师,浙江讯唯,8-16K,"<p>杭州 西湖区 文一路<em class=""vline""></em>1-3年<em class=""vline""></em>本科</p>","<p>移动互联网<em class=""vline""></em>不需要融资<em class=""vline""></em>100-499人</p>"
30,数据分析师,众安保险,20-35K,"<p>杭州 西湖区 古荡<em class=""vline""></em>1-3年<em class=""vline""></em>本科</p>","<p>互联网<em class=""vline""></em>已上市<em class=""vline""></em>1000-9999人</p>"
31,数据分析师,杭州比智科技有限公司,18-35K,"<p>杭州 余杭区 仓前<em class=""vline""></em>5-10年<em class=""vline""></em>本科</p>","<p>数据服务<em class=""vline""></em>A轮<em class=""vline""></em>100-499人</p>"
32,数据分析主管,熊猫优选,20-30K,"<p>杭州 西湖区 西溪<em class=""vline""></em>3-5年<em class=""vline""></em>本科</p>","<p>电子商务<em class=""vline""></em>B轮<em class=""vline""></em>20-99人</p>"
33,数据分析师（供应链方向）,新康众集团,15-22K,"<p>杭州 余杭区 仓前<em class=""vline""></em>3-5年<em class=""vline""></em>本科</p>","<p>新零售<em class=""vline""></em>不需要融资<em class=""vline""></em>1000-9999人</p>"
34,商业数据分析,口碑,30-60K,"<p>杭州 西湖区 古荡<em class=""vline""></em>5-10年<em class=""vline""></em>本科</p>","<p>O2O<em class=""vline""></em>D轮及以上<em class=""vline""></em>10000人以上</p>"
35,数据分析专家,嘉云数据,20-30K,"<p>杭州 西湖区 文三<em class=""vline""></em>5-10年<em class=""vline""></em>本科</p>","<p>移动互联网<em class=""vline""></em>C轮<em class=""vline""></em>500-999人</p>"
36,数据分析专家,贝贝集团,15-30K,"<p>杭州 江干区 九堡<em class=""vline""></em>3-5年<em class=""vline""></em>本科</p>","<p>互联网<em class=""vline""></em>D轮及以上<em class=""vline""></em>1000-9999人</p>"
37,数据分析经理,网易,25-45K,"<p>杭州 滨江区 长河<em class=""vline""></em>5-10年<em class=""vline""></em>本科</p>","<p>移动互联网<em class=""vline""></em>已上市<em class=""vline""></em>10000人以上</p>"
38,数据分析师,个推,10-15K·16薪,"<p>杭州 西湖区 文一路<em class=""vline""></em>3-5年<em class=""vline""></em>本科</p>","<p>移动互联网<em class=""vline""></em>已上市<em class=""vline""></em>500-999人</p>"
39,数据分析,金泰亚盛,7-12K,"<p>杭州 江干区 四季青<em class=""vline""></em>1-3年<em class=""vline""></em>大专</p>","<p>计算机软件<em class=""vline""></em>D轮及以上<em class=""vline""></em>100-499人</p>"
40,商业数据分析,杭州盛锋,6-8K,"<p>杭州 拱墅区 湖墅南路<em class=""vline""></em>3-5年<em class=""vline""></em>本科</p>","<p>其他专业服务<em class=""vline""></em>不需要融资<em class=""vline""></em>20-99人</p>"
41,数据分析师,e签宝,11-20K,"<p>杭州 西湖区 文一路<em class=""vline""></em>3-5年<em class=""vline""></em>本科</p>","<p>企业服务<em class=""vline""></em>B轮<em class=""vline""></em>100-499人</p>"
42,数据分析,e签宝,10-11K,"<p>杭州 西湖区 文一路<em class=""vline""></em>3-5年<em class=""vline""></em>本科</p>","<p>企业服务<em class=""vline""></em>B轮<em class=""vline""></em>100-499人</p>"
43,资深数据分析,欧尚超市,26-50K,"<p>杭州 拱墅区 大关<em class=""vline""></em>5-10年<em class=""vline""></em>本科</p>","<p>生活服务<em class=""vline""></em>不需要融资<em class=""vline""></em>10000人以上</p>"
44,资深数据分析,微脉,15-25K,"<p>杭州 余杭区 仓前<em class=""vline""></em>5-10年<em class=""vline""></em>本科</p>","<p>移动互联网<em class=""vline""></em>C轮<em class=""vline""></em>500-999人</p>"
45,BI数据分析师,亲宝宝,15-25K,"<p>杭州 西湖区 古荡<em class=""vline""></em>3-5年<em class=""vline""></em>本科</p>","<p>互联网<em class=""vline""></em>C轮<em class=""vline""></em>100-499人</p>"
46,反洗钱数据分析专家,蚂蚁金服,20-35K,"<p>杭州 西湖区 古荡<em class=""vline""></em>5-10年<em class=""vline""></em>硕士</p>","<p>互联网<em class=""vline""></em>C轮<em class=""vline""></em>10000人以上</p>"
47,数据分析师,格家网络,20-30K,"<p>杭州 西湖区 古墩路<em class=""vline""></em>3-5年<em class=""vline""></em>本科</p>","<p>电子商务<em class=""vline""></em>C轮<em class=""vline""></em>1000-9999人</p>"
48,数据分析专员,浙江上佰,5-7K,"<p>杭州 西湖区 古墩路<em class=""vline""></em>1-3年<em class=""vline""></em>大专</p>","<p>电子商务<em class=""vline""></em>未融资<em class=""vline""></em>500-999人</p>"
49,数据分析工程师,安恒信息,12-20K,"<p>杭州 滨江区 滨江区政府<em class=""vline""></em>1-3年<em class=""vline""></em>本科</p>","<p>信息安全<em class=""vline""></em>D轮及以上<em class=""vline""></em>1000-9999人</p>"
50,资深数据分析师,贝贝集团,20-30K,"<p>杭州 江干区 九堡<em class=""vline""></em>3-5年<em class=""vline""></em>本科</p>","<p>互联网<em class=""vline""></em>D轮及以上<em class=""vline""></em>1000-9999人</p>"
51,数据分析师 库存分析师,兽王实业,8-15K,"<p>杭州  <em class=""vline""></em>3-5年<em class=""vline""></em>本科</p>","<p>电子商务<em class=""vline""></em>不需要融资<em class=""vline""></em>100-499人</p>"
52,数据分析工程师,辰青科技,4-9K,"<p>杭州 滨江区 浦沿<em class=""vline""></em>经验不限<em class=""vline""></em>本科</p>","<p>计算机软件<em class=""vline""></em>不需要融资<em class=""vline""></em>20-99人</p>"
53,算法工程师（数据分析，优化算法方向）,信雅达,9-14K,"<p>杭州  <em class=""vline""></em>经验不限<em class=""vline""></em>本科</p>","<p>计算机软件<em class=""vline""></em>已上市<em class=""vline""></em>1000-9999人</p>"
54,数据分析经理,浙江联运环境,10-15K,"<p>杭州 余杭区 临平<em class=""vline""></em>3-5年<em class=""vline""></em>本科</p>","<p>环保<em class=""vline""></em>1000-9999人</p>"
55,数据分析主管,中奥科技,15-30K·14薪,"<p>杭州 下城区 朝晖<em class=""vline""></em>3-5年<em class=""vline""></em>本科</p>","<p>计算机软件<em class=""vline""></em>C轮<em class=""vline""></em>100-499人</p>"
56,服装商品数据分析,杭州蔓诺蒂服饰,4-8K,"<p>杭州 萧山区 宁围<em class=""vline""></em>1-3年<em class=""vline""></em>大专</p>","<p>服装/纺织/皮革<em class=""vline""></em>未融资<em class=""vline""></em>500-999人</p>"
57,人力资源数据分析师,微辣,8-12K,"<p>杭州 萧山区 钱江世纪城<em class=""vline""></em>3-5年<em class=""vline""></em>本科</p>","<p>电子商务<em class=""vline""></em>不需要融资<em class=""vline""></em>500-999人</p>"
58,数据分析师,快捷通,15-25K,"<p>杭州 江干区 火车东站<em class=""vline""></em>3-5年<em class=""vline""></em>本科</p>","<p>互联网<em class=""vline""></em>未融资<em class=""vline""></em>100-499人</p>"
59,高级数据分析师,兑吧,12-20K·15薪,"<p>杭州 西湖区 文一路<em class=""vline""></em>3-5年<em class=""vline""></em>本科</p>","<p>移动互联网<em class=""vline""></em>已上市<em class=""vline""></em>500-999人</p>"
60,数据分析工程师,杭州市民卡,12-24K·15薪,"<p>杭州 上城区 望江<em class=""vline""></em>1-3年<em class=""vline""></em>本科</p>","<p>互联网<em class=""vline""></em>未融资<em class=""vline""></em>100-499人</p>"
61,商品数据分析,黑羊科技,6-10K,"<p>杭州  <em class=""vline""></em>1-3年<em class=""vline""></em>大专</p>","<p>电子商务<em class=""vline""></em>不需要融资<em class=""vline""></em>100-499人</p>"
62,数据分析,杭州越勤电子商务...,25-50K,"<p>杭州 西湖区 古荡<em class=""vline""></em>5-10年<em class=""vline""></em>本科</p>","<p>互联网<em class=""vline""></em>100-499人</p>"
63,数据分析师,中通云仓,15-30K,"<p>杭州 余杭区 仓前<em class=""vline""></em>3-5年<em class=""vline""></em>本科</p>","<p>物流/仓储<em class=""vline""></em>未融资<em class=""vline""></em>100-499人</p>"
64,高级数据分析师,个推,12-18K,"<p>杭州 西湖区 文一路<em class=""vline""></em>经验不限<em class=""vline""></em>本科</p>","<p>移动互联网<em class=""vline""></em>已上市<em class=""vline""></em>500-999人</p>"
65,数据分析师,诺诺网,10-15K,"<p>杭州 西湖区 西溪<em class=""vline""></em>1-3年<em class=""vline""></em>硕士</p>","<p>互联网<em class=""vline""></em>不需要融资<em class=""vline""></em>100-499人</p>"
66,商业数据分析师,杭州追灿科技,5-8K,"<p>杭州 西湖区 古荡<em class=""vline""></em>经验不限<em class=""vline""></em>本科</p>","<p>互联网<em class=""vline""></em>不需要融资<em class=""vline""></em>20-99人</p>"
67,数据分析师,微拍堂,15-25K·14薪,"<p>杭州 西湖区 文三<em class=""vline""></em>3-5年<em class=""vline""></em>大专</p>","<p>电子商务<em class=""vline""></em>A轮<em class=""vline""></em>100-499人</p>"
68,数据分析专员,杭州湃沃电商,5-8K,"<p>杭州  <em class=""vline""></em>1-3年<em class=""vline""></em>大专</p>","<p>电子商务<em class=""vline""></em>未融资<em class=""vline""></em>500-999人</p>"
69,CRM数据分析,翊烨广告,6-8K,"<p>杭州 拱墅区 小河<em class=""vline""></em>1-3年<em class=""vline""></em>大专</p>","<p>电子商务<em class=""vline""></em>不需要融资<em class=""vline""></em>20-99人</p>"
70,数据分析师,紧商科技股份有限公司,10-15K·13薪,"<p>杭州 萧山区 钱江世纪城<em class=""vline""></em>1-3年<em class=""vline""></em>大专</p>","<p>互联网<em class=""vline""></em>不需要融资<em class=""vline""></em>100-499人</p>"
71,商品数据分析,凯蓝企业,4-7K,"<p>杭州 江干区 景芳<em class=""vline""></em>经验不限<em class=""vline""></em>大专</p>","<p>生活服务<em class=""vline""></em>不需要融资<em class=""vline""></em>1000-9999人</p>"
72,数据分析师（外包编制）,网易游戏,10-15K,"<p>杭州 滨江区 长河<em class=""vline""></em>1-3年<em class=""vline""></em>本科</p>","<p>游戏<em class=""vline""></em>已上市<em class=""vline""></em>10000人以上</p>"
73,数据分析,畅唐网络,10-15K,"<p>杭州 滨江区 西兴<em class=""vline""></em>3-5年<em class=""vline""></em>本科</p>","<p>互联网<em class=""vline""></em>不需要融资<em class=""vline""></em>500-999人</p>"
74,资深数据分析师,中国婚博会,20-35K,"<p>杭州 下城区 和平<em class=""vline""></em>3-5年<em class=""vline""></em>本科</p>","<p>广告/公关/会展<em class=""vline""></em>不需要融资<em class=""vline""></em>500-999人</p>"
75,数据分析师,有数金服,15-30K,"<p>杭州 江干区 九堡<em class=""vline""></em>3-5年<em class=""vline""></em>本科</p>","<p>互联网<em class=""vline""></em>A轮<em class=""vline""></em>100-499人</p>"
76,数据分析师,杭州心景科技有限公司,10-20K,"<p>杭州 滨江区 长河<em class=""vline""></em>1-3年<em class=""vline""></em>硕士</p>","<p>互联网<em class=""vline""></em>天使轮<em class=""vline""></em>20-99人</p>"
77,数据分析师,多课科技,6-9K,"<p>杭州 余杭区 仓前<em class=""vline""></em>1年以内<em class=""vline""></em>本科</p>","<p>在线教育<em class=""vline""></em>未融资<em class=""vline""></em>0-20人</p>"
78,Data Scientist数据分析师,美国道富,18-25K,"<p>杭州 西湖区 文一路<em class=""vline""></em>10年以上<em class=""vline""></em>本科</p>","<p>互联网金融<em class=""vline""></em>已上市<em class=""vline""></em>10000人以上</p>"
79,安全数据分析（实习）,安恒信息,3-5K,"<p>杭州 滨江区 滨江区政府<em class=""vline""></em>经验不限<em class=""vline""></em>硕士</p>","<p>信息安全<em class=""vline""></em>D轮及以上<em class=""vline""></em>1000-9999人</p>"
80,B2B商业产品经理(数据分析方向),阿里巴巴集团,25-35K,"<p>杭州 滨江区 长河<em class=""vline""></em>3-5年<em class=""vline""></em>本科</p>","<p>互联网<em class=""vline""></em>不需要融资<em class=""vline""></em>10000人以上</p>"
81,工业数据分析工程师,点睛数据,10-15K,"<p>杭州 滨江区 滨江区政府<em class=""vline""></em>经验不限<em class=""vline""></em>本科</p>","<p>数据服务<em class=""vline""></em>未融资<em class=""vline""></em>0-20人</p>"
82,数据分析主管/经理,浙江上佰,7-12K,"<p>杭州 西湖区 古墩路<em class=""vline""></em>1-3年<em class=""vline""></em>大专</p>","<p>电子商务<em class=""vline""></em>未融资<em class=""vline""></em>500-999人</p>"
83,数据分析师,蚂蚁金服,25-40K,"<p>杭州 西湖区 黄龙<em class=""vline""></em>5-10年<em class=""vline""></em>硕士</p>","<p>互联网<em class=""vline""></em>C轮<em class=""vline""></em>10000人以上</p>"
84,高级/资深数据分析师（仓储物流）,网易杭州,25-40K,"<p>杭州 滨江区 长河<em class=""vline""></em>3-5年<em class=""vline""></em>本科</p>","<p>互联网<em class=""vline""></em>已上市<em class=""vline""></em>10000人以上</p>"
85,数据分析师,远方科技,6-8K,"<p>杭州 拱墅区 拱宸桥<em class=""vline""></em>3-5年<em class=""vline""></em>本科</p>","<p>企业服务<em class=""vline""></em>未融资<em class=""vline""></em>100-499人</p>"
86,数据分析专员,江干俞志泉服饰,6-8K,"<p>杭州 江干区 四季青<em class=""vline""></em>1-3年<em class=""vline""></em>大专</p>","<p>批发/零售<em class=""vline""></em>未融资<em class=""vline""></em>100-499人</p>"
87,数据分析师BI,海带,10-20K,"<p>杭州 西湖区 文一路<em class=""vline""></em>3-5年<em class=""vline""></em>本科</p>","<p>互联网<em class=""vline""></em>A轮<em class=""vline""></em>100-499人</p>"
88,BI数据分析实习生,盈盈集团,150-200/天,"<p>杭州  <em class=""vline""></em>4天/周<em class=""vline""></em>6个月<em class=""vline""></em>本科</p>","<p>互联网<em class=""vline""></em>A轮<em class=""vline""></em>1000-9999人</p>"
89,高级数据分析师,霖梓控股,15-25K,"<p>杭州 滨江区 长河<em class=""vline""></em>3-5年<em class=""vline""></em>本科</p>","<p>互联网<em class=""vline""></em>B轮<em class=""vline""></em>100-499人</p>"
90,数据分析师,D2C,20-40K,"<p>杭州 西湖区 虎跑<em class=""vline""></em>3-5年<em class=""vline""></em>大专</p>","<p>电子商务<em class=""vline""></em>B轮<em class=""vline""></em>100-499人</p>"
91,数据分析师,阿里巴巴集团,40-70K,"<p>杭州 余杭区 仓前<em class=""vline""></em>5-10年<em class=""vline""></em>硕士</p>","<p>互联网<em class=""vline""></em>不需要融资<em class=""vline""></em>10000人以上</p>"
92,商业数据分析师,滴滴出行,20-40K·14薪,"<p>杭州 西湖区 西溪<em class=""vline""></em>5-10年<em class=""vline""></em>本科</p>","<p>移动互联网<em class=""vline""></em>D轮及以上<em class=""vline""></em>1000-9999人</p>"
93,数据分析师（线下数据、商业分析方向）,个推,10-15K,"<p>杭州 西湖区 文一路<em class=""vline""></em>经验不限<em class=""vline""></em>本科</p>","<p>移动互联网<em class=""vline""></em>已上市<em class=""vline""></em>500-999人</p>"
94,数据分析师,宇博信诚,12-20K,"<p>杭州 江干区 采荷<em class=""vline""></em>3-5年<em class=""vline""></em>本科</p>","<p>计算机软件<em class=""vline""></em>未融资<em class=""vline""></em>100-499人</p>"
95,数据分析师,映天下,8-12K,"<p>杭州 西湖区 黄龙<em class=""vline""></em>3-5年<em class=""vline""></em>本科</p>","<p>互联网<em class=""vline""></em>未融资<em class=""vline""></em>20-99人</p>"
96,资深数据分析师（游戏中心）(003517),vivo,25-50K,"<p>杭州 余杭区 仓前<em class=""vline""></em>3-5年<em class=""vline""></em>本科</p>","<p>移动互联网<em class=""vline""></em>不需要融资<em class=""vline""></em>10000人以上</p>"
97,高级数据分析师,嘉云数据,15-30K,"<p>杭州 西湖区 文三路<em class=""vline""></em>3-5年<em class=""vline""></em>本科</p>","<p>移动互联网<em class=""vline""></em>C轮<em class=""vline""></em>500-999人</p>"
98,数据分析专家（业务分析）,菜划算,8-13K,"<p>杭州  <em class=""vline""></em>1-3年<em class=""vline""></em>本科</p>","<p>新零售<em class=""vline""></em>B轮<em class=""vline""></em>100-499人</p>"
99,资深数据分析师,伊电园,15-28K,"<p>杭州 余杭区 仓前<em class=""vline""></em>3-5年<em class=""vline""></em>本科</p>","<p>生活服务<em class=""vline""></em>C轮<em class=""vline""></em>1000-9999人</p>"
100,"数据分析师（KPI,财务方向）",新康众集团,15-22K,"<p>杭州 余杭区 仓前<em class=""vline""></em>3-5年<em class=""vline""></em>本科</p>","<p>新零售<em class=""vline""></em>不需要融资<em class=""vline""></em>1000-9999人</p>"
101,数据分析师,佰聆数据,10-20K,"<p>杭州 西湖区 文三<em class=""vline""></em>3-5年<em class=""vline""></em>本科</p>","<p>数据服务<em class=""vline""></em>已上市<em class=""vline""></em>100-499人</p>"
102,销售数据分析,杭州微尚,5-7K,"<p>杭州 江干区 四季青<em class=""vline""></em>1年以内<em class=""vline""></em>大专</p>","<p>贸易/进出口<em class=""vline""></em>不需要融资<em class=""vline""></em>20-99人</p>"
103,数据分析师,19楼,10-15K,"<p>杭州 西湖区 西溪<em class=""vline""></em>3-5年<em class=""vline""></em>本科</p>","<p>移动互联网<em class=""vline""></em>不需要融资<em class=""vline""></em>20-99人</p>"
104,数据分析工程师,银基富力信息技术,12-22K,"<p>杭州 拱墅区 拱宸桥<em class=""vline""></em>3-5年<em class=""vline""></em>本科</p>","<p>计算机软件<em class=""vline""></em>天使轮<em class=""vline""></em>20-99人</p>"
105,数据分析师,金泰亚盛,6-11K,"<p>杭州 江干区 四季青<em class=""vline""></em>1-3年<em class=""vline""></em>大专</p>","<p>计算机软件<em class=""vline""></em>D轮及以上<em class=""vline""></em>100-499人</p>"
106,数据分析师,朗通,8-15K,"<p>杭州 余杭区 仓前<em class=""vline""></em>3-5年<em class=""vline""></em>本科</p>","<p>计算机软件<em class=""vline""></em>A轮<em class=""vline""></em>20-99人</p>"
107,数据分析师,南德电气,6-8K,"<p>杭州 西湖区 三墩<em class=""vline""></em>1年以内<em class=""vline""></em>大专</p>","<p>电力/热力/燃气/水利<em class=""vline""></em>未融资<em class=""vline""></em>20-99人</p>"
108,资深/专家游戏数据分析师,网易游戏,15-30K,"<p>杭州 滨江区 长河<em class=""vline""></em>3-5年<em class=""vline""></em>本科</p>","<p>游戏<em class=""vline""></em>已上市<em class=""vline""></em>10000人以上</p>"
109,网易严选-资深数据分析师,网易杭州,25-40K,"<p>杭州 滨江区 长河<em class=""vline""></em>3-5年<em class=""vline""></em>本科</p>","<p>互联网<em class=""vline""></em>已上市<em class=""vline""></em>10000人以上</p>"
110,高级数据分析师/数据分析专家,嘉云数据,20-40K,"<p>杭州 西湖区 文三<em class=""vline""></em>5-10年<em class=""vline""></em>本科</p>","<p>移动互联网<em class=""vline""></em>C轮<em class=""vline""></em>500-999人</p>"
111,数据分析员,杭州睿昊,4-5K,"<p>杭州 西湖区 小和山<em class=""vline""></em>经验不限<em class=""vline""></em>本科</p>","<p>企业服务<em class=""vline""></em>0-20人</p>"
112,仓储运营数据分析经理,百世集团,10-20K,"<p>杭州 西湖区 古荡<em class=""vline""></em>3-5年<em class=""vline""></em>本科</p>","<p>物流/仓储<em class=""vline""></em>已上市<em class=""vline""></em>10000人以上</p>"
113,数据分析师,瑞天欣实,8-13K,"<p>杭州  <em class=""vline""></em>1-3年<em class=""vline""></em>本科</p>","<p>数据服务<em class=""vline""></em>A轮<em class=""vline""></em>20-99人</p>"
114,商品数据分析,黑羊科技,5-7K,"<p>杭州  <em class=""vline""></em>1-3年<em class=""vline""></em>大专</p>","<p>电子商务<em class=""vline""></em>不需要融资<em class=""vline""></em>100-499人</p>"
115,数据分析师（城市规划方向）,个推,10-15K,"<p>杭州 西湖区 文一路<em class=""vline""></em>经验不限<em class=""vline""></em>本科</p>","<p>移动互联网<em class=""vline""></em>已上市<em class=""vline""></em>500-999人</p>"
116,风险数据分析师,连连支付,15-25K·16薪,"<p>杭州 滨江区 长河<em class=""vline""></em>1-3年<em class=""vline""></em>本科</p>","<p>移动互联网<em class=""vline""></em>不需要融资<em class=""vline""></em>500-999人</p>"
117,商业数据分析师,杭州追灿科技,4-7K,"<p>杭州 西湖区 古荡<em class=""vline""></em>1年以内<em class=""vline""></em>本科</p>","<p>互联网<em class=""vline""></em>不需要融资<em class=""vline""></em>20-99人</p>"
118,高级数据分析师,杭州有赞科技,11-18K,"<p>杭州 西湖区 古荡<em class=""vline""></em>1-3年<em class=""vline""></em>本科</p>","<p>互联网<em class=""vline""></em>已上市<em class=""vline""></em>1000-9999人</p>"
119,数据分析师（风险方向）,云车金融,15-30K,"<p>杭州 萧山区 钱江世纪城<em class=""vline""></em>1-3年<em class=""vline""></em>本科</p>","<p>互联网<em class=""vline""></em>不需要融资<em class=""vline""></em>1000-9999人</p>"
120,仓储数据分析员,京东,4-6K,"<p>杭州 富阳区 东洲<em class=""vline""></em>1年以内<em class=""vline""></em>大专</p>","<p>电子商务<em class=""vline""></em>已上市<em class=""vline""></em>10000人以上</p>"
121,高级数据分析师/数据分析专家,嘉云数据,15-30K,"<p>杭州 西湖区 文三<em class=""vline""></em>3-5年<em class=""vline""></em>本科</p>","<p>移动互联网<em class=""vline""></em>C轮<em class=""vline""></em>500-999人</p>"
122,数据分析师,蚂蚁金服,26-35K,"<p>杭州 西湖区 西溪<em class=""vline""></em>5-10年<em class=""vline""></em>本科</p>","<p>互联网<em class=""vline""></em>C轮<em class=""vline""></em>10000人以上</p>"
123,数据分析专家（偏业务经营分析）,菜划算,8-13K,"<p>杭州  <em class=""vline""></em>3-5年<em class=""vline""></em>本科</p>","<p>新零售<em class=""vline""></em>B轮<em class=""vline""></em>100-499人</p>"
124,材料数据分析师,浙江承谷,15-30K,"<p>杭州 西湖区 西溪<em class=""vline""></em>3-5年<em class=""vline""></em>硕士</p>","<p>生活服务<em class=""vline""></em>不需要融资<em class=""vline""></em>100-499人</p>"
125,数据分析,嘉和医美,6-10K,"<p>杭州 下城区 武林<em class=""vline""></em>经验不限<em class=""vline""></em>大专</p>","<p>医疗健康<em class=""vline""></em>未融资<em class=""vline""></em>0-20人</p>"
126,数据分析工程师,淘粉吧,10-15K,"<p>杭州 西湖区 文一路<em class=""vline""></em>3-5年<em class=""vline""></em>本科</p>","<p>电子商务<em class=""vline""></em>B轮<em class=""vline""></em>100-499人</p>"
127,数据分析建模--高级算法工程师/算法专家,蚂蚁金服,30-50K,"<p>杭州 西湖区 西溪<em class=""vline""></em>1-3年<em class=""vline""></em>硕士</p>","<p>互联网<em class=""vline""></em>C轮<em class=""vline""></em>10000人以上</p>"
128,数据分析师,七种美味科技,5-10K,"<p>杭州 萧山区 北干<em class=""vline""></em>经验不限<em class=""vline""></em>大专</p>","<p>电子商务<em class=""vline""></em>B轮<em class=""vline""></em>500-999人</p>"
129,数据分析师,吉利集团,10-20K,"<p>杭州  <em class=""vline""></em>5-10年<em class=""vline""></em>大专</p>","<p>汽车生产<em class=""vline""></em>已上市<em class=""vline""></em>10000人以上</p>"
130,数据分析师,国广财经,15-25K,"<p>杭州 余杭区 仓前<em class=""vline""></em>5-10年<em class=""vline""></em>本科</p>","<p>数据服务<em class=""vline""></em>不需要融资<em class=""vline""></em>20-99人</p>"
131,数据分析师,壹潘科技,7-9K,"<p>杭州 滨江区 长河<em class=""vline""></em>1年以内<em class=""vline""></em>本科</p>","<p>互联网<em class=""vline""></em>未融资<em class=""vline""></em>20-99人</p>"
132,数据分析主管,中奥科技,18-30K,"<p>杭州 下城区 朝晖<em class=""vline""></em>1-3年<em class=""vline""></em>硕士</p>","<p>计算机软件<em class=""vline""></em>C轮<em class=""vline""></em>100-499人</p>"
133,数据分析师,阿里巴巴集团,20-30K,"<p>杭州 余杭区 仓前<em class=""vline""></em>1-3年<em class=""vline""></em>本科</p>","<p>互联网<em class=""vline""></em>不需要融资<em class=""vline""></em>10000人以上</p>"
134,数据分析师,云车金融,15-20K,"<p>杭州 萧山区 钱江世纪城<em class=""vline""></em>1-3年<em class=""vline""></em>本科</p>","<p>互联网<em class=""vline""></em>不需要融资<em class=""vline""></em>1000-9999人</p>"
135,资深数据分析师 (MJ000088),政采云,15-25K·15薪,"<p>杭州 西湖区 转塘<em class=""vline""></em>3-5年<em class=""vline""></em>本科</p>","<p>互联网<em class=""vline""></em>不需要融资<em class=""vline""></em>100-499人</p>"
136,数据分析工程师,中奥科技,10-15K,"<p>杭州 江干区 九堡<em class=""vline""></em>1-3年<em class=""vline""></em>硕士</p>","<p>计算机软件<em class=""vline""></em>C轮<em class=""vline""></em>100-499人</p>"
137,数据分析实习生（金融产品）,吉利集团,2-4K,"<p>杭州  <em class=""vline""></em>经验不限<em class=""vline""></em>本科</p>","<p>汽车生产<em class=""vline""></em>已上市<em class=""vline""></em>10000人以上</p>"
138,高级医学数据分析师,生信人,10-15K,"<p>杭州  <em class=""vline""></em>1年以内<em class=""vline""></em>硕士</p>","<p>数据服务<em class=""vline""></em>0-20人</p>"
139,数据分析师,同盾科技,10-20K,"<p>杭州 余杭区 仓前<em class=""vline""></em>3-5年<em class=""vline""></em>硕士</p>","<p>互联网<em class=""vline""></em>D轮及以上<em class=""vline""></em>1000-9999人</p>"
140,数据分析师,杭州泰基科技有限...,15-16K,"<p>杭州  <em class=""vline""></em>1-3年<em class=""vline""></em>本科</p>","<p>企业服务<em class=""vline""></em>A轮<em class=""vline""></em>20-99人</p>"
141,数据分析师,翰仕,12-24K·16薪,"<p>杭州 江干区 四季青<em class=""vline""></em>1-3年<em class=""vline""></em>本科</p>","<p>互联网<em class=""vline""></em>20-99人</p>"
142,数据分析师（BI）,翰仕,8-13K·14薪,"<p>杭州 江干区 四季青<em class=""vline""></em>1-3年<em class=""vline""></em>本科</p>","<p>互联网<em class=""vline""></em>20-99人</p>"
143,数据分析专家-杭州-00960,同盾科技,15-30K,"<p>杭州 余杭区 仓前<em class=""vline""></em>3-5年<em class=""vline""></em>硕士</p>","<p>互联网<em class=""vline""></em>D轮及以上<em class=""vline""></em>1000-9999人</p>"
144,数据分析师,如涵,6-10K,"<p>杭州 余杭区 乔司<em class=""vline""></em>经验不限<em class=""vline""></em>本科</p>","<p>互联网<em class=""vline""></em>已上市<em class=""vline""></em>1000-9999人</p>"
145,实习生/项目助理/数据分析,CTIT,2-3K,"<p>杭州 滨江区 西兴<em class=""vline""></em>经验不限<em class=""vline""></em>学历不限</p>","<p>计算机软件<em class=""vline""></em>未融资<em class=""vline""></em>0-20人</p>"
146,数据分析经理,51信用卡管家,20-25K,"<p>杭州 西湖区 西溪<em class=""vline""></em>5-10年<em class=""vline""></em>本科</p>","<p>移动互联网<em class=""vline""></em>已上市<em class=""vline""></em>1000-9999人</p>"
147,数据分析师,东正钢管,5-10K,"<p>杭州  <em class=""vline""></em>3-5年<em class=""vline""></em>大专</p>","<p>贸易/进出口<em class=""vline""></em>未融资<em class=""vline""></em>20-99人</p>"
148,数据分析经理,vivo,30-60K,"<p>杭州 余杭区 仓前<em class=""vline""></em>5-10年<em class=""vline""></em>本科</p>","<p>移动互联网<em class=""vline""></em>不需要融资<em class=""vline""></em>10000人以上</p>"
149,BI数据分析,51信用卡管家,11-20K,"<p>杭州 西湖区 西溪<em class=""vline""></em>1-3年<em class=""vline""></em>本科</p>","<p>移动互联网<em class=""vline""></em>已上市<em class=""vline""></em>1000-9999人</p>"
150,数据分析师,蚂蚁金服,20-30K,"<p>杭州 西湖区 黄龙<em class=""vline""></em>经验不限<em class=""vline""></em>本科</p>","<p>互联网金融<em class=""vline""></em>C轮<em class=""vline""></em>10000人以上</p>"
151,商品数据分析专员,轩日股份,4-6K,"<p>杭州 滨江区 长河<em class=""vline""></em>1-3年<em class=""vline""></em>大专</p>","<p>服装/纺织/皮革<em class=""vline""></em>不需要融资<em class=""vline""></em>500-999人</p>"
152,数据分析师,会想科技,12-24K,"<p>杭州 萧山区 钱江世纪城<em class=""vline""></em>3-5年<em class=""vline""></em>本科</p>","<p>互联网<em class=""vline""></em>0-20人</p>"
153,资深数据分析师,亲宝宝,10-20K,"<p>杭州 西湖区 西溪<em class=""vline""></em>3-5年<em class=""vline""></em>本科</p>","<p>互联网<em class=""vline""></em>C轮<em class=""vline""></em>100-499人</p>"
154,数据分析工程师,玖欣物联,15-25K,"<p>杭州 滨江区 西兴<em class=""vline""></em>3-5年<em class=""vline""></em>本科</p>","<p>互联网<em class=""vline""></em>不需要融资<em class=""vline""></em>20-99人</p>"
155,数据分析员（包住）,德邦快递,4-6K,"<p>杭州 江干区 下沙<em class=""vline""></em>经验不限<em class=""vline""></em>大专</p>","<p>物流/仓储<em class=""vline""></em>已上市<em class=""vline""></em>10000人以上</p>"
156,电商数据分析,拉夏贝尔服饰有限公司,6-10K,"<p>杭州 江干区 白杨<em class=""vline""></em>1-3年<em class=""vline""></em>大专</p>","<p>生活服务<em class=""vline""></em>已上市<em class=""vline""></em>10000人以上</p>"
157,数据分析师,杭州观数科技,12-24K,"<p>杭州 余杭区 <em class=""vline""></em>3-5年<em class=""vline""></em>本科</p>","<p>企业服务<em class=""vline""></em>A轮<em class=""vline""></em>100-499人</p>"
158,数据分析专家,橙鹰,25-35K,"<p>杭州 余杭区 仓前<em class=""vline""></em>3-5年<em class=""vline""></em>学历不限</p>","<p>数据服务<em class=""vline""></em>不需要融资<em class=""vline""></em>100-499人</p>"
159,资深数据分析师/数据分析专家,网易,20-40K,"<p>杭州 滨江区 长河<em class=""vline""></em>5-10年<em class=""vline""></em>本科</p>","<p>移动互联网<em class=""vline""></em>已上市<em class=""vline""></em>10000人以上</p>"
160,数据分析工程师,个推,13-26K,"<p>杭州 西湖区 文一路<em class=""vline""></em>1-3年<em class=""vline""></em>本科</p>","<p>移动互联网<em class=""vline""></em>已上市<em class=""vline""></em>500-999人</p>"
161,数据分析师,国誉信睿,10-15K,"<p>杭州 滨江区 西兴<em class=""vline""></em>1-3年<em class=""vline""></em>本科</p>","<p>企业服务<em class=""vline""></em>未融资<em class=""vline""></em>20-99人</p>"
162,数据分析师,阿里巴巴集团,20-40K,"<p>杭州 滨江区 长河<em class=""vline""></em>3-5年<em class=""vline""></em>本科</p>","<p>互联网<em class=""vline""></em>不需要融资<em class=""vline""></em>10000人以上</p>"
163,数据分析师,阿里巴巴集团,30-60K,"<p>杭州 余杭区 仓前<em class=""vline""></em>3-5年<em class=""vline""></em>硕士</p>","<p>互联网<em class=""vline""></em>不需要融资<em class=""vline""></em>10000人以上</p>"
164,资深数据分析师/专家,阿里巴巴集团,30-50K,"<p>杭州  <em class=""vline""></em>5-10年<em class=""vline""></em>本科</p>","<p>互联网<em class=""vline""></em>不需要融资<em class=""vline""></em>10000人以上</p>"
165,高级数据分析师,杭州铭师堂,16-23K,"<p>杭州 拱墅区 万达广场<em class=""vline""></em>经验不限<em class=""vline""></em>本科</p>","<p>互联网<em class=""vline""></em>不需要融资<em class=""vline""></em>1000-9999人</p>"
166,高级数据分析师,大搜车,15-30K,"<p>杭州  <em class=""vline""></em>3-5年<em class=""vline""></em>本科</p>","<p>互联网<em class=""vline""></em>D轮及以上<em class=""vline""></em>1000-9999人</p>"
167,数据分析专家,蚂蚁金服,30-40K,"<p>杭州 西湖区 西溪<em class=""vline""></em>3-5年<em class=""vline""></em>硕士</p>","<p>互联网金融<em class=""vline""></em>C轮<em class=""vline""></em>10000人以上</p>"
168,数据分析师,大搜车,8-15K,"<p>杭州 余杭区 <em class=""vline""></em>1-3年<em class=""vline""></em>本科</p>","<p>移动互联网<em class=""vline""></em>D轮及以上<em class=""vline""></em>100-499人</p>"
169,数据分析实习生,大搜车,2-4K,"<p>杭州 余杭区 <em class=""vline""></em>经验不限<em class=""vline""></em>本科</p>","<p>移动互联网<em class=""vline""></em>D轮及以上<em class=""vline""></em>100-499人</p>"
170,临床数据分析,麦歌算法,21-30K,"<p>杭州 滨江区 浦沿<em class=""vline""></em>3-5年<em class=""vline""></em>本科</p>","<p>医疗健康<em class=""vline""></em>A轮<em class=""vline""></em>20-99人</p>"
171,资深数据分析师,蚂蚁金服,25-45K,"<p>杭州 西湖区 西溪<em class=""vline""></em>3-5年<em class=""vline""></em>大专</p>","<p>互联网<em class=""vline""></em>C轮<em class=""vline""></em>10000人以上</p>"
172,数据分析师,支付宝,20-40K,"<p>杭州 西湖区 古荡<em class=""vline""></em>3-5年<em class=""vline""></em>本科</p>","<p>移动互联网<em class=""vline""></em>B轮<em class=""vline""></em>10000人以上</p>"
173,数据分析师,杭州中奥科技有限公司,8-15K,"<p>杭州 下城区 朝晖<em class=""vline""></em>1-3年<em class=""vline""></em>本科</p>","<p>计算机软件<em class=""vline""></em>不需要融资<em class=""vline""></em>100-499人</p>"
174,数据分析专家,51信用卡管家,15-30K,"<p>杭州 西湖区 西溪<em class=""vline""></em>3-5年<em class=""vline""></em>本科</p>","<p>移动互联网<em class=""vline""></em>已上市<em class=""vline""></em>1000-9999人</p>"
175,数据分析师,溪鸟物流科技,10-15K·16薪,"<p>杭州 西湖区 西溪<em class=""vline""></em>1-3年<em class=""vline""></em>本科</p>","<p>互联网<em class=""vline""></em>不需要融资<em class=""vline""></em>100-499人</p>"
176,数据分析师,钱粒科技,10-15K·15薪,"<p>杭州 西湖区 西溪<em class=""vline""></em>1-3年<em class=""vline""></em>本科</p>","<p>互联网金融<em class=""vline""></em>A轮<em class=""vline""></em>100-499人</p>"
177,数据分析师,杭州端点,15-30K,"<p>杭州 西湖区 转塘<em class=""vline""></em>3-5年<em class=""vline""></em>本科</p>","<p>互联网<em class=""vline""></em>不需要融资<em class=""vline""></em>100-499人</p>"
178,数据分析（电商）,拉夏贝尔,6-10K,"<p>杭州  <em class=""vline""></em>1-3年<em class=""vline""></em>大专</p>","<p>服装/纺织/皮革<em class=""vline""></em>已上市<em class=""vline""></em>10000人以上</p>"
179,高级数据分析工程师（数据仓库工程师）,城云科技,17-25K,"<p>杭州 西湖区 黄龙<em class=""vline""></em>5-10年<em class=""vline""></em>大专</p>","<p>互联网<em class=""vline""></em>C轮<em class=""vline""></em>500-999人</p>"
180,数据分析实习生,米奥兰特会展,2-4K,"<p>杭州  <em class=""vline""></em>经验不限<em class=""vline""></em>本科</p>","<p>广告/公关/会展<em class=""vline""></em>已上市<em class=""vline""></em>500-999人</p>"
181,数据分析专员,拾花社,5-8K,"<p>杭州 滨江区 长河<em class=""vline""></em>经验不限<em class=""vline""></em>本科</p>","<p>电子商务<em class=""vline""></em>未融资<em class=""vline""></em>20-99人</p>"
182,数据分析/算法工程师,华为,16-30K,"<p>杭州 滨江区 长河<em class=""vline""></em>3-5年<em class=""vline""></em>本科</p>","<p>计算机软件<em class=""vline""></em>不需要融资<em class=""vline""></em>10000人以上</p>"
183,数据分析师,垂衣,10-20K,"<p>杭州 滨江区 长河<em class=""vline""></em>1-3年<em class=""vline""></em>本科</p>","<p>电子商务<em class=""vline""></em>A轮<em class=""vline""></em>100-499人</p>"
184,数据分析专家,多准数据,25-50K,"<p>杭州 西湖区 西溪<em class=""vline""></em>1-3年<em class=""vline""></em>本科</p>","<p>数据服务<em class=""vline""></em>A轮<em class=""vline""></em>20-99人</p>"
185,数据分析专员,中通云仓,8-12K,"<p>杭州 余杭区 仓前<em class=""vline""></em>3-5年<em class=""vline""></em>大专</p>","<p>物流/仓储<em class=""vline""></em>未融资<em class=""vline""></em>100-499人</p>"
186,数据分析师,滴滴,20-35K,"<p>杭州 余杭区 西溪<em class=""vline""></em>3-5年<em class=""vline""></em>本科</p>","<p>移动互联网<em class=""vline""></em>D轮及以上<em class=""vline""></em>1000-9999人</p>"
187,数据分析专家,校宝在线,18-35K,"<p>杭州 西湖区 文三<em class=""vline""></em>5-10年<em class=""vline""></em>本科</p>","<p>互联网<em class=""vline""></em>C轮<em class=""vline""></em>500-999人</p>"
188,数据分析师,橙鹰,10-15K,"<p>杭州 余杭区 仓前<em class=""vline""></em>经验不限<em class=""vline""></em>本科</p>","<p>数据服务<em class=""vline""></em>不需要融资<em class=""vline""></em>100-499人</p>"
189,数据分析工程师,蚂蚁金服,20-35K,"<p>杭州 西湖区 西溪<em class=""vline""></em>3-5年<em class=""vline""></em>本科</p>","<p>互联网<em class=""vline""></em>C轮<em class=""vline""></em>10000人以上</p>"
190,高级数据分析师,二维火,13-26K·13薪,"<p>杭州 拱墅区 小河<em class=""vline""></em>1-3年<em class=""vline""></em>学历不限</p>","<p>互联网<em class=""vline""></em>B轮<em class=""vline""></em>500-999人</p>"
191,数据分析师,浙江珂楹,6-10K,"<p>杭州 余杭区 乔司<em class=""vline""></em>1-3年<em class=""vline""></em>本科</p>","<p>服装/纺织/皮革<em class=""vline""></em>不需要融资<em class=""vline""></em>1000-9999人</p>"
192,数据分析师,顾家集团,8-12K,"<p>杭州 江干区 火车东站<em class=""vline""></em>1-3年<em class=""vline""></em>本科</p>","<p>其他行业<em class=""vline""></em>已上市<em class=""vline""></em>10000人以上</p>"
193,高级数据分析,格家网络,12-18K,"<p>杭州 西湖区 古荡<em class=""vline""></em>3-5年<em class=""vline""></em>本科</p>","<p>电子商务<em class=""vline""></em>C轮<em class=""vline""></em>1000-9999人</p>"
194,数据分析师,第六空间,7-11K,"<p>杭州  <em class=""vline""></em>1-3年<em class=""vline""></em>本科</p>","<p>生活服务<em class=""vline""></em>不需要融资<em class=""vline""></em>1000-9999人</p>"
195,数据分析师,浙江天鹂科技网络,15-20K,"<p>杭州 西湖区 西溪<em class=""vline""></em>3-5年<em class=""vline""></em>本科</p>","<p>互联网<em class=""vline""></em>不需要融资<em class=""vline""></em>100-499人</p>"
196,数据分析师,百e国际,5-6K·16薪,"<p>杭州 江干区 下沙<em class=""vline""></em>1年以内<em class=""vline""></em>本科</p>","<p>移动互联网<em class=""vline""></em>不需要融资<em class=""vline""></em>500-999人</p>"
197,高级数据分析师,大搜车,12-24K,"<p>杭州  <em class=""vline""></em>3-5年<em class=""vline""></em>本科</p>","<p>互联网<em class=""vline""></em>D轮及以上<em class=""vline""></em>1000-9999人</p>"
198,数据分析工程师,吉利集团,15-30K,"<p>杭州  <em class=""vline""></em>5-10年<em class=""vline""></em>本科</p>","<p>汽车生产<em class=""vline""></em>已上市<em class=""vline""></em>10000人以上</p>"
199,数据分析师,蚂蚁金服,25-50K,"<p>杭州 西湖区 西溪<em class=""vline""></em>3-5年<em class=""vline""></em>本科</p>","<p>互联网<em class=""vline""></em>C轮<em class=""vline""></em>10000人以上</p>"
200,数据分析,杭州玖广服饰有限公司,5-8K,"<p>杭州 江干区 下沙<em class=""vline""></em>1-3年<em class=""vline""></em>大专</p>","<p>电子商务<em class=""vline""></em>不需要融资<em class=""vline""></em>20-99人</p>"
201,数据分析师（P6-P7）,蚂蚁金服,20-40K,"<p>杭州 西湖区 西溪<em class=""vline""></em>5-10年<em class=""vline""></em>学历不限</p>","<p>互联网<em class=""vline""></em>C轮<em class=""vline""></em>10000人以上</p>"
202,数据分析,秀哲服饰,3-6K,"<p>杭州 余杭区 乔司<em class=""vline""></em>经验不限<em class=""vline""></em>学历不限</p>","<p>生活服务<em class=""vline""></em>不需要融资<em class=""vline""></em>100-499人</p>"
203,数据分析师,蚂蚁金服,15-30K,"<p>杭州 西湖区 古荡<em class=""vline""></em>1年以内<em class=""vline""></em>硕士</p>","<p>互联网<em class=""vline""></em>C轮<em class=""vline""></em>10000人以上</p>"
204,数据分析师,学海教育,12-20K,"<p>杭州 余杭区 西溪<em class=""vline""></em>3-5年<em class=""vline""></em>本科</p>","<p>计算机软件<em class=""vline""></em>不需要融资<em class=""vline""></em>500-999人</p>"
205,数据分析工程师,壹向 ,12-24K,"<p>杭州  <em class=""vline""></em>3-5年<em class=""vline""></em>本科</p>","<p>互联网<em class=""vline""></em>不需要融资<em class=""vline""></em>100-499人</p>"
206,数据分析师,支付宝,25-35K,"<p>杭州 西湖区 西溪<em class=""vline""></em>3-5年<em class=""vline""></em>本科</p>","<p>移动互联网<em class=""vline""></em>B轮<em class=""vline""></em>10000人以上</p>"
207,数据分析负责人（杭州）,Fordeal,30-50K,"<p>杭州 西湖区 黄龙<em class=""vline""></em>5-10年<em class=""vline""></em>本科</p>","<p>电子商务<em class=""vline""></em>C轮<em class=""vline""></em>500-999人</p>"
208,数据分析师,浙江执御,7-12K,"<p>杭州 拱墅区 万达广场<em class=""vline""></em>1-3年<em class=""vline""></em>本科</p>","<p>移动互联网<em class=""vline""></em>C轮<em class=""vline""></em>1000-9999人</p>"
209,数据分析专家,蚂蚁金服,25-45K,"<p>杭州 西湖区 西溪<em class=""vline""></em>5-10年<em class=""vline""></em>本科</p>","<p>互联网<em class=""vline""></em>C轮<em class=""vline""></em>10000人以上</p>"
210,"数据分析师（KPI,财务方向）JD",新康众集团,20-40K,"<p>杭州 余杭区 仓前<em class=""vline""></em>5-10年<em class=""vline""></em>本科</p>","<p>新零售<em class=""vline""></em>不需要融资<em class=""vline""></em>1000-9999人</p>"
211,数据分析,爱唯,6-10K,"<p>杭州 下城区 北景园<em class=""vline""></em>1-3年<em class=""vline""></em>大专</p>","<p>其他行业<em class=""vline""></em>未融资<em class=""vline""></em>1000-9999人</p>"
212,数据分析师（供应链方向）JD,新康众集团,20-40K,"<p>杭州 余杭区 仓前<em class=""vline""></em>5-10年<em class=""vline""></em>本科</p>","<p>新零售<em class=""vline""></em>不需要融资<em class=""vline""></em>1000-9999人</p>"
213,数据分析员,心众合,5-6K,"<p>杭州 余杭区 东湖<em class=""vline""></em>经验不限<em class=""vline""></em>大专</p>","<p>房地产开发<em class=""vline""></em>不需要融资<em class=""vline""></em>0-20人</p>"
214,数据分析专家,滴滴出行,20-40K,"<p>杭州 余杭区 西溪<em class=""vline""></em>3-5年<em class=""vline""></em>本科</p>","<p>移动互联网<em class=""vline""></em>D轮及以上<em class=""vline""></em>1000-9999人</p>"
215,数据分析师,美创科技,8-16K,"<p>杭州 拱墅区 古墩路<em class=""vline""></em>3-5年<em class=""vline""></em>本科</p>","<p>信息安全<em class=""vline""></em>C轮<em class=""vline""></em>100-499人</p>"
216,数据分析师,橙鹰,15-30K,"<p>杭州 余杭区 仓前<em class=""vline""></em>1-3年<em class=""vline""></em>本科</p>","<p>数据服务<em class=""vline""></em>不需要融资<em class=""vline""></em>100-499人</p>"
217,资深数据分析师,浙江执御,15-30K,"<p>杭州 拱墅区 万达广场<em class=""vline""></em>3-5年<em class=""vline""></em>本科</p>","<p>移动互联网<em class=""vline""></em>C轮<em class=""vline""></em>1000-9999人</p>"
218,数据分析工程师,中房信息科技,10-15K,"<p>杭州 下城区 朝晖<em class=""vline""></em>经验不限<em class=""vline""></em>本科</p>","<p>计算机软件<em class=""vline""></em>未融资<em class=""vline""></em>100-499人</p>"
219,数据分析师,大藤科技,8-12K,"<p>杭州 余杭区 仓前<em class=""vline""></em>经验不限<em class=""vline""></em>本科</p>","<p>智能硬件<em class=""vline""></em>未融资<em class=""vline""></em>0-20人</p>"
220,电商数据分析主管,助创科技,9-16K,"<p>杭州 西湖区 古墩路<em class=""vline""></em>1年以内<em class=""vline""></em>本科</p>","<p>电子商务<em class=""vline""></em>不需要融资<em class=""vline""></em>20-99人</p>"
221,数据分析,天阙,10-20K,"<p>杭州  <em class=""vline""></em>3-5年<em class=""vline""></em>本科</p>","<p>互联网<em class=""vline""></em>未融资<em class=""vline""></em>500-999人</p>"
222,资深数据分析师,阿里巴巴集团,15-30K,"<p>杭州 余杭区 仓前<em class=""vline""></em>3-5年<em class=""vline""></em>本科</p>","<p>互联网<em class=""vline""></em>不需要融资<em class=""vline""></em>10000人以上</p>"
223,数据分析专家,百e国际,15-30K,"<p>杭州 江干区 下沙<em class=""vline""></em>5-10年<em class=""vline""></em>本科</p>","<p>移动互联网<em class=""vline""></em>不需要融资<em class=""vline""></em>500-999人</p>"
224,数据分析师,慧享科技,10-15K,"<p>杭州 西湖区 西溪<em class=""vline""></em>经验不限<em class=""vline""></em>本科</p>","<p>计算机软件<em class=""vline""></em>未融资<em class=""vline""></em>20-99人</p>"
225,数据分析,锋芒易商,10-20K,"<p>杭州  <em class=""vline""></em>3-5年<em class=""vline""></em>本科</p>","<p>移动互联网<em class=""vline""></em>A轮<em class=""vline""></em>20-99人</p>"
226,商业数据分析,锋芒易商,12-20K,"<p>杭州  <em class=""vline""></em>3-5年<em class=""vline""></em>本科</p>","<p>移动互联网<em class=""vline""></em>A轮<em class=""vline""></em>20-99人</p>"
227,高级数据分析师,慧享科技,15-25K,"<p>杭州 西湖区 西溪<em class=""vline""></em>3-5年<em class=""vline""></em>本科</p>","<p>计算机软件<em class=""vline""></em>未融资<em class=""vline""></em>20-99人</p>"
228,电商数据分析经理/主管,辰月,15-20K,"<p>杭州 江干区 白杨<em class=""vline""></em>3-5年<em class=""vline""></em>本科</p>","<p>电子商务<em class=""vline""></em>100-499人</p>"
229,资深数据分析师,蚂蚁金服,11-22K,"<p>杭州 西湖区 西溪<em class=""vline""></em>3-5年<em class=""vline""></em>本科</p>","<p>互联网<em class=""vline""></em>C轮<em class=""vline""></em>10000人以上</p>"
230,数据分析高P职位,菜鸟网络,30-60K,"<p>杭州 西湖区 西溪<em class=""vline""></em>5-10年<em class=""vline""></em>硕士</p>","<p>互联网<em class=""vline""></em>B轮<em class=""vline""></em>1000-9999人</p>"
231,数据分析师,蚂蚁金服,15-30K,"<p>杭州 西湖区 古荡<em class=""vline""></em>1-3年<em class=""vline""></em>硕士</p>","<p>互联网<em class=""vline""></em>C轮<em class=""vline""></em>10000人以上</p>"
232,电商数据分析,拉夏贝尔,6-8K,"<p>杭州 江干区 白杨<em class=""vline""></em>1-3年<em class=""vline""></em>大专</p>","<p>服装/纺织/皮革<em class=""vline""></em>已上市<em class=""vline""></em>10000人以上</p>"
233,数据分析专员,蚊子会,5-7K,"<p>杭州 余杭区 仓前<em class=""vline""></em>1-3年<em class=""vline""></em>本科</p>","<p>互联网<em class=""vline""></em>不需要融资<em class=""vline""></em>100-499人</p>"
234,数据分析师,蚂蚁金服,20-40K,"<p>杭州 西湖区 西溪<em class=""vline""></em>1-3年<em class=""vline""></em>本科</p>","<p>互联网<em class=""vline""></em>C轮<em class=""vline""></em>10000人以上</p>"
235,测试开发/Java开发/算法/数据分析实习生,阿里巴巴集团,15-25K,"<p>杭州 余杭区 仓前<em class=""vline""></em>应届生<em class=""vline""></em>本科</p>","<p>互联网<em class=""vline""></em>不需要融资<em class=""vline""></em>10000人以上</p>"
236,数据分析师,大搜车,15-30K,"<p>杭州  <em class=""vline""></em>3-5年<em class=""vline""></em>本科</p>","<p>互联网<em class=""vline""></em>D轮及以上<em class=""vline""></em>1000-9999人</p>"
237,商业数据分析师,大猷科技,8-9K,"<p>杭州 拱墅区 古墩路<em class=""vline""></em>经验不限<em class=""vline""></em>硕士</p>","<p>互联网<em class=""vline""></em>天使轮<em class=""vline""></em>20-99人</p>"
238,数据分析,网易,25-50K·20薪,"<p>杭州 滨江区 长河<em class=""vline""></em>5-10年<em class=""vline""></em>本科</p>","<p>移动互联网<em class=""vline""></em>已上市<em class=""vline""></em>10000人以上</p>"
239,数据分析师,易云科技,15-30K,"<p>杭州 滨江区 长河<em class=""vline""></em>3-5年<em class=""vline""></em>本科</p>","<p>互联网<em class=""vline""></em>未融资<em class=""vline""></em>100-499人</p>"
240,数据分析实习生,潜流科技,4-6K,"<p>杭州 西湖区 文三<em class=""vline""></em>经验不限<em class=""vline""></em>硕士</p>","<p>计算机软件<em class=""vline""></em>不需要融资<em class=""vline""></em>0-20人</p>"
241,数据分析师,杭州御健生物科技,11-20K,"<p>杭州 滨江区 浦沿<em class=""vline""></em>3-5年<em class=""vline""></em>硕士</p>","<p>医疗设备/器械<em class=""vline""></em>20-99人</p>"
242,高级数据分析师,申通快递,20-35K,"<p>杭州 西湖区 黄龙<em class=""vline""></em>3-5年<em class=""vline""></em>本科</p>","<p>物流/仓储<em class=""vline""></em>不需要融资<em class=""vline""></em>10000人以上</p>"
243,数据分析师,滴滴出行,15-25K,"<p>杭州 西湖区 西溪<em class=""vline""></em>3-5年<em class=""vline""></em>硕士</p>","<p>移动互联网<em class=""vline""></em>D轮及以上<em class=""vline""></em>1000-9999人</p>"
244,数据分析师,哲信信息,9-18K,"<p>杭州 西湖区 西溪<em class=""vline""></em>1-3年<em class=""vline""></em>本科</p>","<p>互联网<em class=""vline""></em>已上市<em class=""vline""></em>100-499人</p>"
245,数据分析工程师(Bi),壹算,6-10K,"<p>杭州 西湖区 文教<em class=""vline""></em>1-3年<em class=""vline""></em>本科</p>","<p>互联网<em class=""vline""></em>天使轮<em class=""vline""></em>0-20人</p>"
246,数据分析师,微医集团,10-20K,"<p>杭州 萧山区 北干<em class=""vline""></em>1-3年<em class=""vline""></em>本科</p>","<p>互联网<em class=""vline""></em>D轮及以上<em class=""vline""></em>1000-9999人</p>"
247,数据分析师,网易,10-20K,"<p>杭州 滨江区 长河<em class=""vline""></em>3-5年<em class=""vline""></em>本科</p>","<p>移动互联网<em class=""vline""></em>已上市<em class=""vline""></em>10000人以上</p>"
248,数据分析师,浙江步步高,4-6K,"<p>杭州 西湖区 西溪<em class=""vline""></em>1年以内<em class=""vline""></em>高中</p>","<p>批发/零售<em class=""vline""></em>不需要融资<em class=""vline""></em>100-499人</p>"
249,资深数据分析师,蚂蚁金服,20-40K,"<p>杭州 西湖区 古荡<em class=""vline""></em>3-5年<em class=""vline""></em>本科</p>","<p>互联网<em class=""vline""></em>C轮<em class=""vline""></em>10000人以上</p>"
250,数据分析,小黑鱼,35-65K,"<p>杭州 西湖区 西湖<em class=""vline""></em>5-10年<em class=""vline""></em>本科</p>","<p>互联网<em class=""vline""></em>A轮<em class=""vline""></em>500-999人</p>"
251,数据分析师,杭州海康威视,10-18K,"<p>杭州 滨江区 西兴<em class=""vline""></em>1-3年<em class=""vline""></em>本科</p>","<p>计算机软件<em class=""vline""></em>已上市<em class=""vline""></em>10000人以上</p>"
252,数据分析师,网竞科技,8-16K,"<p>杭州 滨江区 浦沿<em class=""vline""></em>1-3年<em class=""vline""></em>本科</p>","<p>移动互联网<em class=""vline""></em>B轮<em class=""vline""></em>100-499人</p>"
253,数据分析师,薪火网络,10-15K,"<p>杭州  <em class=""vline""></em>3-5年<em class=""vline""></em>本科</p>","<p>游戏<em class=""vline""></em>不需要融资<em class=""vline""></em>20-99人</p>"
254,数据分析专家,阿里巴巴集团,20-40K,"<p>杭州 余杭区 仓前<em class=""vline""></em>3-5年<em class=""vline""></em>本科</p>","<p>互联网<em class=""vline""></em>不需要融资<em class=""vline""></em>10000人以上</p>"
255,数据分析师,网商银行,20-30K,"<p>杭州 西湖区 黄龙<em class=""vline""></em>3-5年<em class=""vline""></em>本科</p>","<p>银行<em class=""vline""></em>未融资<em class=""vline""></em>500-999人</p>"
256,数据分析专员,猎数网络,6-11K,"<p>杭州 萧山区 北干<em class=""vline""></em>1-3年<em class=""vline""></em>大专</p>","<p>移动互联网<em class=""vline""></em>20-99人</p>"
257,数据分析专家,阿里巴巴集团,30-50K,"<p>杭州 余杭区 仓前<em class=""vline""></em>3-5年<em class=""vline""></em>本科</p>","<p>互联网<em class=""vline""></em>不需要融资<em class=""vline""></em>10000人以上</p>"
258,互联网数据分析师,首新网络,8-15K,"<p>杭州 余杭区 仓前<em class=""vline""></em>经验不限<em class=""vline""></em>学历不限</p>","<p>计算机软件<em class=""vline""></em>A轮<em class=""vline""></em>20-99人</p>"
259,数据分析师,网易,30-50K,"<p>杭州 滨江区 长河<em class=""vline""></em>3-5年<em class=""vline""></em>本科</p>","<p>移动互联网<em class=""vline""></em>已上市<em class=""vline""></em>10000人以上</p>"
260,初级数据分析师,Smartbill,4-8K,"<p>杭州  <em class=""vline""></em>经验不限<em class=""vline""></em>本科</p>","<p>数据服务<em class=""vline""></em>未融资<em class=""vline""></em>20-99人</p>"
261,数据分析师,杭州助创科技有限公司,12-16K,"<p>杭州 西湖区 三墩<em class=""vline""></em>5-10年<em class=""vline""></em>本科</p>","<p>人力资源服务<em class=""vline""></em>0-20人</p>"
262,初级数据分析师,51公积金管家,5-8K,"<p>杭州 西湖区 西溪<em class=""vline""></em>1-3年<em class=""vline""></em>本科</p>","<p>移动互联网<em class=""vline""></em>B轮<em class=""vline""></em>100-499人</p>"
263,数据分析师,数梦工场,11-22K,"<p>杭州 西湖区 转塘<em class=""vline""></em>1-3年<em class=""vline""></em>大专</p>","<p>数据服务<em class=""vline""></em>A轮<em class=""vline""></em>500-999人</p>"
264,数据分析师,风数机场云,8-15K,"<p>杭州 余杭区 仓前<em class=""vline""></em>1-3年<em class=""vline""></em>本科</p>","<p>数据服务<em class=""vline""></em>A轮<em class=""vline""></em>20-99人</p>"
265,数据分析师,网商银行,18-36K,"<p>杭州 西湖区 古荡<em class=""vline""></em>1-3年<em class=""vline""></em>硕士</p>","<p>银行<em class=""vline""></em>未融资<em class=""vline""></em>500-999人</p>"
266,数据分析师,浙江执御,15-20K,"<p>杭州 拱墅区 万达广场<em class=""vline""></em>3-5年<em class=""vline""></em>本科</p>","<p>移动互联网<em class=""vline""></em>C轮<em class=""vline""></em>1000-9999人</p>"
267,数据分析师,北京诺知,8-15K,"<p>杭州  <em class=""vline""></em>经验不限<em class=""vline""></em>本科</p>","<p>数据服务<em class=""vline""></em>20-99人</p>"
268,数据分析师,橙瓜,12-24K,"<p>杭州 滨江区 浦沿<em class=""vline""></em>3-5年<em class=""vline""></em>本科</p>","<p>互联网<em class=""vline""></em>不需要融资<em class=""vline""></em>20-99人</p>"
269,数据分析师,滴滴,30-50K,"<p>杭州 西湖区 西溪<em class=""vline""></em>3-5年<em class=""vline""></em>本科</p>","<p>移动互联网<em class=""vline""></em>D轮及以上<em class=""vline""></em>1000-9999人</p>"
270,数据分析岗,中通云仓,10-12K,"<p>杭州 余杭区 仓前<em class=""vline""></em>3-5年<em class=""vline""></em>本科</p>","<p>物流/仓储<em class=""vline""></em>未融资<em class=""vline""></em>100-499人</p>"
271,资深数据分析师,网易,15-30K,"<p>杭州 滨江区 长河<em class=""vline""></em>1-3年<em class=""vline""></em>本科</p>","<p>移动互联网<em class=""vline""></em>已上市<em class=""vline""></em>10000人以上</p>"
272,数据分析师（可接受应届生）,世禾科技,5-10K,"<p>杭州 西湖区 西溪<em class=""vline""></em>经验不限<em class=""vline""></em>本科</p>","<p>互联网<em class=""vline""></em>天使轮<em class=""vline""></em>0-20人</p>"
273,数据分析师,顺网科技,8-15K,"<p>杭州 西湖区 西溪<em class=""vline""></em>3-5年<em class=""vline""></em>本科</p>","<p>互联网<em class=""vline""></em>已上市<em class=""vline""></em>1000-9999人</p>"
274,数据分析,安居天下,12-24K,"<p>杭州  <em class=""vline""></em>3-5年<em class=""vline""></em>本科</p>","<p>互联网<em class=""vline""></em>0-20人</p>"
275,数据分析,51信用卡管家,15-25K,"<p>杭州 西湖区 西溪<em class=""vline""></em>3-5年<em class=""vline""></em>本科</p>","<p>移动互联网<em class=""vline""></em>已上市<em class=""vline""></em>1000-9999人</p>"
276,品牌数据分析师,老板电器,10-15K,"<p>杭州 余杭区 临平<em class=""vline""></em>3-5年<em class=""vline""></em>本科</p>","<p>其他行业<em class=""vline""></em>已上市<em class=""vline""></em>1000-9999人</p>"
277,高级数据分析工程师,二维火,10-20K,"<p>杭州 拱墅区 小河<em class=""vline""></em>1-3年<em class=""vline""></em>本科</p>","<p>互联网<em class=""vline""></em>B轮<em class=""vline""></em>500-999人</p>"
278,数据分析师,新常钛,10-20K,"<p>杭州 江干区 景芳<em class=""vline""></em>1-3年<em class=""vline""></em>本科</p>","<p>证券/期货<em class=""vline""></em>不需要融资<em class=""vline""></em>20-99人</p>"
279,数据分析师,杭州朗目达,10-20K,"<p>杭州 江干区 <em class=""vline""></em>经验不限<em class=""vline""></em>本科</p>","<p>互联网<em class=""vline""></em>天使轮<em class=""vline""></em>20-99人</p>"
280,高级数据分析师,网易,20-40K,"<p>杭州 滨江区 长河<em class=""vline""></em>1-3年<em class=""vline""></em>本科</p>","<p>移动互联网<em class=""vline""></em>已上市<em class=""vline""></em>10000人以上</p>"
281,财务数据分析师,浙江纵横新创,8-9K,"<p>杭州 余杭区 仓前<em class=""vline""></em>3-5年<em class=""vline""></em>本科</p>","<p>移动互联网<em class=""vline""></em>A轮<em class=""vline""></em>100-499人</p>"
282,数据分析师,中指讯博,5-7K,"<p>杭州  <em class=""vline""></em>应届生<em class=""vline""></em>本科</p>","<p>数据服务<em class=""vline""></em>已上市<em class=""vline""></em>500-999人</p>"
283,招聘岗位：数据分析专家（VOLTE业务）,武汉绿网,9-18K,"<p>杭州 江干区 四季青<em class=""vline""></em>经验不限<em class=""vline""></em>学历不限</p>","<p>通信/网络设备<em class=""vline""></em>B轮<em class=""vline""></em>100-499人</p>"
284,数据分析专家（LTE及物联网业务）,武汉绿网,9-18K,"<p>杭州 江干区 四季青<em class=""vline""></em>经验不限<em class=""vline""></em>学历不限</p>","<p>通信/网络设备<em class=""vline""></em>B轮<em class=""vline""></em>100-499人</p>"
285,数据分析师,亚厉轩,10-11K,"<p>杭州 余杭区 乔司<em class=""vline""></em>1-3年<em class=""vline""></em>大专</p>","<p>互联网<em class=""vline""></em>100-499人</p>"
286,数据分析专家（固网业务）,武汉绿网,9-18K,"<p>杭州 江干区 四季青<em class=""vline""></em>经验不限<em class=""vline""></em>学历不限</p>","<p>通信/网络设备<em class=""vline""></em>B轮<em class=""vline""></em>100-499人</p>"
287,数据分析岗,众卡运力,4-6K,"<p>杭州  <em class=""vline""></em>1-3年<em class=""vline""></em>大专</p>","<p>物流/仓储<em class=""vline""></em>不需要融资<em class=""vline""></em>100-499人</p>"
288,数据分析师,浙江达摩网络科技...,12-24K,"<p>杭州 西湖区 文三<em class=""vline""></em>3-5年<em class=""vline""></em>硕士</p>","<p>计算机软件<em class=""vline""></em>A轮<em class=""vline""></em>100-499人</p>"
289,数据分析专家,阿里巴巴集团,20-35K,"<p>杭州 西湖区 西溪<em class=""vline""></em>5-10年<em class=""vline""></em>本科</p>","<p>互联网<em class=""vline""></em>不需要融资<em class=""vline""></em>10000人以上</p>"
290,数据分析专员,巨银科技,12-20K,"<p>杭州 西湖区 文二路<em class=""vline""></em>1-3年<em class=""vline""></em>本科</p>","<p>互联网<em class=""vline""></em>未融资<em class=""vline""></em>20-99人</p>"
291,数据分析专员,赛诚服饰,3-5K,"<p>杭州 拱墅区 德胜<em class=""vline""></em>1年以内<em class=""vline""></em>大专</p>","<p>其他行业<em class=""vline""></em>不需要融资<em class=""vline""></em>100-499人</p>"
292,数据分析师,昌禄集团,8-9K,"<p>杭州 江干区 火车东站<em class=""vline""></em>3-5年<em class=""vline""></em>大专</p>","<p>计算机软件<em class=""vline""></em>不需要融资<em class=""vline""></em>100-499人</p>"
293,数据分析总监,日斤科技,25-40K,"<p>杭州 滨江区 长河<em class=""vline""></em>5-10年<em class=""vline""></em>本科</p>","<p>企业服务<em class=""vline""></em>不需要融资<em class=""vline""></em>20-99人</p>"
294,数据分析文员,京信通信(浙江),4-6K,"<p>杭州 拱墅区 湖墅南路<em class=""vline""></em>经验不限<em class=""vline""></em>大专</p>","<p>通信/网络设备<em class=""vline""></em>已上市<em class=""vline""></em>100-499人</p>"
295,数据分析师,日斤科技,20-30K,"<p>杭州 滨江区 长河<em class=""vline""></em>3-5年<em class=""vline""></em>大专</p>","<p>企业服务<em class=""vline""></em>不需要融资<em class=""vline""></em>20-99人</p>"
296,数据分析师,蚂蚁金服,30-50K,"<p>杭州 西湖区 古荡<em class=""vline""></em>3-5年<em class=""vline""></em>本科</p>","<p>互联网<em class=""vline""></em>C轮<em class=""vline""></em>10000人以上</p>"
297,商品数据分析专员,如笑服饰,6-10K,"<p>杭州 拱墅区 古墩路<em class=""vline""></em>1-3年<em class=""vline""></em>大专</p>","<p>贸易/进出口<em class=""vline""></em>不需要融资<em class=""vline""></em>100-499人</p>"
298,数据分析师,菜鸟网络,15-30K,"<p>杭州 西湖区 西溪<em class=""vline""></em>5-10年<em class=""vline""></em>本科</p>","<p>互联网<em class=""vline""></em>B轮<em class=""vline""></em>1000-9999人</p>"
299,数据分析专家,橙鹰,10-20K,"<p>杭州 余杭区 仓前<em class=""vline""></em>3-5年<em class=""vline""></em>本科</p>","<p>数据服务<em class=""vline""></em>不需要融资<em class=""vline""></em>100-499人</p>"
