,岗位名称,公司名称,薪资,岗位信息,公司信息
0,数据分析,建华投递,2-3K,"<p>郑州 金水区 未来路<em class=""vline""></em>1-3年<em class=""vline""></em>大专</p>","<p>物流/仓储<em class=""vline""></em>不需要融资<em class=""vline""></em>500-999人</p>"
1,数据分析,UU跑腿,6-10K,"<p>郑州 金水区 CBD<em class=""vline""></em>1-3年<em class=""vline""></em>本科</p>","<p>移动互联网<em class=""vline""></em>B轮<em class=""vline""></em>100-499人</p>"
2,数据分析,UU跑腿,6-10K,"<p>郑州 金水区 CBD<em class=""vline""></em>1-3年<em class=""vline""></em>本科</p>","<p>互联网<em class=""vline""></em>B轮<em class=""vline""></em>100-499人</p>"
3,数据分析,少林延鲁武术学校,3-6K,"<p>郑州  <em class=""vline""></em>经验不限<em class=""vline""></em>学历不限</p>","<p>培训机构<em class=""vline""></em>未融资<em class=""vline""></em>10000人以上</p>"
4,数据分析,通冠集团,3-4K,"<p>郑州  <em class=""vline""></em>1-3年<em class=""vline""></em>大专</p>","<p>机械设备/机电/重工<em class=""vline""></em>500-999人</p>"
5,数据分析师,中原消费金融,25-40K,"<p>郑州 管城回族区 郑州东站<em class=""vline""></em>3-5年<em class=""vline""></em>本科</p>","<p>互联网金融<em class=""vline""></em>不需要融资<em class=""vline""></em>100-499人</p>"
6,数据分析师,思域文化,5-9K,"<p>郑州 金水区 省电视台<em class=""vline""></em>1-3年<em class=""vline""></em>本科</p>","<p>广告/公关/会展<em class=""vline""></em>不需要融资<em class=""vline""></em>20-99人</p>"
7,电商数据分析师,吉客印,8-12K,"<p>郑州 中原区 西环路<em class=""vline""></em>3-5年<em class=""vline""></em>本科</p>","<p>电子商务<em class=""vline""></em>已上市<em class=""vline""></em>500-999人</p>"
8,数据分析讲师,美中硅谷,5-6K,"<p>郑州 中原区 西环路<em class=""vline""></em>1年以内<em class=""vline""></em>本科</p>","<p>数据服务<em class=""vline""></em>20-99人</p>"
9,数据分析师,郑州奥略,3-6K,"<p>郑州 金水区 丰产路<em class=""vline""></em>经验不限<em class=""vline""></em>本科</p>","<p>广告营销<em class=""vline""></em>未融资<em class=""vline""></em>0-20人</p>"
10,数据分析,河南华文,4-6K,"<p>郑州 中原区 五龙口<em class=""vline""></em>经验不限<em class=""vline""></em>本科</p>","<p>电子商务<em class=""vline""></em>不需要融资<em class=""vline""></em>20-99人</p>"
11,数据分析师,鑫福盛环保有限公司,2-4K,"<p>郑州 金水区 东风路<em class=""vline""></em>经验不限<em class=""vline""></em>大专</p>","<p>环保<em class=""vline""></em>未融资<em class=""vline""></em>20-99人</p>"
12,数据分析师,领跑国际,4-8K,"<p>郑州 管城回族区 紫荆山<em class=""vline""></em>1年以内<em class=""vline""></em>本科</p>","<p>旅游<em class=""vline""></em>不需要融资<em class=""vline""></em>100-499人</p>"
13,实习数据分析师,聚融优合汽车服务,4-5K,"<p>郑州 金水区 龙子湖<em class=""vline""></em>1年以内<em class=""vline""></em>本科</p>","<p>汽车生产<em class=""vline""></em>A轮<em class=""vline""></em>500-999人</p>"
14,数据分析工程师,罗沟电子,10-15K,"<p>郑州 二七区 大学路<em class=""vline""></em>应届生<em class=""vline""></em>大专</p>","<p>计算机软件<em class=""vline""></em>100-499人</p>"
15,数据分析师,郑州旭林,7-12K,"<p>郑州 金水区 文化路<em class=""vline""></em>1年以内<em class=""vline""></em>本科</p>","<p>计算机软件<em class=""vline""></em>未融资<em class=""vline""></em>0-20人</p>"
16,商品专员/商品助理/货品数据分析,高蒂服饰,3-7K,"<p>郑州 二七区 航海中路<em class=""vline""></em>经验不限<em class=""vline""></em>大专</p>","<p>服装/纺织/皮革<em class=""vline""></em>未融资<em class=""vline""></em>500-999人</p>"
17,数据分析师,戎易商智,3-6K,"<p>郑州 金水区 东风路<em class=""vline""></em>1-3年<em class=""vline""></em>大专</p>","<p>计算机软件<em class=""vline""></em>未融资<em class=""vline""></em>20-99人</p>"
18,数据分析师,宾果雅通,5-8K,"<p>郑州 金水区 祭城<em class=""vline""></em>3-5年<em class=""vline""></em>本科</p>","<p>互联网<em class=""vline""></em>不需要融资<em class=""vline""></em>20-99人</p>"
19,助理数据分析师,宾果雅通,3-5K,"<p>郑州 金水区 祭城<em class=""vline""></em>应届生<em class=""vline""></em>本科</p>","<p>互联网<em class=""vline""></em>不需要融资<em class=""vline""></em>20-99人</p>"
20,足球数据分析师,动量科技,3-5K,"<p>郑州 金水区 CBD<em class=""vline""></em>1-3年<em class=""vline""></em>本科</p>","<p>移动互联网<em class=""vline""></em>A轮<em class=""vline""></em>20-99人</p>"
21,数据分析师,OYO,8-15K,"<p>郑州 金水区 人民路<em class=""vline""></em>3-5年<em class=""vline""></em>本科</p>","<p>酒店<em class=""vline""></em>D轮及以上<em class=""vline""></em>1000-9999人</p>"
22,数据分析工程师,完美校园,8-11K·14薪,"<p>郑州  <em class=""vline""></em>1-3年<em class=""vline""></em>本科</p>","<p>移动互联网<em class=""vline""></em>A轮<em class=""vline""></em>100-499人</p>"
23,数据分析专员,锐之旗,5-10K,"<p>郑州 管城回族区 郑州东站<em class=""vline""></em>1年以内<em class=""vline""></em>大专</p>","<p>互联网<em class=""vline""></em>未融资<em class=""vline""></em>1000-9999人</p>"
24,英文数据分析,美国美联国际,3-5K,"<p>郑州 金水区 丰产路<em class=""vline""></em>经验不限<em class=""vline""></em>学历不限</p>","<p>旅游<em class=""vline""></em>不需要融资<em class=""vline""></em>100-499人</p>"
25,数据分析师,易玖生态,7-12K,"<p>郑州 中原区 中原万达<em class=""vline""></em>3-5年<em class=""vline""></em>硕士</p>","<p>环保<em class=""vline""></em>未融资<em class=""vline""></em>20-99人</p>"
26,数据分析及报告编写,蓝飞环保,3-5K,"<p>郑州 管城回族区 未来路<em class=""vline""></em>1-3年<em class=""vline""></em>大专</p>","<p>环保<em class=""vline""></em>20-99人</p>"
27,数据分析师,景祥服饰,3-6K,"<p>郑州 管城回族区 商城路<em class=""vline""></em>1-3年<em class=""vline""></em>中专/中技</p>","<p>新零售<em class=""vline""></em>不需要融资<em class=""vline""></em>100-499人</p>"
28,数据分析师,易玖生态,8-12K,"<p>郑州 中原区 中原万达<em class=""vline""></em>3-5年<em class=""vline""></em>本科</p>","<p>环保<em class=""vline""></em>未融资<em class=""vline""></em>20-99人</p>"
29,助理数据分析师,佰聆数据,2-3K,"<p>郑州  <em class=""vline""></em>应届生<em class=""vline""></em>本科</p>","<p>数据服务<em class=""vline""></em>已上市<em class=""vline""></em>100-499人</p>"
30,数据分析可视化教师/兼职,热爱教育,4-6K,"<p>郑州 金水区 CBD<em class=""vline""></em>经验不限<em class=""vline""></em>大专</p>","<p>培训机构<em class=""vline""></em>20-99人</p>"
31,数据分析师,佰聆数据,6-10K,"<p>郑州  <em class=""vline""></em>1-3年<em class=""vline""></em>本科</p>","<p>数据服务<em class=""vline""></em>已上市<em class=""vline""></em>100-499人</p>"
32,数据分析员,中科广通,3-4K,"<p>郑州 金水区 东风路<em class=""vline""></em>经验不限<em class=""vline""></em>大专</p>","<p>交通/运输<em class=""vline""></em>不需要融资<em class=""vline""></em>100-499人</p>"
33,助理数据分析师（实习）,佰聆数据,2-3K,"<p>郑州  <em class=""vline""></em>经验不限<em class=""vline""></em>本科</p>","<p>数据服务<em class=""vline""></em>已上市<em class=""vline""></em>100-499人</p>"
34,数据分析师实习生,亿信联,2-3K,"<p>郑州 金水区 CBD<em class=""vline""></em>应届生<em class=""vline""></em>本科</p>","<p>数据服务<em class=""vline""></em>20-99人</p>"
35,女装数据分析员,上海芊辰,4-5K,"<p>郑州 管城回族区 紫荆山<em class=""vline""></em>1-3年<em class=""vline""></em>中专/中技</p>","<p>批发/零售<em class=""vline""></em>20-99人</p>"
36,数据分析师,格德斯通,3-6K,"<p>郑州  <em class=""vline""></em>经验不限<em class=""vline""></em>本科</p>","<p>互联网<em class=""vline""></em>20-99人</p>"
37,民航路地铁口,互连众信,3-4K,"<p>郑州 金水区 未来路<em class=""vline""></em>1年以内<em class=""vline""></em>大专</p>","<p>互联网金融<em class=""vline""></em>C轮<em class=""vline""></em>1000-9999人</p>"
38,舆情方向，产品经理,象聚实业集团,10-15K,"<p>郑州  <em class=""vline""></em>3-5年<em class=""vline""></em>大专</p>","<p>互联网<em class=""vline""></em>A轮<em class=""vline""></em>500-999人</p>"
39,后勤,步沃商贸,3-4K,"<p>郑州 管城回族区 东大街<em class=""vline""></em>应届生<em class=""vline""></em>本科</p>","<p>通信/网络设备<em class=""vline""></em>不需要融资<em class=""vline""></em>1000-9999人</p>"
40,产品经理,很快科技,5-10K,"<p>郑州 金水区 未来路<em class=""vline""></em>经验不限<em class=""vline""></em>学历不限</p>","<p>计算机软件<em class=""vline""></em>不需要融资<em class=""vline""></em>0-20人</p>"
41,文案策划,黛颐兰质集团,4-6K,"<p>郑州 中原区 西环路<em class=""vline""></em>1-3年<em class=""vline""></em>大专</p>","<p>生活服务<em class=""vline""></em>不需要融资<em class=""vline""></em>100-499人</p>"
42,运营助理,双仔服饰,3-4K,"<p>郑州 二七区 万客来<em class=""vline""></em>经验不限<em class=""vline""></em>学历不限</p>","<p>电子商务<em class=""vline""></em>未融资<em class=""vline""></em>100-499人</p>"
43,SAPMM/PP顾问,三全食品,5-10K,"<p>郑州 惠济区 邙山<em class=""vline""></em>3-5年<em class=""vline""></em>大专</p>","<p>物流/仓储<em class=""vline""></em>已上市<em class=""vline""></em>10000人以上</p>"
44,酒店经理,喜多家酒店,4-8K,"<p>郑州 二七区 淮河路<em class=""vline""></em>1-3年<em class=""vline""></em>本科</p>","<p>酒店<em class=""vline""></em>不需要融资<em class=""vline""></em>0-20人</p>"
45,电商运营,华天盛大,5-7K,"<p>郑州 金水区 东风路<em class=""vline""></em>1年以内<em class=""vline""></em>大专</p>","<p>电子商务<em class=""vline""></em>不需要融资<em class=""vline""></em>20-99人</p>"
46,数据产品经理,爱拍,35-40K,"<p>郑州 二七区 京广路<em class=""vline""></em>1年以内<em class=""vline""></em>本科</p>","<p>其他专业服务<em class=""vline""></em>0-20人</p>"
47,文案策划,可馨,5-10K,"<p>郑州 管城回族区 紫荆山<em class=""vline""></em>3-5年<em class=""vline""></em>本科</p>","<p>互联网<em class=""vline""></em>未融资<em class=""vline""></em>0-20人</p>"
48,产品助理,郑州速太电子,4-6K,"<p>郑州 金水区 未来路<em class=""vline""></em>经验不限<em class=""vline""></em>中专/中技</p>","<p>生活服务<em class=""vline""></em>不需要融资<em class=""vline""></em>500-999人</p>"
49,中原银行数据仓库模型分析师,神州数码,10-15K·13薪,"<p>郑州 金水区 龙子湖<em class=""vline""></em>5-10年<em class=""vline""></em>本科</p>","<p>计算机软件<em class=""vline""></em>已上市<em class=""vline""></em>10000人以上</p>"
50,售后工程师,郑州创铭,4-5K,"<p>郑州 金水区 科技市场<em class=""vline""></em>1年以内<em class=""vline""></em>大专</p>","<p>计算机软件<em class=""vline""></em>不需要融资<em class=""vline""></em>0-20人</p>"
51,用户运营,郑州创铭,5-7K,"<p>郑州 金水区 东风路<em class=""vline""></em>1年以内<em class=""vline""></em>大专</p>","<p>计算机软件<em class=""vline""></em>不需要融资<em class=""vline""></em>0-20人</p>"
52,竞价专员,绿探能源科技,3-4K,"<p>郑州 二七区 大学路<em class=""vline""></em>1-3年<em class=""vline""></em>大专</p>","<p>新能源<em class=""vline""></em>天使轮<em class=""vline""></em>20-99人</p>"
53,市场推广,河南幼教,8-10K,"<p>郑州 管城回族区 紫荆山<em class=""vline""></em>1年以内<em class=""vline""></em>本科</p>","<p>在线教育<em class=""vline""></em>未融资<em class=""vline""></em>100-499人</p>"
54,短视频直播推广,川亚传媒,5-6K,"<p>郑州  <em class=""vline""></em>经验不限<em class=""vline""></em>高中</p>","<p>人力资源服务<em class=""vline""></em>天使轮<em class=""vline""></em>20-99人</p>"
55,产品运营,邀拍传媒,3-5K,"<p>郑州 金水区 东风路<em class=""vline""></em>1年以内<em class=""vline""></em>本科</p>","<p>O2O<em class=""vline""></em>天使轮<em class=""vline""></em>100-499人</p>"
56,文案,黛颐兰质集团,5-6K,"<p>郑州 中原区 西环路<em class=""vline""></em>3-5年<em class=""vline""></em>大专</p>","<p>生活服务<em class=""vline""></em>不需要融资<em class=""vline""></em>100-499人</p>"
57,助理,和美嘉,3-4K,"<p>郑州 管城回族区 东建材<em class=""vline""></em>1年以内<em class=""vline""></em>大专</p>","<p>贸易/进出口<em class=""vline""></em>不需要融资<em class=""vline""></em>100-499人</p>"
58,大数据开发工程师,宇信科技,8-13K,"<p>郑州 金水区 祭城<em class=""vline""></em>3-5年<em class=""vline""></em>本科</p>","<p>计算机软件<em class=""vline""></em>已上市<em class=""vline""></em>1000-9999人</p>"
59,商家运营,河南易地推,4-8K,"<p>郑州 金水区 金水路<em class=""vline""></em>经验不限<em class=""vline""></em>大专</p>","<p>移动互联网<em class=""vline""></em>不需要融资<em class=""vline""></em>20-99人</p>"
60,采购经理,澳必福,15-30K,"<p>郑州 中牟县 <em class=""vline""></em>3-5年<em class=""vline""></em>本科</p>","<p>贸易/进出口<em class=""vline""></em>不需要融资<em class=""vline""></em>0-20人</p>"
61,教育咨询师,河南新迈迪实业,4-8K,"<p>郑州 管城回族区 航海东路<em class=""vline""></em>应届生<em class=""vline""></em>学历不限</p>","<p>培训机构<em class=""vline""></em>未融资<em class=""vline""></em>100-499人</p>"
62,销售助理,网势传媒广告,3-4K,"<p>郑州 二七区 万客来<em class=""vline""></em>1年以内<em class=""vline""></em>中专/中技</p>","<p>广告营销<em class=""vline""></em>不需要融资<em class=""vline""></em>500-999人</p>"
63,采购经理,澳必福,14-25K,"<p>郑州  <em class=""vline""></em>1-3年<em class=""vline""></em>本科</p>","<p>贸易/进出口<em class=""vline""></em>不需要融资<em class=""vline""></em>0-20人</p>"
64,电商运营,爱上家焙,6-8K,"<p>郑州 管城回族区 郑州东站<em class=""vline""></em>3-5年<em class=""vline""></em>本科</p>","<p>食品/饮料/烟酒<em class=""vline""></em>不需要融资<em class=""vline""></em>20-99人</p>"
65,亚马逊运营,欧胜宝,3-8K,"<p>郑州  <em class=""vline""></em>1-3年<em class=""vline""></em>大专</p>","<p>贸易/进出口<em class=""vline""></em>未融资<em class=""vline""></em>20-99人</p>"
66,外贸专员,万拓,2-4K,"<p>郑州 管城回族区 郑汴路<em class=""vline""></em>应届生<em class=""vline""></em>大专</p>","<p>贸易/进出口<em class=""vline""></em>未融资<em class=""vline""></em>0-20人</p>"
67,外贸推广专员,瑞奇特化工,5-10K,"<p>郑州 管城回族区 航海东路<em class=""vline""></em>应届生<em class=""vline""></em>大专</p>","<p>电子商务<em class=""vline""></em>不需要融资<em class=""vline""></em>20-99人</p>"
68,运营助理/专员,卢比亚,3-5K,"<p>郑州  <em class=""vline""></em>1年以内<em class=""vline""></em>大专</p>","<p>电子商务<em class=""vline""></em>20-99人</p>"
69,数据优化师,蓝云科技,4-6K,"<p>郑州 二七区 京广路<em class=""vline""></em>1-3年<em class=""vline""></em>本科</p>","<p>计算机软件<em class=""vline""></em>未融资<em class=""vline""></em>0-20人</p>"
70,市场营销,郑州天坤公司,10-15K,"<p>郑州 金水区 祭城<em class=""vline""></em>经验不限<em class=""vline""></em>高中</p>","<p>在线教育<em class=""vline""></em>未融资<em class=""vline""></em>20-99人</p>"
71,知识产权规划师,弘毅天承郑州,5-8K,"<p>郑州 金水区 丰产路<em class=""vline""></em>1年以内<em class=""vline""></em>本科</p>","<p>企业服务<em class=""vline""></em>不需要融资<em class=""vline""></em>100-499人</p>"
72,电商运营助理,苏菲尔,4-9K,"<p>郑州  <em class=""vline""></em>1-3年<em class=""vline""></em>高中</p>","<p>互联网<em class=""vline""></em>未融资<em class=""vline""></em>0-20人</p>"
73,银行M1催收客服+五险一金,郑州胤之珅,4-8K,"<p>郑州 管城回族区 郑州东站<em class=""vline""></em>经验不限<em class=""vline""></em>大专</p>","<p>生活服务<em class=""vline""></em>20-99人</p>"
74,超市采购经理,壹加壹,4-8K,"<p>郑州 二七区 长江路<em class=""vline""></em>1-3年<em class=""vline""></em>中专/中技</p>","<p>食品/饮料/烟酒<em class=""vline""></em>未融资<em class=""vline""></em>20-99人</p>"
75,银行M1催收客服+三餐,郑州胤之珅,4-8K,"<p>郑州 金水区 CBD<em class=""vline""></em>经验不限<em class=""vline""></em>大专</p>","<p>生活服务<em class=""vline""></em>20-99人</p>"
76,数据产品经理,衣衣不舍环保科技,3-6K,"<p>郑州 中原区 儿童公园<em class=""vline""></em>1年以内<em class=""vline""></em>本科</p>","<p>数据服务<em class=""vline""></em>未融资<em class=""vline""></em>100-499人</p>"
77,电商运营,雷神电商,3-8K,"<p>郑州  <em class=""vline""></em>1年以内<em class=""vline""></em>大专</p>","<p>电子商务<em class=""vline""></em>不需要融资<em class=""vline""></em>0-20人</p>"
78,自媒体 活动运营,伟凡教育,4-8K,"<p>郑州 金水区 姚寨<em class=""vline""></em>1-3年<em class=""vline""></em>大专</p>","<p>培训机构<em class=""vline""></em>不需要融资<em class=""vline""></em>100-499人</p>"
79,电商运营助理,励登文化传播,3-8K,"<p>郑州 金水区 民航路<em class=""vline""></em>1年以内<em class=""vline""></em>大专</p>","<p>移动互联网<em class=""vline""></em>未融资<em class=""vline""></em>0-20人</p>"
80,电话销售主管,苏亚电子科技,4-9K,"<p>郑州 管城回族区 紫荆山<em class=""vline""></em>1-3年<em class=""vline""></em>学历不限</p>","<p>电子商务<em class=""vline""></em>C轮<em class=""vline""></em>100-499人</p>"
81,外贸专员,YOCHO,3-6K,"<p>郑州 管城回族区 二里岗<em class=""vline""></em>1年以内<em class=""vline""></em>本科</p>","<p>电子商务<em class=""vline""></em>20-99人</p>"
82,合伙人服务经理,掌门人学院,4-7K,"<p>郑州 中原区 西环路<em class=""vline""></em>1-3年<em class=""vline""></em>大专</p>","<p>在线教育<em class=""vline""></em>未融资<em class=""vline""></em>20-99人</p>"
83,市场营销,钛玛赫,6-10K,"<p>郑州 管城回族区 郑州东站<em class=""vline""></em>1-3年<em class=""vline""></em>高中</p>","<p>工程施工<em class=""vline""></em>不需要融资<em class=""vline""></em>20-99人</p>"
84,数据标注专员-郑州,中科信利,3-6K·14薪,"<p>郑州  <em class=""vline""></em>经验不限<em class=""vline""></em>大专</p>","<p>计算机软件<em class=""vline""></em>不需要融资<em class=""vline""></em>100-499人</p>"
85,网店运营淘宝运营,购世界,5-8K,"<p>郑州 管城回族区 东大街<em class=""vline""></em>3-5年<em class=""vline""></em>大专</p>","<p>电子商务<em class=""vline""></em>0-20人</p>"
86,美工图文设计,八度商贸,3-6K,"<p>郑州 中牟县 白沙<em class=""vline""></em>经验不限<em class=""vline""></em>学历不限</p>","<p>电子商务<em class=""vline""></em>不需要融资<em class=""vline""></em>20-99人</p>"
87,客服经理,美天支付,5-10K,"<p>郑州 金水区 农业路<em class=""vline""></em>3-5年<em class=""vline""></em>学历不限</p>","<p>电子商务<em class=""vline""></em>未融资<em class=""vline""></em>100-499人</p>"
88,客服主管,亚航科技,4-5K,"<p>郑州 金水区 科技市场<em class=""vline""></em>1年以内<em class=""vline""></em>大专</p>","<p>电子商务<em class=""vline""></em>不需要融资<em class=""vline""></em>0-20人</p>"
89,网络工程师,绿前科创环保,6-7K,"<p>郑州 金水区 CBD<em class=""vline""></em>1年以内<em class=""vline""></em>本科</p>","<p>机械设备/机电/重工<em class=""vline""></em>20-99人</p>"
90,电商运营经理,乐看电影,6-8K,"<p>郑州 金水区 CBD<em class=""vline""></em>1-3年<em class=""vline""></em>大专</p>","<p>广播/影视<em class=""vline""></em>未融资<em class=""vline""></em>20-99人</p>"
91,产品经理,一起牛,8-13K,"<p>郑州 二七区 兴华南街<em class=""vline""></em>5-10年<em class=""vline""></em>大专</p>","<p>互联网<em class=""vline""></em>未融资<em class=""vline""></em>100-499人</p>"
92,数据运营，信息管理，产品运营,郑州盛世金鼎保温耐火,4-6K,"<p>郑州 中原区 中原万达<em class=""vline""></em>经验不限<em class=""vline""></em>大专</p>","<p>贸易/进出口<em class=""vline""></em>未融资<em class=""vline""></em>100-499人</p>"
93,产品经理,美林通,5-10K,"<p>郑州 管城回族区 未来路<em class=""vline""></em>1-3年<em class=""vline""></em>本科</p>","<p>计算机软件<em class=""vline""></em>未融资<em class=""vline""></em>100-499人</p>"
94,外贸专员,凯隆铝业,7-8K,"<p>郑州  <em class=""vline""></em>1年以内<em class=""vline""></em>大专</p>","<p>贸易/进出口<em class=""vline""></em>0-20人</p>"
95,物流专员,郑州肯德基,4-6K,"<p>郑州  <em class=""vline""></em>1年以内<em class=""vline""></em>本科</p>","<p>生活服务<em class=""vline""></em>已上市<em class=""vline""></em>1000-9999人</p>"
96,外贸专员,朗卡机械,4-5K,"<p>郑州  <em class=""vline""></em>经验不限<em class=""vline""></em>大专</p>","<p>贸易/进出口<em class=""vline""></em>未融资<em class=""vline""></em>20-99人</p>"
97,运营,食现餐饮投资管理,6-7K,"<p>郑州 金水区 CBD<em class=""vline""></em>1-3年<em class=""vline""></em>本科</p>","<p>餐饮<em class=""vline""></em>未融资<em class=""vline""></em>0-20人</p>"
98,产品专员,升岳机电设备工程,4-8K,"<p>郑州 金水区 汽配<em class=""vline""></em>经验不限<em class=""vline""></em>学历不限</p>","<p>建材<em class=""vline""></em>A轮<em class=""vline""></em>20-99人</p>"
99,储备干部,饭爷,5-7K,"<p>郑州 金水区 熙地港<em class=""vline""></em>1-3年<em class=""vline""></em>大专</p>","<p>O2O<em class=""vline""></em>20-99人</p>"
100,京东运营,郑州影梦宸商贸有...,4-8K,"<p>郑州 金水区 东风路<em class=""vline""></em>1-3年<em class=""vline""></em>学历不限</p>","<p>电子商务<em class=""vline""></em>不需要融资<em class=""vline""></em>0-20人</p>"
101,大数据讲师,河南新华电脑,4-6K,"<p>郑州 中原区 西流湖<em class=""vline""></em>1-3年<em class=""vline""></em>大专</p>","<p>在线教育<em class=""vline""></em>不需要融资<em class=""vline""></em>100-499人</p>"
102,数据工程师,见闻知行,3-5K,"<p>郑州 二七区 兴华南街<em class=""vline""></em>经验不限<em class=""vline""></em>大专</p>","<p>计算机软件<em class=""vline""></em>未融资<em class=""vline""></em>0-20人</p>"
103,产品经理,艾住吧,8-12K,"<p>郑州 金水区 龙子湖<em class=""vline""></em>1年以内<em class=""vline""></em>本科</p>","<p>互联网<em class=""vline""></em>未融资<em class=""vline""></em>0-20人</p>"
104,餐饮店长,河南大槐树寻根餐...,6-12K,"<p>郑州 金水区 省政府<em class=""vline""></em>3-5年<em class=""vline""></em>本科</p>","<p>餐饮<em class=""vline""></em>未融资<em class=""vline""></em>20-99人</p>"
105,市场专员,尽猎文化传媒,3-4K,"<p>郑州 二七区 航海中路<em class=""vline""></em>1-3年<em class=""vline""></em>学历不限</p>","<p>广告营销<em class=""vline""></em>未融资<em class=""vline""></em>20-99人</p>"
106,助理咨询师,思域文化,5-8K,"<p>郑州 金水区 省电视台<em class=""vline""></em>1年以内<em class=""vline""></em>本科</p>","<p>广告/公关/会展<em class=""vline""></em>不需要融资<em class=""vline""></em>20-99人</p>"
107,网络攻防工程师,河南科来,10-20K,"<p>郑州 金水区 龙子湖<em class=""vline""></em>1年以内<em class=""vline""></em>中专/中技</p>","<p>信息安全<em class=""vline""></em>不需要融资<em class=""vline""></em>20-99人</p>"
108,系统管理员,玖艾科技,4-9K,"<p>郑州 二七区 万客来<em class=""vline""></em>经验不限<em class=""vline""></em>学历不限</p>","<p>互联网<em class=""vline""></em>未融资<em class=""vline""></em>0-20人</p>"
109,运维工程师,华博钢构,4-6K,"<p>郑州 金水区 未来路<em class=""vline""></em>1年以内<em class=""vline""></em>本科</p>","<p>工程施工<em class=""vline""></em>未融资<em class=""vline""></em>20-99人</p>"
110,外贸专员,沃客电子,3-5K,"<p>郑州  <em class=""vline""></em>3-5年<em class=""vline""></em>本科</p>","<p>仪器仪表/工业自动化<em class=""vline""></em>天使轮<em class=""vline""></em>100-499人</p>"
111,天猫女装商品分析,香衣丽橱,30-45K,"<p>郑州 二七区 长江路<em class=""vline""></em>1年以内<em class=""vline""></em>大专</p>","<p>电子商务<em class=""vline""></em>未融资<em class=""vline""></em>0-20人</p>"
112,前台咨询,婕琳教育,3-5K,"<p>郑州 二七区 淮河路<em class=""vline""></em>经验不限<em class=""vline""></em>学历不限</p>","<p>培训机构<em class=""vline""></em>不需要融资<em class=""vline""></em>0-20人</p>"
113,产品专员,美泓电子,4-5K,"<p>郑州  <em class=""vline""></em>经验不限<em class=""vline""></em>大专</p>","<p>电子商务<em class=""vline""></em>20-99人</p>"
114,pc软件开发,龙子科技,6-7K,"<p>郑州 金水区 龙子湖<em class=""vline""></em>3-5年<em class=""vline""></em>学历不限</p>","<p>互联网<em class=""vline""></em>未融资<em class=""vline""></em>20-99人</p>"
115,产品经理,河南宇信,7-9K,"<p>郑州 金水区 经三路<em class=""vline""></em>1-3年<em class=""vline""></em>本科</p>","<p>互联网<em class=""vline""></em>不需要融资<em class=""vline""></em>100-499人</p>"
116,大数据总监,金好来超市,6-11K,"<p>郑州 管城回族区 郑州东站<em class=""vline""></em>1-3年<em class=""vline""></em>大专</p>","<p>生活服务<em class=""vline""></em>未融资<em class=""vline""></em>1000-9999人</p>"
117,市场研究项目经理,水馆佳,6-8K,"<p>郑州 管城回族区 航海东路<em class=""vline""></em>3-5年<em class=""vline""></em>大专</p>","<p>咨询<em class=""vline""></em>0-20人</p>"
118,采购经理,英敏科技,4-6K,"<p>郑州 金水区 郑州东站<em class=""vline""></em>1-3年<em class=""vline""></em>本科</p>","<p>通信/网络设备<em class=""vline""></em>20-99人</p>"
119,买手助理,木各门可潮牌店,3-4K,"<p>郑州  <em class=""vline""></em>经验不限<em class=""vline""></em>大专</p>","<p>服装/纺织/皮革<em class=""vline""></em>20-99人</p>"
120,产品经理,比林户外,5-6K,"<p>郑州 惠济区 北大学城<em class=""vline""></em>经验不限<em class=""vline""></em>学历不限</p>","<p>贸易/进出口<em class=""vline""></em>不需要融资<em class=""vline""></em>0-20人</p>"
121,网络技术,河南蓝斯奥,3-4K,"<p>郑州 金水区 CBD<em class=""vline""></em>经验不限<em class=""vline""></em>本科</p>","<p>移动互联网<em class=""vline""></em>20-99人</p>"
122,配送运营站长,美团点评,5-8K,"<p>郑州 金水区 丰产路<em class=""vline""></em>1年以内<em class=""vline""></em>大专</p>","<p>O2O<em class=""vline""></em>已上市<em class=""vline""></em>10000人以上</p>"
123,站长,美团点评,5-8K,"<p>郑州 金水区 丰产路<em class=""vline""></em>1年以内<em class=""vline""></em>大专</p>","<p>O2O<em class=""vline""></em>已上市<em class=""vline""></em>10000人以上</p>"
124,外贸业务助理,华扬铝业,3-4K,"<p>郑州  <em class=""vline""></em>经验不限<em class=""vline""></em>本科</p>","<p>贸易/进出口<em class=""vline""></em>不需要融资<em class=""vline""></em>100-499人</p>"
125,数据挖掘工程师,星火燎原网络科技,3-8K,"<p>郑州 管城回族区 郑州东站<em class=""vline""></em>1年以内<em class=""vline""></em>本科</p>","<p>互联网<em class=""vline""></em>未融资<em class=""vline""></em>20-99人</p>"
126,策划,叮当互动,4-6K,"<p>郑州 二七区 二环支路<em class=""vline""></em>经验不限<em class=""vline""></em>大专</p>","<p>移动互联网<em class=""vline""></em>天使轮<em class=""vline""></em>20-99人</p>"
127,市场专员,古洛原浆酒业,6-8K,"<p>郑州 金水区 姚寨<em class=""vline""></em>3-5年<em class=""vline""></em>大专</p>","<p>食品/饮料/烟酒<em class=""vline""></em>未融资<em class=""vline""></em>20-99人</p>"
128,IT技术支持,官酝,5-6K,"<p>郑州  <em class=""vline""></em>1年以内<em class=""vline""></em>本科</p>","<p>电子商务<em class=""vline""></em>500-999人</p>"
129,自媒体,一木科技,3-6K,"<p>郑州 金水区 东建材<em class=""vline""></em>1年以内<em class=""vline""></em>大专</p>","<p>媒体<em class=""vline""></em>未融资<em class=""vline""></em>20-99人</p>"
130,储备干部/管培生,中鑫手机,3-6K,"<p>郑州 金水区 经三路<em class=""vline""></em>经验不限<em class=""vline""></em>本科</p>","<p>通信/网络设备<em class=""vline""></em>100-499人</p>"
131,技术合伙人,浩扬创品,4-5K,"<p>郑州 金水区 农业路<em class=""vline""></em>1年以内<em class=""vline""></em>高中</p>","<p>互联网<em class=""vline""></em>天使轮<em class=""vline""></em>20-99人</p>"
132,实习生,一木科技,3-6K,"<p>郑州 金水区 东建材<em class=""vline""></em>经验不限<em class=""vline""></em>大专</p>","<p>媒体<em class=""vline""></em>未融资<em class=""vline""></em>20-99人</p>"
133,外贸业务助理,卓辰机械,3-6K,"<p>郑州  <em class=""vline""></em>经验不限<em class=""vline""></em>学历不限</p>","<p>机械设备/机电/重工<em class=""vline""></em>未融资<em class=""vline""></em>0-20人</p>"
134,数据挖掘师,星火燎原网络科技,3-8K,"<p>郑州 管城回族区 郑州东站<em class=""vline""></em>1年以内<em class=""vline""></em>大专</p>","<p>互联网<em class=""vline""></em>未融资<em class=""vline""></em>20-99人</p>"
135,数据挖掘工程师,星火燎原网络科技,3-8K,"<p>郑州 管城回族区 郑州东站<em class=""vline""></em>1年以内<em class=""vline""></em>本科</p>","<p>互联网<em class=""vline""></em>未融资<em class=""vline""></em>20-99人</p>"
136,数据挖掘工程师,星火燎原网络科技,3-8K,"<p>郑州 管城回族区 郑州东站<em class=""vline""></em>应届生<em class=""vline""></em>本科</p>","<p>互联网<em class=""vline""></em>未融资<em class=""vline""></em>20-99人</p>"
137,后期制作,左恩,4-8K,"<p>郑州 管城回族区 紫荆山<em class=""vline""></em>经验不限<em class=""vline""></em>学历不限</p>","<p>婚庆/摄影<em class=""vline""></em>不需要融资<em class=""vline""></em>100-499人</p>"
138,运营,哈啰出行,4-5K,"<p>郑州 金水区 东风路<em class=""vline""></em>1-3年<em class=""vline""></em>本科</p>","<p>互联网<em class=""vline""></em>D轮及以上<em class=""vline""></em>1000-9999人</p>"
139,网络工程师,云通盛视,3-5K,"<p>郑州 管城回族区 二里岗<em class=""vline""></em>1-3年<em class=""vline""></em>大专</p>","<p>电子/半导体/集成电路<em class=""vline""></em>不需要融资<em class=""vline""></em>20-99人</p>"
140,数据产品经理,荣祥,6-7K,"<p>郑州 金水区 东风路<em class=""vline""></em>1年以内<em class=""vline""></em>本科</p>","<p>服装/纺织/皮革<em class=""vline""></em>100-499人</p>"
141,产品经理,赛车场餐厅,4-8K,"<p>郑州 金水区 CBD<em class=""vline""></em>经验不限<em class=""vline""></em>学历不限</p>","<p>餐饮<em class=""vline""></em>0-20人</p>"
142,外贸专员,郑州航广实业有限公司,5-10K,"<p>郑州 二七区 万客来<em class=""vline""></em>1-3年<em class=""vline""></em>本科</p>","<p>贸易/进出口<em class=""vline""></em>0-20人</p>"
143,数据库维护,百宝新媒体,7-8K,"<p>郑州  <em class=""vline""></em>3-5年<em class=""vline""></em>本科</p>","<p>媒体<em class=""vline""></em>B轮<em class=""vline""></em>100-499人</p>"
144,信息化,佰渠商贸,4-8K,"<p>郑州 管城回族区 郑州东站<em class=""vline""></em>经验不限<em class=""vline""></em>学历不限</p>","<p>通信/网络设备<em class=""vline""></em>不需要融资<em class=""vline""></em>20-99人</p>"
145,培训师,行智美教育,4-7K,"<p>郑州 管城回族区 郑州东站<em class=""vline""></em>经验不限<em class=""vline""></em>本科</p>","<p>培训机构<em class=""vline""></em>未融资<em class=""vline""></em>0-20人</p>"
146,招聘外账会计,方圆财务,3-6K,"<p>郑州 金水区 北环路<em class=""vline""></em>1年以内<em class=""vline""></em>大专</p>","<p>财务/审计/税务<em class=""vline""></em>0-20人</p>"
147,网络工程师,蓝卡装饰,6-7K,"<p>郑州 金水区 陈寨<em class=""vline""></em>1年以内<em class=""vline""></em>大专</p>","<p>工程施工<em class=""vline""></em>0-20人</p>"
148,知识产权顾问,商盾知识产权,4-8K,"<p>郑州 金水区 汽配<em class=""vline""></em>1年以内<em class=""vline""></em>大专</p>","<p>企业服务<em class=""vline""></em>未融资<em class=""vline""></em>20-99人</p>"
