,岗位名称,公司名称,薪资,岗位信息,公司信息
0,数据分析师,聚思鸿,5-7K,"<p>重庆 九龙坡区 石桥铺<em class=""vline""></em>1-3年<em class=""vline""></em>大专</p>","<p>企业服务<em class=""vline""></em>已上市<em class=""vline""></em>10000人以上</p>"
1,商业数据分析,新中融,3-5K,"<p>重庆 渝中区 大坪<em class=""vline""></em>1-3年<em class=""vline""></em>大专</p>","<p>互联网金融<em class=""vline""></em>未融资<em class=""vline""></em>20-99人</p>"
2,环保数据分析师,重庆广睿达,4-8K,"<p>重庆  <em class=""vline""></em>1-3年<em class=""vline""></em>大专</p>","<p>互联网<em class=""vline""></em>未融资<em class=""vline""></em>20-99人</p>"
3,数据分析师,播材云,4-8K,"<p>重庆 九龙坡区 石桥铺<em class=""vline""></em>1-3年<em class=""vline""></em>大专</p>","<p>企业服务<em class=""vline""></em>未融资<em class=""vline""></em>20-99人</p>"
4,商品专员数据分析员,阿好坊,3-5K,"<p>重庆 渝北区 龙溪<em class=""vline""></em>应届生<em class=""vline""></em>大专</p>","<p>批发/零售<em class=""vline""></em>未融资<em class=""vline""></em>1000-9999人</p>"
5,数据分析师,双龙数联,7-14K,"<p>重庆 渝北区 两路<em class=""vline""></em>1-3年<em class=""vline""></em>本科</p>","<p>计算机软件<em class=""vline""></em>未融资<em class=""vline""></em>20-99人</p>"
6,数据分析经理,重庆小雨点,25-50K,"<p>重庆 渝北区 龙溪<em class=""vline""></em>5-10年<em class=""vline""></em>本科</p>","<p>互联网<em class=""vline""></em>未融资<em class=""vline""></em>100-499人</p>"
7,数据分析师,重庆小雨点,10-20K,"<p>重庆 渝北区 龙溪<em class=""vline""></em>经验不限<em class=""vline""></em>硕士</p>","<p>互联网<em class=""vline""></em>未融资<em class=""vline""></em>100-499人</p>"
8,SEM竞价推广/数据分析统计,重庆中青旅,3-8K,"<p>重庆  <em class=""vline""></em>1年以内<em class=""vline""></em>大专</p>","<p>其他行业<em class=""vline""></em>已上市<em class=""vline""></em>20-99人</p>"
9,医疗数据分析师,重庆道华科技有限公司,20-25K,"<p>重庆 渝北区 龙溪<em class=""vline""></em>5-10年<em class=""vline""></em>本科</p>","<p>数据服务<em class=""vline""></em>天使轮<em class=""vline""></em>0-20人</p>"
10,数据分析师,启迪国信,15-25K,"<p>重庆 九龙坡区 二郎<em class=""vline""></em>3-5年<em class=""vline""></em>本科</p>","<p>移动互联网<em class=""vline""></em>不需要融资<em class=""vline""></em>500-999人</p>"
11,数据分析师,重庆道华科技有限公司,7-12K,"<p>重庆 渝北区 龙溪<em class=""vline""></em>5-10年<em class=""vline""></em>本科</p>","<p>数据服务<em class=""vline""></em>天使轮<em class=""vline""></em>0-20人</p>"
12,数据分析师（c端）,新氧美容APP,5-10K,"<p>重庆 渝北区 冉家坝<em class=""vline""></em>3-5年<em class=""vline""></em>本科</p>","<p>移动互联网<em class=""vline""></em>C轮<em class=""vline""></em>100-499人</p>"
13,金融数据分析师,茂展科技,4-6K,"<p>重庆 沙坪坝区 大学城<em class=""vline""></em>1年以内<em class=""vline""></em>本科</p>","<p>生活服务<em class=""vline""></em>未融资<em class=""vline""></em>0-20人</p>"
14,数据分析员,重庆新生植发,4-5K,"<p>重庆 九龙坡区 石桥铺<em class=""vline""></em>1-3年<em class=""vline""></em>大专</p>","<p>医疗健康<em class=""vline""></em>不需要融资<em class=""vline""></em>1000-9999人</p>"
15,数据分析师,马上消费金融,10-20K,"<p>重庆  <em class=""vline""></em>3-5年<em class=""vline""></em>本科</p>","<p>互联网金融<em class=""vline""></em>不需要融资<em class=""vline""></em>1000-9999人</p>"
16,高级数据分析师,西西弗书店,12-20K·13薪,"<p>重庆 渝中区 化龙桥<em class=""vline""></em>1-3年<em class=""vline""></em>大专</p>","<p>生活服务<em class=""vline""></em>未融资<em class=""vline""></em>1000-9999人</p>"
17,财务数据分析实施顾问,国测网信,5-10K,"<p>重庆 渝北区 龙溪<em class=""vline""></em>1-3年<em class=""vline""></em>本科</p>","<p>计算机软件<em class=""vline""></em>未融资<em class=""vline""></em>0-20人</p>"
18,人力资源数据分析实施顾问,国测网信,5-10K,"<p>重庆 渝北区 龙溪<em class=""vline""></em>1-3年<em class=""vline""></em>本科</p>","<p>计算机软件<em class=""vline""></em>未融资<em class=""vline""></em>0-20人</p>"
19,商业数据分析,千喜鹤集团,4-6K,"<p>重庆 南岸区 南坪<em class=""vline""></em>1-3年<em class=""vline""></em>本科</p>","<p>生活服务<em class=""vline""></em>不需要融资<em class=""vline""></em>1000-9999人</p>"
20,金融数据分析师,茂展科技,4-6K,"<p>重庆 沙坪坝区 大学城<em class=""vline""></em>经验不限<em class=""vline""></em>本科</p>","<p>生活服务<em class=""vline""></em>未融资<em class=""vline""></em>0-20人</p>"
21,金融数据分析师,茂展科技,3-5K,"<p>重庆 沙坪坝区 大学城<em class=""vline""></em>经验不限<em class=""vline""></em>本科</p>","<p>生活服务<em class=""vline""></em>未融资<em class=""vline""></em>0-20人</p>"
22,数据分析师,佰聆数据,6-12K,"<p>重庆 江北区 五里店<em class=""vline""></em>1-3年<em class=""vline""></em>本科</p>","<p>数据服务<em class=""vline""></em>已上市<em class=""vline""></em>100-499人</p>"
23,数据分析师,汇嘉樾达,5-6K,"<p>重庆 沙坪坝区 大学城<em class=""vline""></em>1年以内<em class=""vline""></em>学历不限</p>","<p>证券/期货<em class=""vline""></em>未融资<em class=""vline""></em>20-99人</p>"
24,数据分析师,茂展科技,4-6K,"<p>重庆 沙坪坝区 大学城<em class=""vline""></em>经验不限<em class=""vline""></em>大专</p>","<p>生活服务<em class=""vline""></em>未融资<em class=""vline""></em>0-20人</p>"
25,会计,亲亲麦,4-6K,"<p>重庆 渝中区 解放碑<em class=""vline""></em>1-3年<em class=""vline""></em>学历不限</p>","<p>批发/零售<em class=""vline""></em>未融资<em class=""vline""></em>0-20人</p>"
26,助理产品经理,田超健康咨询服务,3-6K,"<p>重庆 江北区 观音桥<em class=""vline""></em>1-3年<em class=""vline""></em>大专</p>","<p>咨询<em class=""vline""></em>未融资<em class=""vline""></em>20-99人</p>"
27,运维工程师,神州数码,6-9K,"<p>重庆 渝北区 龙溪<em class=""vline""></em>5-10年<em class=""vline""></em>学历不限</p>","<p>计算机软件<em class=""vline""></em>已上市<em class=""vline""></em>10000人以上</p>"
28,产品经理,轻方式科技,15-30K,"<p>重庆 渝北区 人和<em class=""vline""></em>3-5年<em class=""vline""></em>本科</p>","<p>移动互联网<em class=""vline""></em>不需要融资<em class=""vline""></em>100-499人</p>"
29,网络推广,企强控股集团,8-13K,"<p>重庆 沙坪坝区 小龙坎<em class=""vline""></em>3-5年<em class=""vline""></em>本科</p>","<p>在线教育<em class=""vline""></em>未融资<em class=""vline""></em>100-499人</p>"
30,数据运营,有宝贝母婴,5-6K,"<p>重庆 渝北区 空港新城<em class=""vline""></em>1年以内<em class=""vline""></em>大专</p>","<p>批发/零售<em class=""vline""></em>天使轮<em class=""vline""></em>20-99人</p>"
31,数据统计分析,重庆昂特商贸有限公司,1-3K,"<p>重庆 渝北区 空港新城<em class=""vline""></em>经验不限<em class=""vline""></em>大专</p>","<p>批发/零售<em class=""vline""></em>未融资<em class=""vline""></em>0-20人</p>"
32,电商运营,熙合,6-12K,"<p>重庆 九龙坡区 陈家坪<em class=""vline""></em>经验不限<em class=""vline""></em>学历不限</p>","<p>电子商务<em class=""vline""></em>天使轮<em class=""vline""></em>20-99人</p>"
33,后勤,重庆昂特商贸有限公司,2-3K,"<p>重庆 渝北区 空港新城<em class=""vline""></em>经验不限<em class=""vline""></em>大专</p>","<p>批发/零售<em class=""vline""></em>未融资<em class=""vline""></em>0-20人</p>"
34,两路客服回访及现场咨询,成佳牙博士口腔,3-6K,"<p>重庆 渝北区 两路<em class=""vline""></em>1年以内<em class=""vline""></em>大专</p>","<p>医疗健康<em class=""vline""></em>1000-9999人</p>"
35,用户运营,金开民众门诊部,4-8K,"<p>重庆 渝北区 鸳鸯<em class=""vline""></em>1-3年<em class=""vline""></em>高中</p>","<p>医疗/护理/卫生<em class=""vline""></em>不需要融资<em class=""vline""></em>100-499人</p>"
36,京东项目合伙人,领派服饰,3-8K,"<p>重庆 江北区 观音桥<em class=""vline""></em>1-3年<em class=""vline""></em>大专</p>","<p>电子商务<em class=""vline""></em>未融资<em class=""vline""></em>20-99人</p>"
37,图书专员,精典书店,2-3K,"<p>重庆 南岸区 南滨路<em class=""vline""></em>1年以内<em class=""vline""></em>大专</p>","<p>新零售<em class=""vline""></em>20-99人</p>"
38,活动运营,毕博尔体育,5-6K,"<p>重庆 九龙坡区 石坪<em class=""vline""></em>3-5年<em class=""vline""></em>本科</p>","<p>文化/体育/娱乐<em class=""vline""></em>未融资<em class=""vline""></em>0-20人</p>"
39,APP运营推广（可接受实习生）,天路教育,5-10K,"<p>重庆 沙坪坝区 小龙坎<em class=""vline""></em>经验不限<em class=""vline""></em>学历不限</p>","<p>人力资源服务<em class=""vline""></em>A轮<em class=""vline""></em>20-99人</p>"
40,后勤文员,重庆昂特商贸有限公司,2-3K,"<p>重庆 渝北区 空港新城<em class=""vline""></em>经验不限<em class=""vline""></em>大专</p>","<p>批发/零售<em class=""vline""></em>未融资<em class=""vline""></em>0-20人</p>"
41,运营专员,多仕顿,3-8K,"<p>重庆 江北区 大石坝<em class=""vline""></em>1年以内<em class=""vline""></em>大专</p>","<p>企业服务<em class=""vline""></em>未融资<em class=""vline""></em>100-499人</p>"
42,数据挖掘,重庆环投网络公司,10-13K,"<p>重庆  <em class=""vline""></em>5-10年<em class=""vline""></em>本科</p>","<p>互联网<em class=""vline""></em>不需要融资<em class=""vline""></em>100-499人</p>"
43,财务主管,云渠,6-11K,"<p>重庆 渝北区 冉家坝<em class=""vline""></em>3-5年<em class=""vline""></em>本科</p>","<p>物业服务<em class=""vline""></em>未融资<em class=""vline""></em>100-499人</p>"
44,房地产广告 AE\客户经理,申乙文创,4-8K,"<p>重庆 大渡口区 九宫庙<em class=""vline""></em>1-3年<em class=""vline""></em>本科</p>","<p>广告营销<em class=""vline""></em>100-499人</p>"
45,校聊专员,ishow国际英语,3-8K,"<p>重庆 沙坪坝区 大学城<em class=""vline""></em>1-3年<em class=""vline""></em>大专</p>","<p>在线教育<em class=""vline""></em>不需要融资<em class=""vline""></em>100-499人</p>"
46,SEO推广,华膜水处理设备,8-10K,"<p>重庆 九龙坡区 华岩<em class=""vline""></em>1-3年<em class=""vline""></em>本科</p>","<p>环保<em class=""vline""></em>不需要融资<em class=""vline""></em>0-20人</p>"
47,电商运营,梓皓商贸,5-8K,"<p>重庆 渝北区 回兴<em class=""vline""></em>经验不限<em class=""vline""></em>学历不限</p>","<p>电子商务<em class=""vline""></em>0-20人</p>"
48,店长/卖场经理,维度服饰,8-12K,"<p>重庆 渝中区 大坪<em class=""vline""></em>3-5年<em class=""vline""></em>本科</p>","<p>贸易/进出口<em class=""vline""></em>未融资<em class=""vline""></em>100-499人</p>"
49,网络推广,西南国际眼镜城,5-8K,"<p>重庆 渝中区 解放碑<em class=""vline""></em>1-3年<em class=""vline""></em>大专</p>","<p>批发/零售<em class=""vline""></em>未融资<em class=""vline""></em>0-20人</p>"
50,采购经理,团乐惠,9-12K,"<p>重庆 渝北区 冉家坝<em class=""vline""></em>1年以内<em class=""vline""></em>高中</p>","<p>电子商务<em class=""vline""></em>未融资<em class=""vline""></em>0-20人</p>"
51,电力设计工程师,重庆普电,8-12K,"<p>重庆 渝北区 汽博中心<em class=""vline""></em>1-3年<em class=""vline""></em>本科</p>","<p>电力/热力/燃气/水利<em class=""vline""></em>不需要融资<em class=""vline""></em>20-99人</p>"
52,商务专员,上海双基药业,3-6K,"<p>重庆 南岸区 南坪<em class=""vline""></em>经验不限<em class=""vline""></em>大专</p>","<p>制药<em class=""vline""></em>不需要融资<em class=""vline""></em>100-499人</p>"
53,电商运营专员,网络电视台音乐频道,3-5K,"<p>重庆 九龙坡区 九龙<em class=""vline""></em>经验不限<em class=""vline""></em>学历不限</p>","<p>音乐/视频/阅读<em class=""vline""></em>不需要融资<em class=""vline""></em>0-20人</p>"
54,电商主播与运营,惠家宝,5-10K,"<p>重庆 九龙坡区 杨家坪<em class=""vline""></em>1年以内<em class=""vline""></em>大专</p>","<p>医疗健康<em class=""vline""></em>0-20人</p>"
55,SEM,微享互动,3-6K,"<p>重庆 南岸区 南坪<em class=""vline""></em>1-3年<em class=""vline""></em>本科</p>","<p>互联网<em class=""vline""></em>天使轮<em class=""vline""></em>100-499人</p>"
56,咨询经理,平安普惠融资服务,10-20K,"<p>重庆 江北区 五里店<em class=""vline""></em>经验不限<em class=""vline""></em>学历不限</p>","<p>投资/融资<em class=""vline""></em>不需要融资<em class=""vline""></em>10000人以上</p>"
57,生鲜类目运营,智培,4-8K,"<p>重庆 江北区 五里店<em class=""vline""></em>经验不限<em class=""vline""></em>学历不限</p>","<p>电子商务<em class=""vline""></em>天使轮<em class=""vline""></em>20-99人</p>"
58,外贸主管,圣森堡国际贸易,3-8K,"<p>重庆 九龙坡区 石桥铺<em class=""vline""></em>1-3年<em class=""vline""></em>高中</p>","<p>机械设备/机电/重工<em class=""vline""></em>不需要融资<em class=""vline""></em>0-20人</p>"
59,贝店运营,领派服饰,3-8K,"<p>重庆 江北区 观音桥<em class=""vline""></em>1-3年<em class=""vline""></em>大专</p>","<p>电子商务<em class=""vline""></em>未融资<em class=""vline""></em>20-99人</p>"
60,新媒体运营专员,安索洛服装设计,4-8K,"<p>重庆 江北区 观音桥<em class=""vline""></em>1-3年<em class=""vline""></em>大专</p>","<p>生活服务<em class=""vline""></em>未融资<em class=""vline""></em>0-20人</p>"
61,业务部副部长,秦渝弘源,4-6K,"<p>重庆 江北区 石马河<em class=""vline""></em>3-5年<em class=""vline""></em>本科</p>","<p>矿产/地质<em class=""vline""></em>不需要融资<em class=""vline""></em>20-99人</p>"
62,买手设计师,维度服饰,8-12K,"<p>重庆 渝北区 回兴<em class=""vline""></em>3-5年<em class=""vline""></em>本科</p>","<p>贸易/进出口<em class=""vline""></em>未融资<em class=""vline""></em>100-499人</p>"
63,SEO,恩氏过滤,3-6K,"<p>重庆 江北区 观音桥<em class=""vline""></em>1-3年<em class=""vline""></em>大专</p>","<p>环保<em class=""vline""></em>不需要融资<em class=""vline""></em>20-99人</p>"
64,项目负责人,恒德环保,5-10K,"<p>重庆  <em class=""vline""></em>3-5年<em class=""vline""></em>本科</p>","<p>咨询<em class=""vline""></em>0-20人</p>"
65,人工智能研发,重庆名医在线信息技术,20-30K,"<p>重庆 渝北区 人和<em class=""vline""></em>经验不限<em class=""vline""></em>博士</p>","<p>互联网<em class=""vline""></em>未融资<em class=""vline""></em>20-99人</p>"
66,淘宝运营,小古灸,3-6K,"<p>重庆 渝北区 汽博中心<em class=""vline""></em>1年以内<em class=""vline""></em>本科</p>","<p>医疗健康<em class=""vline""></em>未融资<em class=""vline""></em>0-20人</p>"
67,店长,铺多多,5-6K,"<p>重庆 江北区 观音桥<em class=""vline""></em>1-3年<em class=""vline""></em>大专</p>","<p>咨询<em class=""vline""></em>未融资<em class=""vline""></em>0-20人</p>"
68,电商运营,浪行天下,5-7K,"<p>重庆 渝北区 冉家坝<em class=""vline""></em>1-3年<em class=""vline""></em>本科</p>","<p>食品/饮料/烟酒<em class=""vline""></em>天使轮<em class=""vline""></em>0-20人</p>"
69,京东运营专员,领派服饰,3-8K,"<p>重庆 江北区 观音桥<em class=""vline""></em>1-3年<em class=""vline""></em>大专</p>","<p>电子商务<em class=""vline""></em>未融资<em class=""vline""></em>20-99人</p>"
70,粉丝运营,秉末传媒,3-8K,"<p>重庆 渝中区 上清寺<em class=""vline""></em>经验不限<em class=""vline""></em>学历不限</p>","<p>文化/体育/娱乐<em class=""vline""></em>未融资<em class=""vline""></em>20-99人</p>"
71,电商运营,重庆伴侣食品,5-7K,"<p>重庆 渝北区 人和<em class=""vline""></em>1-3年<em class=""vline""></em>大专</p>","<p>电子商务<em class=""vline""></em>未融资<em class=""vline""></em>20-99人</p>"
72,市场调研专员,高正教育,3-7K,"<p>重庆 南岸区 南坪<em class=""vline""></em>1-3年<em class=""vline""></em>本科</p>","<p>在线教育<em class=""vline""></em>不需要融资<em class=""vline""></em>100-499人</p>"
73,商品运营,好孩子重庆分公司,5-8K,"<p>重庆 九龙坡区 石桥铺<em class=""vline""></em>1年以内<em class=""vline""></em>本科</p>","<p>新零售<em class=""vline""></em>未融资<em class=""vline""></em>100-499人</p>"
74,重庆BD主管,顺丰速运,11-14K,"<p>重庆 江北区 五里店<em class=""vline""></em>3-5年<em class=""vline""></em>大专</p>","<p>物流/仓储<em class=""vline""></em>已上市<em class=""vline""></em>20-99人</p>"
75,买手,重庆星荣生伟商贸...,6-12K,"<p>重庆 渝北区 财富中心<em class=""vline""></em>3-5年<em class=""vline""></em>本科</p>","<p>服装/纺织/皮革<em class=""vline""></em>A轮<em class=""vline""></em>0-20人</p>"
76,电竞教练,森海(重庆)教育科技,8-13K,"<p>重庆 渝北区 悦来<em class=""vline""></em>3-5年<em class=""vline""></em>学历不限</p>","<p>培训机构<em class=""vline""></em>未融资<em class=""vline""></em>20-99人</p>"
77,（新媒体）内容编辑,麦享科技,4-9K,"<p>重庆  <em class=""vline""></em>1-3年<em class=""vline""></em>本科</p>","<p>互联网<em class=""vline""></em>不需要融资<em class=""vline""></em>20-99人</p>"
78,网络推广,艾七摄影,4-6K,"<p>重庆 沙坪坝区 三峡广场<em class=""vline""></em>经验不限<em class=""vline""></em>学历不限</p>","<p>婚庆/摄影<em class=""vline""></em>0-20人</p>"
79,电竞教练,森海(重庆)教育科技,8-13K,"<p>重庆 渝北区 悦来<em class=""vline""></em>1-3年<em class=""vline""></em>学历不限</p>","<p>培训机构<em class=""vline""></em>未融资<em class=""vline""></em>20-99人</p>"
80,财务顾问（需出差）,香港人文比佛利,15-30K,"<p>重庆 南岸区 南坪<em class=""vline""></em>5-10年<em class=""vline""></em>本科</p>","<p>咨询<em class=""vline""></em>未融资<em class=""vline""></em>20-99人</p>"
81,英文编辑,55海淘,3-4K,"<p>重庆 渝北区 龙溪<em class=""vline""></em>经验不限<em class=""vline""></em>本科</p>","<p>互联网<em class=""vline""></em>A轮<em class=""vline""></em>100-499人</p>"
82,招商推广,重庆正臻,5-10K,"<p>重庆 南岸区 南坪<em class=""vline""></em>1-3年<em class=""vline""></em>大专</p>","<p>互联网金融<em class=""vline""></em>未融资<em class=""vline""></em>20-99人</p>"
83,财务专员,谋天下科技,4-6K,"<p>重庆 江北区 寸滩<em class=""vline""></em>3-5年<em class=""vline""></em>大专</p>","<p>互联网<em class=""vline""></em>20-99人</p>"
84,网络运营,宝丽医疗整形美容,3-6K,"<p>重庆 渝北区 龙溪<em class=""vline""></em>经验不限<em class=""vline""></em>学历不限</p>","<p>电子商务<em class=""vline""></em>未融资<em class=""vline""></em>20-99人</p>"
85,淘宝内容运营,与赋服装,4-9K,"<p>重庆 渝中区 上清寺<em class=""vline""></em>1年以内<em class=""vline""></em>大专</p>","<p>电子商务<em class=""vline""></em>未融资<em class=""vline""></em>0-20人</p>"
86,APP推广,商祺,2-4K,"<p>重庆 沙坪坝区 大学城<em class=""vline""></em>应届生<em class=""vline""></em>学历不限</p>","<p>电子商务<em class=""vline""></em>0-20人</p>"
87,图像算法,览辉,10-20K,"<p>重庆 九龙坡区 石桥铺<em class=""vline""></em>1-3年<em class=""vline""></em>本科</p>","<p>互联网<em class=""vline""></em>未融资<em class=""vline""></em>20-99人</p>"
88,机器学习,览辉,10-20K,"<p>重庆 九龙坡区 石桥铺<em class=""vline""></em>3-5年<em class=""vline""></em>本科</p>","<p>互联网<em class=""vline""></em>未融资<em class=""vline""></em>20-99人</p>"
89,电商产品经理,重庆雅智尔装饰,4-7K,"<p>重庆 渝北区 汽博中心<em class=""vline""></em>1-3年<em class=""vline""></em>大专</p>","<p>工程施工<em class=""vline""></em>20-99人</p>"
90,跨境电商运营,重庆雅智尔装饰,10-18K,"<p>重庆 渝北区 汽博中心<em class=""vline""></em>5-10年<em class=""vline""></em>本科</p>","<p>工程施工<em class=""vline""></em>20-99人</p>"
91,采购经理,重庆雅智尔装饰,7-10K,"<p>重庆 渝北区 汽博中心<em class=""vline""></em>5-10年<em class=""vline""></em>本科</p>","<p>工程施工<em class=""vline""></em>20-99人</p>"
92,产品经理,科文儿童净水,8-12K,"<p>重庆 九龙坡区 巴国城<em class=""vline""></em>3-5年<em class=""vline""></em>大专</p>","<p>新零售<em class=""vline""></em>天使轮<em class=""vline""></em>20-99人</p>"
93,PM,重庆小雨点,15-30K,"<p>重庆 渝北区 龙头寺<em class=""vline""></em>5-10年<em class=""vline""></em>本科</p>","<p>互联网<em class=""vline""></em>未融资<em class=""vline""></em>100-499人</p>"
94,活动运营,奢维斯商贸有限公司,3-5K,"<p>重庆 合川区 <em class=""vline""></em>1-3年<em class=""vline""></em>本科</p>","<p>其他服务业<em class=""vline""></em>未融资<em class=""vline""></em>20-99人</p>"
95,海外市场,德庄国际贸易,5-8K,"<p>重庆 江北区 五里店<em class=""vline""></em>1年以内<em class=""vline""></em>本科</p>","<p>餐饮<em class=""vline""></em>0-20人</p>"
96,数据运营,友信,4-6K,"<p>重庆 江北区 观音桥<em class=""vline""></em>1-3年<em class=""vline""></em>本科</p>","<p>互联网金融<em class=""vline""></em>A轮<em class=""vline""></em>10000人以上</p>"
97,数据管理,聚土网,6-11K,"<p>重庆 渝北区 大竹林<em class=""vline""></em>3-5年<em class=""vline""></em>本科</p>","<p>互联网<em class=""vline""></em>B轮<em class=""vline""></em>100-499人</p>"
98,财务咨询顾问,睿岳家族财富管理,8-10K,"<p>重庆 江北区 观音桥<em class=""vline""></em>3-5年<em class=""vline""></em>本科</p>","<p>咨询<em class=""vline""></em>不需要融资<em class=""vline""></em>20-99人</p>"
99,网络运营,家和宾馆,2-4K,"<p>重庆 九龙坡区 杨家坪<em class=""vline""></em>经验不限<em class=""vline""></em>学历不限</p>","<p>酒店<em class=""vline""></em>0-20人</p>"
100,共享按摩椅业务,友佳,4-5K,"<p>重庆 渝中区 解放碑<em class=""vline""></em>1-3年<em class=""vline""></em>大专</p>","<p>批发/零售<em class=""vline""></em>未融资<em class=""vline""></em>100-499人</p>"
101,产品助理,柳工工程机械有限公司,3-5K,"<p>重庆 九龙坡区 白市驿<em class=""vline""></em>经验不限<em class=""vline""></em>学历不限</p>","<p>机械设备/机电/重工<em class=""vline""></em>不需要融资<em class=""vline""></em>100-499人</p>"
102,淘宝运营,重庆多拍科技有限公司,4-8K,"<p>重庆 江北区 观音桥<em class=""vline""></em>3-5年<em class=""vline""></em>大专</p>","<p>移动互联网<em class=""vline""></em>20-99人</p>"
103,淘宝运营,璟悦伶商贸,4-8K,"<p>重庆 江北区 观音桥<em class=""vline""></em>3-5年<em class=""vline""></em>本科</p>","<p>电子商务<em class=""vline""></em>未融资<em class=""vline""></em>0-20人</p>"
104,店面运营总监,璞嘉家居,10-15K,"<p>重庆 九龙坡区 石桥铺<em class=""vline""></em>1年以内<em class=""vline""></em>本科</p>","<p>建材<em class=""vline""></em>不需要融资<em class=""vline""></em>20-99人</p>"
105,咨询专员,西就规划,4-5K,"<p>重庆 南岸区 回龙湾<em class=""vline""></em>3-5年<em class=""vline""></em>硕士</p>","<p>咨询<em class=""vline""></em>未融资<em class=""vline""></em>20-99人</p>"
106,咨询经理,睿岳家族财富管理,8-16K,"<p>重庆 江北区 观音桥<em class=""vline""></em>3-5年<em class=""vline""></em>本科</p>","<p>咨询<em class=""vline""></em>不需要融资<em class=""vline""></em>20-99人</p>"
107,电商运营助理,鼎盛宏程网络,1-3K,"<p>重庆 沙坪坝区 大学城<em class=""vline""></em>1年以内<em class=""vline""></em>大专</p>","<p>电子商务<em class=""vline""></em>不需要融资<em class=""vline""></em>10000人以上</p>"
108,用户运营,天选之子文化传媒,3-6K,"<p>重庆 沙坪坝区 大学城<em class=""vline""></em>1年以内<em class=""vline""></em>高中</p>","<p>互联网<em class=""vline""></em>20-99人</p>"
109,运营助理/专员,蜂巢软装,3-5K,"<p>重庆 渝北区 黄泥塝<em class=""vline""></em>1年以内<em class=""vline""></em>大专</p>","<p>装修装饰<em class=""vline""></em>未融资<em class=""vline""></em>20-99人</p>"
110,网络推广,顽宠部落,5-10K,"<p>重庆 九龙坡区 石桥铺<em class=""vline""></em>1-3年<em class=""vline""></em>学历不限</p>","<p>电子商务<em class=""vline""></em>0-20人</p>"
111,运营助理/专员,佰富士,3-5K,"<p>重庆 渝北区 回兴<em class=""vline""></em>1-3年<em class=""vline""></em>大专</p>","<p>互联网<em class=""vline""></em>A轮<em class=""vline""></em>20-99人</p>"
112,保险业务,中鼎九州,10-20K,"<p>重庆 沙坪坝区 渝碚路<em class=""vline""></em>1年以内<em class=""vline""></em>大专</p>","<p>互联网<em class=""vline""></em>B轮<em class=""vline""></em>20-99人</p>"
113,技术服务工程师,国测网信,5-8K,"<p>重庆 渝北区 龙溪<em class=""vline""></em>1-3年<em class=""vline""></em>本科</p>","<p>计算机软件<em class=""vline""></em>未融资<em class=""vline""></em>0-20人</p>"
114,产品专员,河北宜合泰林木种...,2-4K,"<p>重庆 渝北区 龙溪<em class=""vline""></em>1-3年<em class=""vline""></em>大专</p>","<p>其他行业<em class=""vline""></em>20-99人</p>"
115,商城运营经理,河北宜合泰林木种...,8-12K,"<p>重庆 渝北区 龙溪<em class=""vline""></em>3-5年<em class=""vline""></em>大专</p>","<p>其他行业<em class=""vline""></em>20-99人</p>"
116,淘宝运营客服,博牛网络,3-6K,"<p>重庆 九龙坡区 石桥铺<em class=""vline""></em>经验不限<em class=""vline""></em>大专</p>","<p>互联网<em class=""vline""></em>未融资<em class=""vline""></em>0-20人</p>"
117,竞价专员,啄木鸟家庭维修,3-6K,"<p>重庆 渝北区 大竹林<em class=""vline""></em>1年以内<em class=""vline""></em>学历不限</p>","<p>生活服务<em class=""vline""></em>天使轮<em class=""vline""></em>100-499人</p>"
118,网络运营主管,正舸口腔,4-8K,"<p>重庆 南岸区 茶园新区<em class=""vline""></em>经验不限<em class=""vline""></em>学历不限</p>","<p>医疗/护理/卫生<em class=""vline""></em>未融资<em class=""vline""></em>20-99人</p>"
119,总经理,小法科技,20-40K,"<p>重庆 渝北区 大竹林<em class=""vline""></em>5-10年<em class=""vline""></em>本科</p>","<p>互联网<em class=""vline""></em>未融资<em class=""vline""></em>0-20人</p>"
120,总裁/总经理/董事长助理,小法科技,8-16K,"<p>重庆 渝北区 大竹林<em class=""vline""></em>5-10年<em class=""vline""></em>本科</p>","<p>互联网<em class=""vline""></em>未融资<em class=""vline""></em>0-20人</p>"
121,业管&运营,友信,4-5K,"<p>重庆 渝中区 大坪<em class=""vline""></em>1年以内<em class=""vline""></em>本科</p>","<p>互联网金融<em class=""vline""></em>A轮<em class=""vline""></em>10000人以上</p>"
122,marketing,重庆信慕,15-30K,"<p>重庆 江北区 五里店<em class=""vline""></em>5-10年<em class=""vline""></em>本科</p>","<p>电子/半导体/集成电路<em class=""vline""></em>500-999人</p>"
123,文案策划,品服科技,4-5K,"<p>重庆 渝北区 财富中心<em class=""vline""></em>经验不限<em class=""vline""></em>大专</p>","<p>互联网<em class=""vline""></em>20-99人</p>"
124,外贸业务员,企英,2-7K,"<p>重庆 渝中区 菜园坝<em class=""vline""></em>经验不限<em class=""vline""></em>学历不限</p>","<p>贸易/进出口<em class=""vline""></em>0-20人</p>"
125,网络营销经理,雷檬食品香精,4-5K,"<p>重庆  <em class=""vline""></em>1年以内<em class=""vline""></em>本科</p>","<p>食品/饮料/烟酒<em class=""vline""></em>未融资<em class=""vline""></em>20-99人</p>"
126,商家运营,格林豪泰酒店,8-15K,"<p>重庆 南岸区 南坪<em class=""vline""></em>1-3年<em class=""vline""></em>大专</p>","<p>旅游<em class=""vline""></em>已上市<em class=""vline""></em>10000人以上</p>"
127,配送质量改善专员,美团新零售业务部,5-7K,"<p>重庆  <em class=""vline""></em>3-5年<em class=""vline""></em>大专</p>","<p>O2O<em class=""vline""></em>已上市<em class=""vline""></em>10000人以上</p>"
128,用户运营,品服科技,4-5K,"<p>重庆 渝北区 财富中心<em class=""vline""></em>经验不限<em class=""vline""></em>大专</p>","<p>互联网<em class=""vline""></em>20-99人</p>"
129,皮肤微整科运营,唯伊美,10-15K,"<p>重庆 江北区 观音桥<em class=""vline""></em>3-5年<em class=""vline""></em>本科</p>","<p>医疗健康<em class=""vline""></em>未融资<em class=""vline""></em>20-99人</p>"
130,管培生,望洲宏信息技术,4-8K,"<p>重庆 渝中区 大坪<em class=""vline""></em>应届生<em class=""vline""></em>中专/中技</p>","<p>其他行业<em class=""vline""></em>未融资<em class=""vline""></em>20-99人</p>"
131,外贸专员,大永亿玻璃,5-8K,"<p>重庆 北碚区 <em class=""vline""></em>1-3年<em class=""vline""></em>大专</p>","<p>贸易/进出口<em class=""vline""></em>20-99人</p>"
132,电商运营,游燕汐满,4-8K,"<p>重庆  <em class=""vline""></em>1-3年<em class=""vline""></em>学历不限</p>","<p>电子商务<em class=""vline""></em>20-99人</p>"
133,网络推广,重庆凡诚装饰,8-10K,"<p>重庆 渝北区 照母山<em class=""vline""></em>1年以内<em class=""vline""></em>大专</p>","<p>工程施工<em class=""vline""></em>未融资<em class=""vline""></em>20-99人</p>"
134,APP推广,凌波微步科技,4-8K,"<p>重庆 石柱土家族自治县 <em class=""vline""></em>经验不限<em class=""vline""></em>学历不限</p>","<p>互联网<em class=""vline""></em>不需要融资<em class=""vline""></em>20-99人</p>"
135,企业推广,巨圣汇,5-6K,"<p>重庆 沙坪坝区 天星桥<em class=""vline""></em>应届生<em class=""vline""></em>学历不限</p>","<p>数据服务<em class=""vline""></em>20-99人</p>"
136,人工智能研发,名医在线,15-30K,"<p>重庆 渝北区 人和<em class=""vline""></em>3-5年<em class=""vline""></em>博士</p>","<p>互联网<em class=""vline""></em>不需要融资<em class=""vline""></em>20-99人</p>"
137,产品运营经理,青石传媒,3-8K,"<p>重庆  <em class=""vline""></em>经验不限<em class=""vline""></em>学历不限</p>","<p>广告/公关/会展<em class=""vline""></em>0-20人</p>"
138,产品助理,重庆妙招,7-12K,"<p>重庆 渝北区 大竹林<em class=""vline""></em>1-3年<em class=""vline""></em>本科</p>","<p>企业服务<em class=""vline""></em>不需要融资<em class=""vline""></em>20-99人</p>"
139,SEM竞价推广,胜道教育,8-12K,"<p>重庆 九龙坡区 杨家坪<em class=""vline""></em>1-3年<em class=""vline""></em>学历不限</p>","<p>院校<em class=""vline""></em>未融资<em class=""vline""></em>20-99人</p>"
140,直播工会长,万舞文化,5-10K,"<p>重庆 渝中区 两路口<em class=""vline""></em>1-3年<em class=""vline""></em>高中</p>","<p>互联网<em class=""vline""></em>不需要融资<em class=""vline""></em>20-99人</p>"
141,深度学习,一根教育,10-11K,"<p>重庆 渝中区 化龙桥<em class=""vline""></em>1年以内<em class=""vline""></em>本科</p>","<p>企业服务<em class=""vline""></em>未融资<em class=""vline""></em>20-99人</p>"
142,电商运营,中融电商,5-8K,"<p>重庆 渝北区 龙头寺<em class=""vline""></em>1-3年<em class=""vline""></em>学历不限</p>","<p>电子商务<em class=""vline""></em>20-99人</p>"
143,运营,珠圆钰,4-8K,"<p>重庆 南岸区 南坪<em class=""vline""></em>1-3年<em class=""vline""></em>学历不限</p>","<p>服装/纺织/皮革<em class=""vline""></em>未融资<em class=""vline""></em>0-20人</p>"
144,网络竞价,嘉禧母婴专护,4-6K,"<p>重庆 江北区 大石坝<em class=""vline""></em>1-3年<em class=""vline""></em>大专</p>","<p>其他服务业<em class=""vline""></em>不需要融资<em class=""vline""></em>20-99人</p>"
145,网络推广,重庆铭佳税务师事务所,6-7K,"<p>重庆 江北区 观音桥<em class=""vline""></em>1-3年<em class=""vline""></em>大专</p>","<p>企业服务<em class=""vline""></em>未融资<em class=""vline""></em>20-99人</p>"
146,数据运营,启润餐饮,5-7K,"<p>重庆 渝中区 解放碑<em class=""vline""></em>1-3年<em class=""vline""></em>本科</p>","<p>餐饮<em class=""vline""></em>20-99人</p>"
147,会议活动策划,重庆美派斯门窗,3-6K,"<p>重庆 沙坪坝区 山洞<em class=""vline""></em>1年以内<em class=""vline""></em>高中</p>","<p>生活服务<em class=""vline""></em>100-499人</p>"
148,电商运营,季诺科技,4-6K,"<p>重庆 渝北区 龙溪<em class=""vline""></em>经验不限<em class=""vline""></em>学历不限</p>","<p>社交网络<em class=""vline""></em>天使轮<em class=""vline""></em>0-20人</p>"
149,企业管理咨询,百行财汇,10-20K,"<p>重庆 南岸区 南坪<em class=""vline""></em>1年以内<em class=""vline""></em>中专/中技</p>","<p>培训机构<em class=""vline""></em>未融资<em class=""vline""></em>100-499人</p>"
150,运营助理/专员,鑫斛药房,3-5K,"<p>重庆 江北区 五里店<em class=""vline""></em>1年以内<em class=""vline""></em>本科</p>","<p>医疗健康<em class=""vline""></em>不需要融资<em class=""vline""></em>500-999人</p>"
151,化妆品研发,苛研功效评定实验室,5-9K,"<p>重庆 江北区 观音桥<em class=""vline""></em>经验不限<em class=""vline""></em>本科</p>","<p>学术/科研<em class=""vline""></em>20-99人</p>"
152,实验室技术员,苛研功效评定实验室,5-9K,"<p>重庆 江北区 观音桥<em class=""vline""></em>经验不限<em class=""vline""></em>本科</p>","<p>学术/科研<em class=""vline""></em>20-99人</p>"
153,数据开发,茂展科技,4-6K,"<p>重庆 沙坪坝区 大学城<em class=""vline""></em>经验不限<em class=""vline""></em>大专</p>","<p>生活服务<em class=""vline""></em>未融资<em class=""vline""></em>0-20人</p>"
154,策略运营,重庆沛杰教育,4-8K,"<p>重庆 渝北区 龙溪<em class=""vline""></em>1-3年<em class=""vline""></em>本科</p>","<p>培训机构<em class=""vline""></em>20-99人</p>"
155,网络工程师,胜道教育,5-10K,"<p>重庆 九龙坡区 杨家坪<em class=""vline""></em>1-3年<em class=""vline""></em>本科</p>","<p>院校<em class=""vline""></em>未融资<em class=""vline""></em>20-99人</p>"
156,数据开发工程师,星飞玛,8-13K,"<p>重庆 渝北区 财富中心<em class=""vline""></em>1-3年<em class=""vline""></em>大专</p>","<p>运营商/增值服务<em class=""vline""></em>20-99人</p>"
157,SEM,装无忧,5-10K,"<p>重庆 渝北区 回兴<em class=""vline""></em>3-5年<em class=""vline""></em>本科</p>","<p>互联网<em class=""vline""></em>未融资<em class=""vline""></em>20-99人</p>"
158,社群运营,重庆尊悦文化传播,4-7K,"<p>重庆 渝中区 大坪<em class=""vline""></em>经验不限<em class=""vline""></em>大专</p>","<p>互联网<em class=""vline""></em>未融资<em class=""vline""></em>0-20人</p>"
159,品类运营,聚土网,4-6K,"<p>重庆 渝北区 大竹林<em class=""vline""></em>1-3年<em class=""vline""></em>本科</p>","<p>互联网<em class=""vline""></em>B轮<em class=""vline""></em>100-499人</p>"
160,市级代理,商联数投数据,20-40K,"<p>重庆 沙坪坝区 小龙坎<em class=""vline""></em>经验不限<em class=""vline""></em>学历不限</p>","<p>互联网<em class=""vline""></em>未融资<em class=""vline""></em>0-20人</p>"
161,文案,腾浪科技,3-5K,"<p>重庆  <em class=""vline""></em>1年以内<em class=""vline""></em>大专</p>","<p>社交网络<em class=""vline""></em>不需要融资<em class=""vline""></em>0-20人</p>"
162,网络推广,一米管家,4-5K,"<p>重庆  <em class=""vline""></em>1-3年<em class=""vline""></em>大专</p>","<p>生活服务<em class=""vline""></em>天使轮<em class=""vline""></em>100-499人</p>"
163,电商运营,绿草缘,3-5K,"<p>重庆 沙坪坝区 大学城<em class=""vline""></em>1-3年<em class=""vline""></em>高中</p>","<p>电子商务<em class=""vline""></em>0-20人</p>"
164,运营,美菜网,3-5K,"<p>重庆 万州区 陈家坝<em class=""vline""></em>1-3年<em class=""vline""></em>大专</p>","<p>移动互联网<em class=""vline""></em>D轮及以上<em class=""vline""></em>10000人以上</p>"
165,产品运营,福建远商,10-11K,"<p>重庆 渝中区 解放碑<em class=""vline""></em>1-3年<em class=""vline""></em>大专</p>","<p>互联网金融<em class=""vline""></em>不需要融资<em class=""vline""></em>20-99人</p>"
166,网络推广微信运营,重庆伟帆广告,5-8K,"<p>重庆 沙坪坝区 小龙坎<em class=""vline""></em>3-5年<em class=""vline""></em>本科</p>","<p>广告营销<em class=""vline""></em>0-20人</p>"
167,SEM,胜道教育,4-8K,"<p>重庆 九龙坡区 杨家坪<em class=""vline""></em>1-3年<em class=""vline""></em>本科</p>","<p>院校<em class=""vline""></em>未融资<em class=""vline""></em>20-99人</p>"
168,电商产品经理,重庆美道食品有限...,3-6K,"<p>重庆 渝北区 回兴<em class=""vline""></em>1-3年<em class=""vline""></em>大专</p>","<p>食品/饮料/烟酒<em class=""vline""></em>20-99人</p>"
169,电商运营,顽媄,5-10K,"<p>重庆  <em class=""vline""></em>3-5年<em class=""vline""></em>大专</p>","<p>电子商务<em class=""vline""></em>天使轮<em class=""vline""></em>0-20人</p>"
170,电商运营,吴滩农业,3-5K,"<p>重庆 江津区 江津<em class=""vline""></em>经验不限<em class=""vline""></em>大专</p>","<p>原材料及加工/模具<em class=""vline""></em>未融资<em class=""vline""></em>20-99人</p>"
171,电商运营,智玩电子商务,2-4K,"<p>重庆 江津区 江津<em class=""vline""></em>经验不限<em class=""vline""></em>学历不限</p>","<p>电子商务<em class=""vline""></em>20-99人</p>"
172,活动运营,亿帆铭爵商贸,3-5K,"<p>重庆 南岸区 南坪<em class=""vline""></em>经验不限<em class=""vline""></em>学历不限</p>","<p>新零售<em class=""vline""></em>B轮<em class=""vline""></em>100-499人</p>"
173,SEO,麦络科技,3-5K,"<p>重庆 江北区 观音桥<em class=""vline""></em>1-3年<em class=""vline""></em>学历不限</p>","<p>互联网<em class=""vline""></em>未融资<em class=""vline""></em>20-99人</p>"
174,商家运营,多福多财,10-20K,"<p>重庆 江北区 五里店<em class=""vline""></em>1年以内<em class=""vline""></em>高中</p>","<p>互联网金融<em class=""vline""></em>未融资<em class=""vline""></em>20-99人</p>"
175,产品助理,亿帆铭爵商贸,3-5K,"<p>重庆 南岸区 南坪<em class=""vline""></em>经验不限<em class=""vline""></em>中专/中技</p>","<p>新零售<em class=""vline""></em>B轮<em class=""vline""></em>100-499人</p>"
176,网络推广,翩鸿网络有限公司,3-6K,"<p>重庆  <em class=""vline""></em>经验不限<em class=""vline""></em>学历不限</p>","<p>游戏<em class=""vline""></em>不需要融资<em class=""vline""></em>20-99人</p>"
177,门店管家,点我呀,3-6K,"<p>重庆 江北区 观音桥<em class=""vline""></em>1年以内<em class=""vline""></em>本科</p>","<p>互联网<em class=""vline""></em>天使轮<em class=""vline""></em>100-499人</p>"
178,电商运营,杭州云壹重庆分公司,4-8K,"<p>重庆 渝北区 汽博中心<em class=""vline""></em>3-5年<em class=""vline""></em>大专</p>","<p>电子商务<em class=""vline""></em>不需要融资<em class=""vline""></em>0-20人</p>"
179,贷后催收员,优悦物业管理有限公司,3-6K,"<p>重庆 江北区 五里店<em class=""vline""></em>3-5年<em class=""vline""></em>本科</p>","<p>互联网金融<em class=""vline""></em>未融资<em class=""vline""></em>20-99人</p>"
180,网络推广,GKCafe,6-7K,"<p>重庆 渝北区 人和<em class=""vline""></em>1-3年<em class=""vline""></em>本科</p>","<p>生活服务<em class=""vline""></em>100-499人</p>"
181,网络推广,蓝掌柜,2-4K,"<p>重庆  <em class=""vline""></em>1年以内<em class=""vline""></em>大专</p>","<p>人力资源服务<em class=""vline""></em>未融资<em class=""vline""></em>20-99人</p>"
182,淘宝，天猫运营,启烨钓具,5-8K,"<p>重庆 渝中区 两路口<em class=""vline""></em>3-5年<em class=""vline""></em>大专</p>","<p>电子商务<em class=""vline""></em>20-99人</p>"
