,岗位名称,公司名称,薪资,岗位信息,公司信息
0,数据分析,软通动力,10-20K,"<p>深圳 龙岗区 坂田<em class=""vline""></em>1年以内<em class=""vline""></em>本科</p>","<p>计算机软件<em class=""vline""></em>已上市<em class=""vline""></em>10000人以上</p>"
1,数据分析,软通动力,10-15K,"<p>深圳 龙岗区 坂田<em class=""vline""></em>1-3年<em class=""vline""></em>本科</p>","<p>计算机软件<em class=""vline""></em>已上市<em class=""vline""></em>10000人以上</p>"
2,数据分析师,腾讯,5-10K,"<p>深圳 南山区 科技园<em class=""vline""></em>1-3年<em class=""vline""></em>本科</p>","<p>互联网<em class=""vline""></em>已上市<em class=""vline""></em>10000人以上</p>"
3,高级数据分析工程师,vivo,20-40K,"<p>深圳 福田区 梅林<em class=""vline""></em>3-5年<em class=""vline""></em>本科</p>","<p>移动互联网<em class=""vline""></em>不需要融资<em class=""vline""></em>10000人以上</p>"
4,数据分析,童程童美,6-8K,"<p>深圳 龙华区 龙华<em class=""vline""></em>1-3年<em class=""vline""></em>大专</p>","<p>培训机构<em class=""vline""></em>已上市<em class=""vline""></em>10000人以上</p>"
5,OPPO数据分析师,OPPO广东移动...,20-40K,"<p>深圳 南山区 深圳湾<em class=""vline""></em>3-5年<em class=""vline""></em>本科</p>","<p>互联网<em class=""vline""></em>不需要融资<em class=""vline""></em>10000人以上</p>"
6,数据分析师,金服银行科技中心,30-60K,"<p>深圳 罗湖区 东门<em class=""vline""></em>5-10年<em class=""vline""></em>本科</p>","<p>互联网金融<em class=""vline""></em>已上市<em class=""vline""></em>10000人以上</p>"
7,数据分析,私募排排网,5-8K,"<p>深圳 福田区 新洲<em class=""vline""></em>应届生<em class=""vline""></em>本科</p>","<p>互联网金融<em class=""vline""></em>不需要融资<em class=""vline""></em>100-499人</p>"
8,数据分析工程师,软通动力,15-25K,"<p>深圳 龙岗区 万科城<em class=""vline""></em>3-5年<em class=""vline""></em>本科</p>","<p>计算机软件<em class=""vline""></em>已上市<em class=""vline""></em>10000人以上</p>"
9,经营数据分析,佳沃鑫荣懋,10-15K,"<p>深圳 龙岗区 平湖<em class=""vline""></em>3-5年<em class=""vline""></em>本科</p>","<p>贸易/进出口<em class=""vline""></em>不需要融资<em class=""vline""></em>1000-9999人</p>"
10,BI数据分析专家,饿了么,15-25K,"<p>深圳 福田区 莲花<em class=""vline""></em>3-5年<em class=""vline""></em>本科</p>","<p>O2O<em class=""vline""></em>不需要融资<em class=""vline""></em>10000人以上</p>"
11,数据分析工程师,OPPO,20-40K,"<p>深圳 南山区 深圳湾<em class=""vline""></em>3-5年<em class=""vline""></em>本科</p>","<p>互联网<em class=""vline""></em>不需要融资<em class=""vline""></em>10000人以上</p>"
12,数据分析工程师,跨越速运,20-40K,"<p>深圳 宝安区 福永<em class=""vline""></em>3-5年<em class=""vline""></em>本科</p>","<p>物流/仓储<em class=""vline""></em>A轮<em class=""vline""></em>10000人以上</p>"
13,数据分析师,迅雷网络,15-30K,"<p>深圳 南山区 科技园<em class=""vline""></em>3-5年<em class=""vline""></em>本科</p>","<p>互联网<em class=""vline""></em>已上市<em class=""vline""></em>1000-9999人</p>"
14,数据分析,神州信息,8-15K,"<p>深圳 福田区 沙头<em class=""vline""></em>1-3年<em class=""vline""></em>本科</p>","<p>计算机软件<em class=""vline""></em>已上市<em class=""vline""></em>1000-9999人</p>"
15,数据分析工程师,紫金支点,8-13K,"<p>深圳 南山区 南头<em class=""vline""></em>1-3年<em class=""vline""></em>本科</p>","<p>通信/网络设备<em class=""vline""></em>不需要融资<em class=""vline""></em>1000-9999人</p>"
16,数据分析师,致远速联,15-25K,"<p>深圳  <em class=""vline""></em>5-10年<em class=""vline""></em>硕士</p>","<p>互联网金融<em class=""vline""></em>不需要融资<em class=""vline""></em>100-499人</p>"
17,数据分析专家,OPPO,30-60K,"<p>深圳 南山区 深圳湾<em class=""vline""></em>5-10年<em class=""vline""></em>本科</p>","<p>互联网<em class=""vline""></em>不需要融资<em class=""vline""></em>10000人以上</p>"
18,数据分析工程师,顺丰科技,15-30K·15薪,"<p>深圳 南山区 科技园<em class=""vline""></em>3-5年<em class=""vline""></em>本科</p>","<p>互联网<em class=""vline""></em>不需要融资<em class=""vline""></em>1000-9999人</p>"
19,数据分析师,vivo,25-50K,"<p>深圳 福田区 梅林<em class=""vline""></em>3-5年<em class=""vline""></em>本科</p>","<p>移动互联网<em class=""vline""></em>不需要融资<em class=""vline""></em>10000人以上</p>"
20,数据分析师,OPPO,25-30K,"<p>深圳 南山区 深圳湾<em class=""vline""></em>3-5年<em class=""vline""></em>本科</p>","<p>互联网<em class=""vline""></em>不需要融资<em class=""vline""></em>10000人以上</p>"
21,机票数据分析,程祥国际,5-10K,"<p>深圳 宝安区 西乡<em class=""vline""></em>1-3年<em class=""vline""></em>大专</p>","<p>旅游<em class=""vline""></em>未融资<em class=""vline""></em>100-499人</p>"
22,数据分析师,样样进出口,5-9K,"<p>深圳 龙岗区 大运<em class=""vline""></em>3-5年<em class=""vline""></em>本科</p>","<p>数据服务<em class=""vline""></em>天使轮<em class=""vline""></em>0-20人</p>"
23,商业数据分析师,vivo,30-60K,"<p>深圳 宝安区 新安<em class=""vline""></em>3-5年<em class=""vline""></em>本科</p>","<p>移动互联网<em class=""vline""></em>不需要融资<em class=""vline""></em>10000人以上</p>"
24,数据分析师,vivo,20-40K,"<p>深圳 福田区 梅林<em class=""vline""></em>3-5年<em class=""vline""></em>本科</p>","<p>移动互联网<em class=""vline""></em>不需要融资<em class=""vline""></em>10000人以上</p>"
25,数据分析师,小步网络,20-40K,"<p>深圳 宝安区 西乡<em class=""vline""></em>3-5年<em class=""vline""></em>本科</p>","<p>移动互联网<em class=""vline""></em>B轮<em class=""vline""></em>100-499人</p>"
26,数据分析助理,OPPO,5-10K,"<p>深圳 南山区 深圳湾<em class=""vline""></em>1-3年<em class=""vline""></em>大专</p>","<p>互联网<em class=""vline""></em>不需要融资<em class=""vline""></em>10000人以上</p>"
27,高级数据分析,SHEIN（深圳）,15-30K,"<p>深圳 南山区 西丽<em class=""vline""></em>3-5年<em class=""vline""></em>本科</p>","<p>电子商务<em class=""vline""></em>C轮<em class=""vline""></em>1000-9999人</p>"
28,数据分析师,前海数据,8-16K,"<p>深圳 南山区 深圳湾<em class=""vline""></em>1-3年<em class=""vline""></em>本科</p>","<p>企业服务<em class=""vline""></em>未融资<em class=""vline""></em>20-99人</p>"
29,高级数据分析师,环球易购,15-30K,"<p>深圳 南山区 南山中心<em class=""vline""></em>3-5年<em class=""vline""></em>本科</p>","<p>电子商务<em class=""vline""></em>已上市<em class=""vline""></em>1000-9999人</p>"
30,数据分析师,泽汇科技,10-13K,"<p>深圳 龙岗区 坂田<em class=""vline""></em>1-3年<em class=""vline""></em>本科</p>","<p>电子商务<em class=""vline""></em>未融资<em class=""vline""></em>1000-9999人</p>"
31,高级数据分析师,OPPO,15-20K,"<p>深圳 南山区 深圳湾<em class=""vline""></em>3-5年<em class=""vline""></em>本科</p>","<p>互联网<em class=""vline""></em>不需要融资<em class=""vline""></em>10000人以上</p>"
32,高级数据分析专员,佳沃鑫荣懋,10-15K,"<p>深圳 龙岗区 平湖<em class=""vline""></em>3-5年<em class=""vline""></em>本科</p>","<p>贸易/进出口<em class=""vline""></em>不需要融资<em class=""vline""></em>1000-9999人</p>"
33,数据分析师,环球易购,11-20K,"<p>深圳 南山区 南山中心<em class=""vline""></em>3-5年<em class=""vline""></em>本科</p>","<p>电子商务<em class=""vline""></em>已上市<em class=""vline""></em>1000-9999人</p>"
34,数据分析师,武大吉奥,15-25K,"<p>深圳 福田区 车公庙<em class=""vline""></em>3-5年<em class=""vline""></em>本科</p>","<p>计算机软件<em class=""vline""></em>未融资<em class=""vline""></em>1000-9999人</p>"
35,数据分析师,锦泰宏,4-6K,"<p>深圳 罗湖区 东门<em class=""vline""></em>1年以内<em class=""vline""></em>大专</p>","<p>企业服务<em class=""vline""></em>不需要融资<em class=""vline""></em>100-499人</p>"
36,数据分析-旅游类,华强方特,7-11K·13薪,"<p>深圳 南山区 科技园<em class=""vline""></em>经验不限<em class=""vline""></em>硕士</p>","<p>互联网<em class=""vline""></em>已上市<em class=""vline""></em>10000人以上</p>"
37,数据分析师,盛达瑞公司,11-18K,"<p>深圳 南山区 科技园<em class=""vline""></em>3-5年<em class=""vline""></em>大专</p>","<p>数据服务<em class=""vline""></em>不需要融资<em class=""vline""></em>100-499人</p>"
38,数据分析师,智慧科技,20-40K,"<p>深圳 南山区 深圳湾<em class=""vline""></em>3-5年<em class=""vline""></em>本科</p>","<p>通信/网络设备<em class=""vline""></em>不需要融资<em class=""vline""></em>500-999人</p>"
39,业务数据分析师,OPPO,20-40K,"<p>深圳 南山区 深圳湾<em class=""vline""></em>3-5年<em class=""vline""></em>本科</p>","<p>互联网<em class=""vline""></em>不需要融资<em class=""vline""></em>10000人以上</p>"
40,数据分析师,货拉拉科技,25-50K,"<p>深圳 福田区 梅林<em class=""vline""></em>3-5年<em class=""vline""></em>本科</p>","<p>互联网<em class=""vline""></em>D轮及以上<em class=""vline""></em>1000-9999人</p>"
41,数据分析师,客路旅行,18-25K,"<p>深圳 福田区 车公庙<em class=""vline""></em>3-5年<em class=""vline""></em>本科</p>","<p>旅游<em class=""vline""></em>D轮及以上<em class=""vline""></em>1000-9999人</p>"
42,数据分析工程师,英视睿达,10-15K,"<p>深圳 福田区 华强北<em class=""vline""></em>1-3年<em class=""vline""></em>本科</p>","<p>数据服务<em class=""vline""></em>未融资<em class=""vline""></em>100-499人</p>"
43,BI项目经理（数据分析）,Darry Ring,12-18K,"<p>深圳 南山区 科技园<em class=""vline""></em>3-5年<em class=""vline""></em>本科</p>","<p>互联网<em class=""vline""></em>未融资<em class=""vline""></em>1000-9999人</p>"
44,商业化数据分析师,vivo,30-50K,"<p>深圳 福田区 华强南<em class=""vline""></em>3-5年<em class=""vline""></em>本科</p>","<p>移动互联网<em class=""vline""></em>不需要融资<em class=""vline""></em>10000人以上</p>"
45,高级数据分析师,帆盛,25-35K,"<p>深圳 南山区 新安<em class=""vline""></em>5-10年<em class=""vline""></em>本科</p>","<p>互联网金融<em class=""vline""></em>100-499人</p>"
46,29912-数据分析-运营开发,腾讯,25-50K,"<p>深圳 南山区 科技园<em class=""vline""></em>3-5年<em class=""vline""></em>本科</p>","<p>互联网<em class=""vline""></em>已上市<em class=""vline""></em>10000人以上</p>"
47,数据分析专员,递加时尚服装,8-10K,"<p>深圳 南山区 西丽<em class=""vline""></em>1-3年<em class=""vline""></em>学历不限</p>","<p>电子商务<em class=""vline""></em>未融资<em class=""vline""></em>100-499人</p>"
48,数据分析员,瑞浦电子,10-15K,"<p>深圳 龙华区 民治<em class=""vline""></em>1-3年<em class=""vline""></em>本科</p>","<p>电子商务<em class=""vline""></em>未融资<em class=""vline""></em>100-499人</p>"
49,高级数据分析师(J11352),货拉拉科技,25-50K,"<p>深圳 福田区 梅林<em class=""vline""></em>5-10年<em class=""vline""></em>本科</p>","<p>互联网<em class=""vline""></em>D轮及以上<em class=""vline""></em>1000-9999人</p>"
50,数据分析师,万兴科技,12-24K,"<p>深圳 南山区 科技园<em class=""vline""></em>3-5年<em class=""vline""></em>本科</p>","<p>计算机软件<em class=""vline""></em>已上市<em class=""vline""></em>500-999人</p>"
51,数据分析,优点创想传媒,6-12K,"<p>深圳 南山区 西丽<em class=""vline""></em>1-3年<em class=""vline""></em>大专</p>","<p>移动互联网<em class=""vline""></em>不需要融资<em class=""vline""></em>20-99人</p>"
52,电商数据分析师,一加手机,15-25K,"<p>深圳 福田区 沙头<em class=""vline""></em>3-5年<em class=""vline""></em>本科</p>","<p>移动互联网<em class=""vline""></em>不需要融资<em class=""vline""></em>1000-9999人</p>"
53,数据分析师,货拉拉科技,10-15K,"<p>深圳 福田区 梅林<em class=""vline""></em>1-3年<em class=""vline""></em>本科</p>","<p>互联网<em class=""vline""></em>D轮及以上<em class=""vline""></em>1000-9999人</p>"
54,数据分析师,杭州观数科技,15-25K,"<p>深圳 南山区 科技园<em class=""vline""></em>3-5年<em class=""vline""></em>本科</p>","<p>企业服务<em class=""vline""></em>A轮<em class=""vline""></em>100-499人</p>"
55,游戏数据分析师,乐逗游戏,18-28K,"<p>深圳 南山区 科技园<em class=""vline""></em>3-5年<em class=""vline""></em>学历不限</p>","<p>游戏<em class=""vline""></em>已上市<em class=""vline""></em>500-999人</p>"
56,数据分析师（商业流量方向）,vivo,30-55K,"<p>深圳 福田区 梅林<em class=""vline""></em>3-5年<em class=""vline""></em>本科</p>","<p>移动互联网<em class=""vline""></em>不需要融资<em class=""vline""></em>10000人以上</p>"
57,数据分析经理,vivo,30-50K,"<p>深圳 福田区 华强南<em class=""vline""></em>5-10年<em class=""vline""></em>本科</p>","<p>移动互联网<em class=""vline""></em>不需要融资<em class=""vline""></em>10000人以上</p>"
58,数据分析师,腾讯,25-35K,"<p>深圳 南山区 科技园<em class=""vline""></em>5-10年<em class=""vline""></em>本科</p>","<p>互联网<em class=""vline""></em>已上市<em class=""vline""></em>10000人以上</p>"
59,数据分析顾问,IBM,20-30K·13薪,"<p>深圳 龙岗区 坂田<em class=""vline""></em>5-10年<em class=""vline""></em>本科</p>","<p>互联网<em class=""vline""></em>已上市<em class=""vline""></em>10000人以上</p>"
60,数据分析师,环球易购,6-12K,"<p>深圳 南山区 南山中心<em class=""vline""></em>1-3年<em class=""vline""></em>本科</p>","<p>电子商务<em class=""vline""></em>已上市<em class=""vline""></em>1000-9999人</p>"
61,高级数据分析师(J11807),货拉拉科技,25-50K,"<p>深圳 福田区 梅林<em class=""vline""></em>5-10年<em class=""vline""></em>本科</p>","<p>互联网<em class=""vline""></em>D轮及以上<em class=""vline""></em>1000-9999人</p>"
62,数据分析经理,令知阁科技,10-15K,"<p>深圳 南山区 南头<em class=""vline""></em>3-5年<em class=""vline""></em>本科</p>","<p>移动互联网<em class=""vline""></em>A轮<em class=""vline""></em>100-499人</p>"
63,数据分析师,瑞宝麟,10-15K·13薪,"<p>深圳  <em class=""vline""></em>1-3年<em class=""vline""></em>本科</p>","<p>投资/融资<em class=""vline""></em>未融资<em class=""vline""></em>1000-9999人</p>"
64,数据分析员,国脉互联,5-8K,"<p>深圳 南山区 西丽<em class=""vline""></em>1-3年<em class=""vline""></em>本科</p>","<p>咨询<em class=""vline""></em>未融资<em class=""vline""></em>100-499人</p>"
65,数据分析专员（女装）,Ugoccam,6-8K,"<p>深圳 龙岗区 坂田<em class=""vline""></em>1-3年<em class=""vline""></em>大专</p>","<p>电子商务<em class=""vline""></em>已上市<em class=""vline""></em>100-499人</p>"
66,数据分析师,泽汇科技,7-14K,"<p>深圳 龙岗区 坂田<em class=""vline""></em>1-3年<em class=""vline""></em>本科</p>","<p>电子商务<em class=""vline""></em>未融资<em class=""vline""></em>1000-9999人</p>"
67,中高级数据分析师,佰聆数据,13-19K·13薪,"<p>深圳 福田区 新洲<em class=""vline""></em>3-5年<em class=""vline""></em>本科</p>","<p>数据服务<em class=""vline""></em>已上市<em class=""vline""></em>100-499人</p>"
68,安全数据分析师,深信服科技,15-25K,"<p>深圳 南山区 龙华<em class=""vline""></em>1-3年<em class=""vline""></em>大专</p>","<p>计算机软件<em class=""vline""></em>已上市<em class=""vline""></em>1000-9999人</p>"
69,高级数据分析工程师,OPPO,30-60K,"<p>深圳 福田区 石厦<em class=""vline""></em>3-5年<em class=""vline""></em>本科</p>","<p>互联网<em class=""vline""></em>不需要融资<em class=""vline""></em>10000人以上</p>"
70,高级数据分析师,深圳刷宝科技有限公司,22-35K,"<p>深圳 南山区 南头<em class=""vline""></em>5-10年<em class=""vline""></em>本科</p>","<p>互联网金融<em class=""vline""></em>B轮<em class=""vline""></em>100-499人</p>"
71,数据分析师,vivo,15-25K,"<p>深圳 福田区 梅林<em class=""vline""></em>3-5年<em class=""vline""></em>本科</p>","<p>移动互联网<em class=""vline""></em>不需要融资<em class=""vline""></em>10000人以上</p>"
72,数据分析师,货拉拉科技,20-35K,"<p>深圳 福田区 梅林<em class=""vline""></em>3-5年<em class=""vline""></em>硕士</p>","<p>互联网<em class=""vline""></em>D轮及以上<em class=""vline""></em>1000-9999人</p>"
73,数据分析员,华强方特,8-15K,"<p>深圳 南山区 科技园<em class=""vline""></em>经验不限<em class=""vline""></em>硕士</p>","<p>互联网<em class=""vline""></em>已上市<em class=""vline""></em>10000人以上</p>"
74,高级数据分析师,新浪爱问普惠,15-20K,"<p>深圳 南山区 科技园<em class=""vline""></em>3-5年<em class=""vline""></em>本科</p>","<p>互联网金融<em class=""vline""></em>未融资<em class=""vline""></em>500-999人</p>"
75,数据分析经理（互联网）,vivo,30-35K,"<p>深圳 福田区 华强南<em class=""vline""></em>5-10年<em class=""vline""></em>本科</p>","<p>移动互联网<em class=""vline""></em>不需要融资<em class=""vline""></em>10000人以上</p>"
76,29912-数据分析（运营开发）,腾讯,20-40K,"<p>深圳 南山区 南头<em class=""vline""></em>3-5年<em class=""vline""></em>本科</p>","<p>互联网<em class=""vline""></em>已上市<em class=""vline""></em>10000人以上</p>"
77,数据分析师,吉屋科技,15-30K,"<p>深圳 南山区 科技园<em class=""vline""></em>3-5年<em class=""vline""></em>本科</p>","<p>计算机软件<em class=""vline""></em>A轮<em class=""vline""></em>100-499人</p>"
78,数据分析师,PKFARE比客,14-25K,"<p>深圳 南山区 科技园<em class=""vline""></em>经验不限<em class=""vline""></em>本科</p>","<p>旅游<em class=""vline""></em>A轮<em class=""vline""></em>100-499人</p>"
79,数据分析专家,OPPO,30-60K,"<p>深圳 南山区 深圳湾<em class=""vline""></em>5-10年<em class=""vline""></em>本科</p>","<p>互联网<em class=""vline""></em>不需要融资<em class=""vline""></em>10000人以上</p>"
80,数据分析师(J11915),货拉拉科技,15-25K,"<p>深圳 福田区 梅林<em class=""vline""></em>3-5年<em class=""vline""></em>本科</p>","<p>互联网<em class=""vline""></em>D轮及以上<em class=""vline""></em>1000-9999人</p>"
81,数据分析师（业务方向）,阿卡索外教网,12-24K,"<p>深圳 罗湖区 国贸<em class=""vline""></em>3-5年<em class=""vline""></em>大专</p>","<p>在线教育<em class=""vline""></em>C轮<em class=""vline""></em>1000-9999人</p>"
82,产品运营经理（数据分析）,顺丰科技,15-30K·15薪,"<p>深圳 南山区 科技园<em class=""vline""></em>5-10年<em class=""vline""></em>本科</p>","<p>互联网<em class=""vline""></em>不需要融资<em class=""vline""></em>1000-9999人</p>"
83,数据分析师,泽汇科技,10-15K·13薪,"<p>深圳 龙岗区 坂田<em class=""vline""></em>3-5年<em class=""vline""></em>本科</p>","<p>电子商务<em class=""vline""></em>未融资<em class=""vline""></em>1000-9999人</p>"
84,数据分析师,至优出行共享汽车,10-20K,"<p>深圳 南山区 科技园<em class=""vline""></em>1-3年<em class=""vline""></em>本科</p>","<p>移动互联网<em class=""vline""></em>未融资<em class=""vline""></em>100-499人</p>"
85,数据分析助理,OPPO,5-10K,"<p>深圳 南山区 深圳湾<em class=""vline""></em>1年以内<em class=""vline""></em>大专</p>","<p>互联网<em class=""vline""></em>不需要融资<em class=""vline""></em>10000人以上</p>"
86,数据分析师,阿卡索外教网,18-30K,"<p>深圳 罗湖区 国贸<em class=""vline""></em>3-5年<em class=""vline""></em>本科</p>","<p>在线教育<em class=""vline""></em>C轮<em class=""vline""></em>1000-9999人</p>"
87,高级数据分析师,vivo,40-45K,"<p>深圳 福田区 梅林<em class=""vline""></em>3-5年<em class=""vline""></em>本科</p>","<p>移动互联网<em class=""vline""></em>不需要融资<em class=""vline""></em>10000人以上</p>"
88,高级数据分析师,信用生活,20-40K,"<p>深圳 南山区 南头<em class=""vline""></em>1-3年<em class=""vline""></em>本科</p>","<p>互联网金融<em class=""vline""></em>A轮<em class=""vline""></em>20-99人</p>"
89,数据分析,丰e足食,16-30K,"<p>深圳 福田区 新洲<em class=""vline""></em>3-5年<em class=""vline""></em>本科</p>","<p>互联网<em class=""vline""></em>不需要融资<em class=""vline""></em>100-499人</p>"
90,高级数据分析师,OPPO,30-60K,"<p>深圳 福田区 车公庙<em class=""vline""></em>5-10年<em class=""vline""></em>本科</p>","<p>互联网<em class=""vline""></em>不需要融资<em class=""vline""></em>10000人以上</p>"
91,数据分析专员,西遇服饰,4-6K,"<p>深圳  <em class=""vline""></em>1年以内<em class=""vline""></em>大专</p>","<p>其他行业<em class=""vline""></em>未融资<em class=""vline""></em>1000-9999人</p>"
92,数据分析经理,富士康准时达供应链,20-35K,"<p>深圳  <em class=""vline""></em>5-10年<em class=""vline""></em>本科</p>","<p>物流/仓储<em class=""vline""></em>不需要融资<em class=""vline""></em>1000-9999人</p>"
93,数据分析师（战略方向）,阿卡索外教网,12-24K,"<p>深圳 罗湖区 国贸<em class=""vline""></em>3-5年<em class=""vline""></em>本科</p>","<p>在线教育<em class=""vline""></em>C轮<em class=""vline""></em>1000-9999人</p>"
94,金融数据分析师(003516),vivo,25-45K,"<p>深圳 宝安区 新安<em class=""vline""></em>3-5年<em class=""vline""></em>本科</p>","<p>移动互联网<em class=""vline""></em>不需要融资<em class=""vline""></em>10000人以上</p>"
95,数据分析专员,佳沃鑫荣懋,6-10K,"<p>深圳 龙岗区 平湖<em class=""vline""></em>经验不限<em class=""vline""></em>本科</p>","<p>贸易/进出口<em class=""vline""></em>不需要融资<em class=""vline""></em>1000-9999人</p>"
96,数据分析,私募排排网,7-12K,"<p>深圳 福田区 新洲<em class=""vline""></em>1-3年<em class=""vline""></em>本科</p>","<p>互联网金融<em class=""vline""></em>不需要融资<em class=""vline""></em>100-499人</p>"
97,商品专员-（商品数据分析方向）,泽汇科技,7-14K,"<p>深圳 龙岗区 坂田<em class=""vline""></em>3-5年<em class=""vline""></em>本科</p>","<p>电子商务<em class=""vline""></em>未融资<em class=""vline""></em>1000-9999人</p>"
98,数据分析师,客路旅行,12-20K,"<p>深圳 福田区 车公庙<em class=""vline""></em>1-3年<em class=""vline""></em>本科</p>","<p>旅游<em class=""vline""></em>D轮及以上<em class=""vline""></em>1000-9999人</p>"
99,BI 数据分析师 (Salesforce 方向),Shopee,10-20K,"<p>深圳 南山区 科技园<em class=""vline""></em>1-3年<em class=""vline""></em>本科</p>","<p>电子商务<em class=""vline""></em>已上市<em class=""vline""></em>1000-9999人</p>"
100,数据分析师,货车宝科技,20-30K,"<p>深圳 南山区 西丽<em class=""vline""></em>5-10年<em class=""vline""></em>本科</p>","<p>移动互联网<em class=""vline""></em>A轮<em class=""vline""></em>20-99人</p>"
101,电商数据分析师,美乐美,4-9K,"<p>深圳 龙华区 民治<em class=""vline""></em>1-3年<em class=""vline""></em>大专</p>","<p>贸易/进出口<em class=""vline""></em>未融资<em class=""vline""></em>20-99人</p>"
102,数据分析师,油柑网,8-13K,"<p>深圳 福田区 华强北<em class=""vline""></em>1-3年<em class=""vline""></em>大专</p>","<p>互联网<em class=""vline""></em>不需要融资<em class=""vline""></em>20-99人</p>"
103,数据分析师挖掘工程师,中科闻歌,11-22K·13薪,"<p>深圳  <em class=""vline""></em>3-5年<em class=""vline""></em>本科</p>","<p>计算机软件<em class=""vline""></em>A轮<em class=""vline""></em>100-499人</p>"
104,数据分析师,OPPO,20-30K,"<p>深圳 南山区 深圳湾<em class=""vline""></em>3-5年<em class=""vline""></em>本科</p>","<p>互联网<em class=""vline""></em>不需要融资<em class=""vline""></em>10000人以上</p>"
105,数据分析工程师,安天,8-12K,"<p>深圳 宝安区 西乡<em class=""vline""></em>1-3年<em class=""vline""></em>本科</p>","<p>信息安全<em class=""vline""></em>不需要融资<em class=""vline""></em>500-999人</p>"
106,高级数据分析师（深圳）,腾讯,30-60K,"<p>深圳 南山区 科技园<em class=""vline""></em>5-10年<em class=""vline""></em>本科</p>","<p>互联网<em class=""vline""></em>已上市<em class=""vline""></em>10000人以上</p>"
107,数据分析师,货车宝科技,18-30K,"<p>深圳 南山区 西丽<em class=""vline""></em>3-5年<em class=""vline""></em>硕士</p>","<p>移动互联网<em class=""vline""></em>A轮<em class=""vline""></em>20-99人</p>"
108,数据分析师,盈富斯科技,25-50K,"<p>深圳 南山区 科技园<em class=""vline""></em>3-5年<em class=""vline""></em>本科</p>","<p>电子商务<em class=""vline""></em>D轮及以上<em class=""vline""></em>100-499人</p>"
109,商品数据分析,西遇,4-5K,"<p>深圳 罗湖区 清水河<em class=""vline""></em>应届生<em class=""vline""></em>本科</p>","<p>电子商务<em class=""vline""></em>未融资<em class=""vline""></em>1000-9999人</p>"
110,数据分析员,帕拓逊,6-10K,"<p>深圳 龙岗区 坂田<em class=""vline""></em>经验不限<em class=""vline""></em>学历不限</p>","<p>电子商务<em class=""vline""></em>已上市<em class=""vline""></em>1000-9999人</p>"
111,数据分析师,百丽,6-10K,"<p>深圳 南山区 深圳湾<em class=""vline""></em>1-3年<em class=""vline""></em>大专</p>","<p>其他行业<em class=""vline""></em>不需要融资<em class=""vline""></em>10000人以上</p>"
112,高级数据分析师,华强方特,18-35K,"<p>深圳 南山区 科技园<em class=""vline""></em>5-10年<em class=""vline""></em>本科</p>","<p>互联网<em class=""vline""></em>已上市<em class=""vline""></em>10000人以上</p>"
113,数据分析员,诚则成顾问,6-10K,"<p>深圳 龙岗区 万科<em class=""vline""></em>1年以内<em class=""vline""></em>本科</p>","<p>咨询<em class=""vline""></em>未融资<em class=""vline""></em>20-99人</p>"
114,高级数据分析师,盛达瑞公司,15-30K,"<p>深圳 南山区 科技园<em class=""vline""></em>3-5年<em class=""vline""></em>硕士</p>","<p>数据服务<em class=""vline""></em>不需要融资<em class=""vline""></em>100-499人</p>"
115,腾讯社交广告数据分析工程师,腾讯,29-55K,"<p>深圳 南山区 科技园<em class=""vline""></em>3-5年<em class=""vline""></em>硕士</p>","<p>互联网<em class=""vline""></em>已上市<em class=""vline""></em>10000人以上</p>"
116,数据分析平台开发工程师,腾讯互娱,20-30K,"<p>深圳 南山区 科技园<em class=""vline""></em>3-5年<em class=""vline""></em>本科</p>","<p>游戏<em class=""vline""></em>不需要融资<em class=""vline""></em>10000人以上</p>"
117,风控数据分析师,深圳刷宝科技有限公司,20-35K,"<p>深圳 南山区 新安<em class=""vline""></em>5-10年<em class=""vline""></em>本科</p>","<p>互联网金融<em class=""vline""></em>B轮<em class=""vline""></em>100-499人</p>"
118,高级\资深数据分析师,vivo,25-40K,"<p>深圳 宝安区 宝安中心<em class=""vline""></em>5-10年<em class=""vline""></em>本科</p>","<p>移动互联网<em class=""vline""></em>不需要融资<em class=""vline""></em>10000人以上</p>"
119,华为HR产品数据分析师,华为,20-40K·15薪,"<p>深圳 龙岗区 坂田<em class=""vline""></em>5-10年<em class=""vline""></em>本科</p>","<p>计算机软件<em class=""vline""></em>不需要融资<em class=""vline""></em>10000人以上</p>"
120,产品开发专员 数据分析,沃莓科技,5-10K,"<p>深圳 龙华区 龙华<em class=""vline""></em>经验不限<em class=""vline""></em>本科</p>","<p>电子商务<em class=""vline""></em>不需要融资<em class=""vline""></em>1000-9999人</p>"
121,风控数据分析师,盛达瑞公司,15-25K,"<p>深圳 南山区 科技园<em class=""vline""></em>3-5年<em class=""vline""></em>本科</p>","<p>数据服务<em class=""vline""></em>不需要融资<em class=""vline""></em>100-499人</p>"
122,数据分析助理,卓旺科技有限公司,5-7K,"<p>深圳 龙华区 龙华<em class=""vline""></em>1-3年<em class=""vline""></em>本科</p>","<p>电子商务<em class=""vline""></em>未融资<em class=""vline""></em>20-99人</p>"
123,数据分析主管,百丽,8-12K,"<p>深圳 南山区 深圳湾<em class=""vline""></em>3-5年<em class=""vline""></em>本科</p>","<p>其他行业<em class=""vline""></em>不需要融资<em class=""vline""></em>10000人以上</p>"
124,高级数据分析师,妈妈资本,15-20K,"<p>深圳 南山区 科技园<em class=""vline""></em>1-3年<em class=""vline""></em>本科</p>","<p>互联网金融<em class=""vline""></em>A轮<em class=""vline""></em>20-99人</p>"
125,高级数据分析师,OPPO,25-35K,"<p>深圳 南山区 深圳湾<em class=""vline""></em>3-5年<em class=""vline""></em>本科</p>","<p>互联网<em class=""vline""></em>不需要融资<em class=""vline""></em>10000人以上</p>"
126,数据分析师,深圳云天励飞,20-30K,"<p>深圳 南山区 科技园<em class=""vline""></em>1-3年<em class=""vline""></em>硕士</p>","<p>移动互联网<em class=""vline""></em>B轮<em class=""vline""></em>500-999人</p>"
127,高级数据分析师,OPPO,20-40K,"<p>深圳 南山区 深圳湾<em class=""vline""></em>3-5年<em class=""vline""></em>本科</p>","<p>互联网<em class=""vline""></em>不需要融资<em class=""vline""></em>10000人以上</p>"
128,数据分析,居众装饰集团,4-6K,"<p>深圳 龙华区 观澜<em class=""vline""></em>1年以内<em class=""vline""></em>大专</p>","<p>工程施工<em class=""vline""></em>不需要融资<em class=""vline""></em>1000-9999人</p>"
129,高级数据分析专家(J11521),货拉拉科技,25-30K,"<p>深圳 福田区 梅林<em class=""vline""></em>经验不限<em class=""vline""></em>学历不限</p>","<p>互联网<em class=""vline""></em>D轮及以上<em class=""vline""></em>1000-9999人</p>"
130,数据分析师,深镜,15-30K,"<p>深圳 南山区 西丽<em class=""vline""></em>3-5年<em class=""vline""></em>本科</p>","<p>数据服务<em class=""vline""></em>未融资<em class=""vline""></em>0-20人</p>"
131,商品数据分析专员,泽汇科技,7-12K,"<p>深圳 龙岗区 坂田<em class=""vline""></em>1-3年<em class=""vline""></em>本科</p>","<p>电子商务<em class=""vline""></em>未融资<em class=""vline""></em>1000-9999人</p>"
132,数据分析,私募排排网,5-8K,"<p>深圳 福田区 新洲<em class=""vline""></em>1年以内<em class=""vline""></em>本科</p>","<p>互联网金融<em class=""vline""></em>不需要融资<em class=""vline""></em>100-499人</p>"
133,数据分析师 (MJ000021),AKULAKU,15-25K,"<p>深圳 南山区 科技园<em class=""vline""></em>3-5年<em class=""vline""></em>本科</p>","<p>互联网金融<em class=""vline""></em>D轮及以上<em class=""vline""></em>1000-9999人</p>"
134,数据分析总监/副总监(J10846),货拉拉科技,25-50K,"<p>深圳 福田区 梅林<em class=""vline""></em>5-10年<em class=""vline""></em>本科</p>","<p>互联网<em class=""vline""></em>D轮及以上<em class=""vline""></em>1000-9999人</p>"
135,数据分析师,小步网络,20-40K,"<p>深圳 宝安区 西乡<em class=""vline""></em>3-5年<em class=""vline""></em>本科</p>","<p>移动互联网<em class=""vline""></em>B轮<em class=""vline""></em>100-499人</p>"
136,运营数据分析,九星互动,5-7K,"<p>深圳 南山区 科技园<em class=""vline""></em>1年以内<em class=""vline""></em>本科</p>","<p>广告营销<em class=""vline""></em>A轮<em class=""vline""></em>100-499人</p>"
137,数据分析师,OPPO,20-35K,"<p>深圳 南山区 深圳湾<em class=""vline""></em>3-5年<em class=""vline""></em>本科</p>","<p>互联网<em class=""vline""></em>不需要融资<em class=""vline""></em>10000人以上</p>"
138,BI 数据分析师 - Data Analyst,Shopee,6-12K,"<p>深圳 南山区 科技园<em class=""vline""></em>经验不限<em class=""vline""></em>本科</p>","<p>电子商务<em class=""vline""></em>已上市<em class=""vline""></em>1000-9999人</p>"
139,数据分析师（BI方向）,Bindo,15-25K,"<p>深圳 南山区 科技园<em class=""vline""></em>3-5年<em class=""vline""></em>本科</p>","<p>O2O<em class=""vline""></em>A轮<em class=""vline""></em>20-99人</p>"
140,数据分析师(J11494),货拉拉科技,25-40K,"<p>深圳 福田区 梅林<em class=""vline""></em>经验不限<em class=""vline""></em>学历不限</p>","<p>互联网<em class=""vline""></em>D轮及以上<em class=""vline""></em>1000-9999人</p>"
141,数据分析师,鹏达软件,5-6K,"<p>深圳 龙岗区 双龙<em class=""vline""></em>1年以内<em class=""vline""></em>本科</p>","<p>计算机软件<em class=""vline""></em>不需要融资<em class=""vline""></em>0-20人</p>"
142,高级数据分析师,京东,15-30K,"<p>深圳 宝安区 新安<em class=""vline""></em>5-10年<em class=""vline""></em>本科</p>","<p>电子商务<em class=""vline""></em>已上市<em class=""vline""></em>10000人以上</p>"
143,电商数据分析工程师,乐信集团,15-25K,"<p>深圳 南山区 科技园<em class=""vline""></em>3-5年<em class=""vline""></em>本科</p>","<p>移动互联网<em class=""vline""></em>已上市<em class=""vline""></em>1000-9999人</p>"
144,商品专员--商品数据分析方向,泽汇科技,7-12K,"<p>深圳 龙岗区 坂田<em class=""vline""></em>1-3年<em class=""vline""></em>本科</p>","<p>电子商务<em class=""vline""></em>未融资<em class=""vline""></em>1000-9999人</p>"
145,数据分析师（战略方向）,阿卡索外教网,15-25K,"<p>深圳 罗湖区 国贸<em class=""vline""></em>3-5年<em class=""vline""></em>大专</p>","<p>在线教育<em class=""vline""></em>C轮<em class=""vline""></em>1000-9999人</p>"
146,29912-数据分析-运营开发,腾讯,20-40K,"<p>深圳 南山区 科技园<em class=""vline""></em>1-3年<em class=""vline""></em>本科</p>","<p>互联网<em class=""vline""></em>已上市<em class=""vline""></em>10000人以上</p>"
147,BI 资深数据分析师 - Senior Data Analyst,Shopee,10-20K,"<p>深圳 南山区 科技园<em class=""vline""></em>3-5年<em class=""vline""></em>学历不限</p>","<p>电子商务<em class=""vline""></em>已上市<em class=""vline""></em>1000-9999人</p>"
148,商品专员（数据分析员）,深圳赢家服饰,5-8K,"<p>深圳 福田区 车公庙<em class=""vline""></em>3-5年<em class=""vline""></em>大专</p>","<p>服装/纺织/皮革<em class=""vline""></em>不需要融资<em class=""vline""></em>10000人以上</p>"
149,数据分析员,前瞻产业咨询,6-10K,"<p>深圳 福田区 景田<em class=""vline""></em>经验不限<em class=""vline""></em>硕士</p>","<p>企业服务<em class=""vline""></em>未融资<em class=""vline""></em>100-499人</p>"
150,数据分析师,融臻,4-8K,"<p>深圳 罗湖区 宝安南路沿线<em class=""vline""></em>1年以内<em class=""vline""></em>本科</p>","<p>互联网金融<em class=""vline""></em>未融资<em class=""vline""></em>100-499人</p>"
151,数据分析师,羽实箫恩,7-14K,"<p>深圳 罗湖区 万象城<em class=""vline""></em>1-3年<em class=""vline""></em>本科</p>","<p>计算机软件<em class=""vline""></em>已上市<em class=""vline""></em>100-499人</p>"
152,数据分析-互联网-行业准独角兽,开思时代,16-28K·13薪,"<p>深圳 龙岗区 坂田<em class=""vline""></em>3-5年<em class=""vline""></em>本科</p>","<p>移动互联网<em class=""vline""></em>C轮<em class=""vline""></em>1000-9999人</p>"
153,数据分析师,自然醒,4-8K,"<p>深圳 宝安区 西乡<em class=""vline""></em>1-3年<em class=""vline""></em>本科</p>","<p>贸易/进出口<em class=""vline""></em>B轮<em class=""vline""></em>1000-9999人</p>"
154,数据分析师,酷开,12-24K,"<p>深圳 宝安区 石岩<em class=""vline""></em>3-5年<em class=""vline""></em>本科</p>","<p>移动互联网<em class=""vline""></em>D轮及以上<em class=""vline""></em>500-999人</p>"
155,ETL数据分析工程师,追越科技,15-20K,"<p>深圳 福田区 华强南<em class=""vline""></em>3-5年<em class=""vline""></em>本科</p>","<p>移动互联网<em class=""vline""></em>未融资<em class=""vline""></em>100-499人</p>"
156,数据分析师,上海冰鉴,25-50K,"<p>深圳 福田区 车公庙<em class=""vline""></em>3-5年<em class=""vline""></em>硕士</p>","<p>互联网<em class=""vline""></em>B轮<em class=""vline""></em>100-499人</p>"
157,高级数据分析师（海外业务）,OPPO,30-60K,"<p>深圳 福田区 沙头<em class=""vline""></em>3-5年<em class=""vline""></em>本科</p>","<p>互联网<em class=""vline""></em>不需要融资<em class=""vline""></em>10000人以上</p>"
158,数据分析师,ToBox,8-10K,"<p>深圳 南山区 西丽<em class=""vline""></em>3-5年<em class=""vline""></em>大专</p>","<p>电子商务<em class=""vline""></em>B轮<em class=""vline""></em>20-99人</p>"
159,资深\高级数据分析师(J11693),货拉拉科技,15-30K,"<p>深圳 福田区 梅林<em class=""vline""></em>3-5年<em class=""vline""></em>本科</p>","<p>互联网<em class=""vline""></em>D轮及以上<em class=""vline""></em>1000-9999人</p>"
160,数据分析师（业务方向）,阿卡索外教网,15-25K,"<p>深圳 罗湖区 国贸<em class=""vline""></em>1-3年<em class=""vline""></em>大专</p>","<p>在线教育<em class=""vline""></em>C轮<em class=""vline""></em>1000-9999人</p>"
161,数据分析师（基础建设方向）,前海数据,8-16K,"<p>深圳 南山区 深圳湾<em class=""vline""></em>1-3年<em class=""vline""></em>本科</p>","<p>企业服务<em class=""vline""></em>未融资<em class=""vline""></em>20-99人</p>"
162,联盟广告数据分析工程师,OPPO,20-40K,"<p>深圳 南山区 深圳湾<em class=""vline""></em>3-5年<em class=""vline""></em>本科</p>","<p>互联网<em class=""vline""></em>不需要融资<em class=""vline""></em>10000人以上</p>"
163,数据分析师,妙严,11-20K,"<p>深圳 南山区 科技园<em class=""vline""></em>3-5年<em class=""vline""></em>本科</p>","<p>互联网<em class=""vline""></em>天使轮<em class=""vline""></em>20-99人</p>"
164,数据分析师（用户方向）,立创商城 ,15-20K,"<p>深圳 福田区 景田<em class=""vline""></em>3-5年<em class=""vline""></em>本科</p>","<p>电子商务<em class=""vline""></em>A轮<em class=""vline""></em>100-499人</p>"
165,数据分析开发工程师,市值风云,10-15K,"<p>深圳 南山区 科技园<em class=""vline""></em>经验不限<em class=""vline""></em>本科</p>","<p>媒体<em class=""vline""></em>A轮<em class=""vline""></em>20-99人</p>"
166,管理培训生(数据分析方向）,西遇服饰,4-6K,"<p>深圳 罗湖区 笋岗<em class=""vline""></em>1年以内<em class=""vline""></em>大专</p>","<p>其他行业<em class=""vline""></em>未融资<em class=""vline""></em>1000-9999人</p>"
167,数据分析师／风控反欺诈／海外消费金融,AKULAKU,15-30K,"<p>深圳 南山区 科技园<em class=""vline""></em>3-5年<em class=""vline""></em>本科</p>","<p>互联网金融<em class=""vline""></em>D轮及以上<em class=""vline""></em>1000-9999人</p>"
168,华为HR产品数据分析师,华为,20-40K·15薪,"<p>深圳 龙岗区 坂田<em class=""vline""></em>3-5年<em class=""vline""></em>本科</p>","<p>计算机软件<em class=""vline""></em>不需要融资<em class=""vline""></em>10000人以上</p>"
169,数据分析师,万屏时代,15-25K,"<p>深圳 南山区 龙华<em class=""vline""></em>3-5年<em class=""vline""></em>本科</p>","<p>互联网<em class=""vline""></em>A轮<em class=""vline""></em>20-99人</p>"
170,数据分析师,货车宝科技,15-20K,"<p>深圳 南山区 西丽<em class=""vline""></em>5-10年<em class=""vline""></em>本科</p>","<p>移动互联网<em class=""vline""></em>A轮<em class=""vline""></em>20-99人</p>"
171,实习生（数据分析方向）,前海数据,2-6K,"<p>深圳 南山区 深圳湾<em class=""vline""></em>应届生<em class=""vline""></em>本科</p>","<p>企业服务<em class=""vline""></em>未融资<em class=""vline""></em>20-99人</p>"
172,广告商业化数据分析师,OPPO,20-40K,"<p>深圳 南山区 深圳湾<em class=""vline""></em>经验不限<em class=""vline""></em>本科</p>","<p>互联网<em class=""vline""></em>不需要融资<em class=""vline""></em>10000人以上</p>"
173,数据分析文员,纽尔,4-6K,"<p>深圳 罗湖区 火车站<em class=""vline""></em>经验不限<em class=""vline""></em>中专/中技</p>","<p>电子商务<em class=""vline""></em>100-499人</p>"
174,数据分析师,深圳云创智慧空间,7-13K,"<p>深圳 福田区 香蜜湖<em class=""vline""></em>1年以内<em class=""vline""></em>本科</p>","<p>互联网<em class=""vline""></em>天使轮<em class=""vline""></em>20-99人</p>"
175,高级数据分析师,Truemetrics,10-15K,"<p>深圳 南山区 南头<em class=""vline""></em>1-3年<em class=""vline""></em>大专</p>","<p>互联网<em class=""vline""></em>不需要融资<em class=""vline""></em>20-99人</p>"
176,资深数据分析师,中羽贸易,10-15K,"<p>深圳 宝安区 新安<em class=""vline""></em>3-5年<em class=""vline""></em>本科</p>","<p>互联网<em class=""vline""></em>不需要融资<em class=""vline""></em>20-99人</p>"
177,数据运营经理（数据分析）,3D66,13-22K·13薪,"<p>深圳 龙华区 龙华<em class=""vline""></em>3-5年<em class=""vline""></em>本科</p>","<p>互联网<em class=""vline""></em>不需要融资<em class=""vline""></em>20-99人</p>"
178,数据产品经理 金融产品经理  数据分析,Ricequant,11-20K·13薪,"<p>深圳 南山区 科技园<em class=""vline""></em>3-5年<em class=""vline""></em>本科</p>","<p>计算机软件<em class=""vline""></em>B轮<em class=""vline""></em>20-99人</p>"
179,数据分析专员,与杉科技,4-6K,"<p>深圳 南山区 西丽<em class=""vline""></em>经验不限<em class=""vline""></em>本科</p>","<p>互联网金融<em class=""vline""></em>B轮<em class=""vline""></em>500-999人</p>"
180,数据分析,OPPO,15-24K,"<p>深圳 南山区 深圳湾<em class=""vline""></em>1-3年<em class=""vline""></em>本科</p>","<p>互联网<em class=""vline""></em>不需要融资<em class=""vline""></em>10000人以上</p>"
181,业务建模数据分析师,阿卡索外教网,18-30K,"<p>深圳 罗湖区 国贸<em class=""vline""></em>5-10年<em class=""vline""></em>学历不限</p>","<p>在线教育<em class=""vline""></em>C轮<em class=""vline""></em>1000-9999人</p>"
182,数据分析师,vivo,22-44K,"<p>深圳 宝安区 宝安中心<em class=""vline""></em>3-5年<em class=""vline""></em>本科</p>","<p>移动互联网<em class=""vline""></em>不需要融资<em class=""vline""></em>10000人以上</p>"
183,市场调研数据分析员,前海鸿商,4-7K,"<p>深圳 龙岗区 平湖<em class=""vline""></em>1年以内<em class=""vline""></em>大专</p>","<p>电子商务<em class=""vline""></em>天使轮<em class=""vline""></em>20-99人</p>"
184,供应链业务数据分析师,美乐乐家居网,10-15K,"<p>深圳 宝安区 西乡<em class=""vline""></em>3-5年<em class=""vline""></em>本科</p>","<p>互联网<em class=""vline""></em>D轮及以上<em class=""vline""></em>1000-9999人</p>"
185,数据分析,环球易购,15-25K,"<p>深圳 南山区 南山中心<em class=""vline""></em>5-10年<em class=""vline""></em>本科</p>","<p>电子商务<em class=""vline""></em>已上市<em class=""vline""></em>1000-9999人</p>"
186,数据分析可视化产品经理,前海数据,10-15K,"<p>深圳  <em class=""vline""></em>1年以内<em class=""vline""></em>本科</p>","<p>企业服务<em class=""vline""></em>未融资<em class=""vline""></em>20-99人</p>"
187,数据分析产品经理,腾讯,20-40K,"<p>深圳 南山区 科技园<em class=""vline""></em>5-10年<em class=""vline""></em>本科</p>","<p>互联网<em class=""vline""></em>已上市<em class=""vline""></em>10000人以上</p>"
188,资深数据分析师(J11772),货拉拉科技,50-70K,"<p>深圳 福田区 梅林<em class=""vline""></em>5-10年<em class=""vline""></em>本科</p>","<p>互联网<em class=""vline""></em>D轮及以上<em class=""vline""></em>1000-9999人</p>"
189,数据分析,私募排排网,5-8K,"<p>深圳 福田区 新洲<em class=""vline""></em>1-3年<em class=""vline""></em>本科</p>","<p>互联网金融<em class=""vline""></em>不需要融资<em class=""vline""></em>100-499人</p>"
190,高级数据分析师,顺丰速运,26-52K,"<p>深圳 南山区 科技园<em class=""vline""></em>3-5年<em class=""vline""></em>硕士</p>","<p>其他行业<em class=""vline""></em>已上市<em class=""vline""></em>10000人以上</p>"
191,高级数据分析师,货拉拉科技,25-45K·14薪,"<p>深圳 福田区 梅林<em class=""vline""></em>5-10年<em class=""vline""></em>本科</p>","<p>互联网<em class=""vline""></em>D轮及以上<em class=""vline""></em>1000-9999人</p>"
192,亚马逊数据分析/市场调研,第一卫,6-11K,"<p>深圳 龙华区 龙华<em class=""vline""></em>3-5年<em class=""vline""></em>大专</p>","<p>电子商务<em class=""vline""></em>未融资<em class=""vline""></em>500-999人</p>"
193,数据分析师,OPPO,15-30K,"<p>深圳 南山区 深圳湾<em class=""vline""></em>3-5年<em class=""vline""></em>本科</p>","<p>互联网<em class=""vline""></em>不需要融资<em class=""vline""></em>10000人以上</p>"
194,供应链 数据分析员,深圳中金国礼文化金,5-6K,"<p>深圳 罗湖区 翠竹<em class=""vline""></em>1-3年<em class=""vline""></em>大专</p>","<p>贸易/进出口<em class=""vline""></em>不需要融资<em class=""vline""></em>100-499人</p>"
195,数据分析师（挖掘方向）,吉比特,11-20K·13薪,"<p>深圳 南山区 西丽<em class=""vline""></em>3-5年<em class=""vline""></em>本科</p>","<p>游戏<em class=""vline""></em>已上市<em class=""vline""></em>500-999人</p>"
196,数据分析架构师,华为技术有限公司,40-60K,"<p>深圳 龙岗区 坂田<em class=""vline""></em>5-10年<em class=""vline""></em>本科</p>","<p>计算机软件<em class=""vline""></em>不需要融资<em class=""vline""></em>10000人以上</p>"
197,数据分析师（渠道方向）,随手科技,13-25K,"<p>深圳 南山区 科技园<em class=""vline""></em>3-5年<em class=""vline""></em>本科</p>","<p>互联网<em class=""vline""></em>C轮<em class=""vline""></em>1000-9999人</p>"
198,数据分析实习生,白骑士,4-6K,"<p>深圳 南山区 科技园<em class=""vline""></em>应届生<em class=""vline""></em>硕士</p>","<p>互联网<em class=""vline""></em>天使轮<em class=""vline""></em>20-99人</p>"
199,数据分析师,环球易购,10-15K,"<p>深圳 南山区 南山中心<em class=""vline""></em>1-3年<em class=""vline""></em>本科</p>","<p>电子商务<em class=""vline""></em>已上市<em class=""vline""></em>1000-9999人</p>"
200,数据分析师,vivo,20-40K,"<p>深圳 福田区 梅林<em class=""vline""></em>经验不限<em class=""vline""></em>学历不限</p>","<p>移动互联网<em class=""vline""></em>不需要融资<em class=""vline""></em>10000人以上</p>"
201,数据分析师/BI,盛迪嘉支付,10-20K,"<p>深圳 南山区 科技园<em class=""vline""></em>1-3年<em class=""vline""></em>大专</p>","<p>移动互联网<em class=""vline""></em>不需要融资<em class=""vline""></em>100-499人</p>"
202,数据产品经理 金融产品经理 数据分析师,Ricequant,11-20K·13薪,"<p>深圳 南山区 科技园<em class=""vline""></em>3-5年<em class=""vline""></em>本科</p>","<p>计算机软件<em class=""vline""></em>B轮<em class=""vline""></em>20-99人</p>"
203,数据分析师,白骑士,15-30K,"<p>深圳 南山区 科技园<em class=""vline""></em>3-5年<em class=""vline""></em>本科</p>","<p>互联网<em class=""vline""></em>天使轮<em class=""vline""></em>20-99人</p>"
204,在线教育数据分析高级工程师,腾讯,30-50K,"<p>深圳 南山区 科技园<em class=""vline""></em>3-5年<em class=""vline""></em>本科</p>","<p>互联网<em class=""vline""></em>已上市<em class=""vline""></em>10000人以上</p>"
205,贷前反欺诈数据分析师,马上消费金融,15-20K·13薪,"<p>深圳 福田区 景田<em class=""vline""></em>1-3年<em class=""vline""></em>本科</p>","<p>互联网金融<em class=""vline""></em>不需要融资<em class=""vline""></em>1000-9999人</p>"
206,数据分析师,华为,15-30K,"<p>深圳 龙岗区 坂田<em class=""vline""></em>5-10年<em class=""vline""></em>本科</p>","<p>计算机软件<em class=""vline""></em>不需要融资<em class=""vline""></em>10000人以上</p>"
207,数据分析师（跨境电商）,亚声威格科技,6-11K,"<p>深圳 龙岗区 坂田<em class=""vline""></em>1-3年<em class=""vline""></em>大专</p>","<p>互联网<em class=""vline""></em>未融资<em class=""vline""></em>500-999人</p>"
208,数据分析员,世纪冠航,4-6K,"<p>深圳 罗湖区 火车站<em class=""vline""></em>经验不限<em class=""vline""></em>中专/中技</p>","<p>物流/仓储<em class=""vline""></em>不需要融资<em class=""vline""></em>100-499人</p>"
209,数据分析工程师,腾讯,20-40K,"<p>深圳 南山区 科技园<em class=""vline""></em>3-5年<em class=""vline""></em>本科</p>","<p>互联网<em class=""vline""></em>已上市<em class=""vline""></em>10000人以上</p>"
210,23486-证券数据分析工程师,腾讯,30-60K,"<p>深圳 南山区 科技园<em class=""vline""></em>经验不限<em class=""vline""></em>硕士</p>","<p>互联网<em class=""vline""></em>已上市<em class=""vline""></em>10000人以上</p>"
211,数据分析师,环球易购,24-40K,"<p>深圳 南山区 南山中心<em class=""vline""></em>经验不限<em class=""vline""></em>本科</p>","<p>电子商务<em class=""vline""></em>已上市<em class=""vline""></em>1000-9999人</p>"
212,资深数据分析开发工程师（国,万兴科技,15-30K,"<p>深圳 南山区 科技园<em class=""vline""></em>3-5年<em class=""vline""></em>本科</p>","<p>计算机软件<em class=""vline""></em>已上市<em class=""vline""></em>500-999人</p>"
213,腾讯云泛互联网高级数据分析师,腾讯,30-60K·16薪,"<p>深圳 南山区 科技园<em class=""vline""></em>5-10年<em class=""vline""></em>本科</p>","<p>互联网<em class=""vline""></em>已上市<em class=""vline""></em>10000人以上</p>"
214,数据分析经理,丽枫酒店,15-20K,"<p>深圳 南山区 深圳湾<em class=""vline""></em>5-10年<em class=""vline""></em>本科</p>","<p>旅游<em class=""vline""></em>不需要融资<em class=""vline""></em>10000人以上</p>"
215,管理培训生（数据分析方向）,西遇服饰,4-5K,"<p>深圳 罗湖区 笋岗<em class=""vline""></em>应届生<em class=""vline""></em>大专</p>","<p>其他行业<em class=""vline""></em>未融资<em class=""vline""></em>1000-9999人</p>"
216,高级数据分析工程师,OPPO,15-30K,"<p>深圳 南山区 深圳湾<em class=""vline""></em>3-5年<em class=""vline""></em>本科</p>","<p>互联网<em class=""vline""></em>不需要融资<em class=""vline""></em>10000人以上</p>"
217,数据分析师,OPPO,40-60K,"<p>深圳 南山区 深圳湾<em class=""vline""></em>经验不限<em class=""vline""></em>本科</p>","<p>互联网<em class=""vline""></em>不需要融资<em class=""vline""></em>10000人以上</p>"
218,数据分析,华润万家有限公司,4-6K,"<p>深圳 罗湖区 黄贝岭<em class=""vline""></em>经验不限<em class=""vline""></em>大专</p>","<p>生活服务<em class=""vline""></em>不需要融资<em class=""vline""></em>10000人以上</p>"
219,数据分析师,OPPO,18-35K,"<p>深圳 南山区 深圳湾<em class=""vline""></em>经验不限<em class=""vline""></em>本科</p>","<p>互联网<em class=""vline""></em>不需要融资<em class=""vline""></em>10000人以上</p>"
220,财务数据分析（道之道科技）,道之道,6-8K,"<p>深圳 南山区 科技园<em class=""vline""></em>1-3年<em class=""vline""></em>大专</p>","<p>电子商务<em class=""vline""></em>未融资<em class=""vline""></em>20-99人</p>"
221,搜索广告-高级数据分析师,OPPO,20-40K,"<p>深圳 南山区 深圳湾<em class=""vline""></em>3-5年<em class=""vline""></em>本科</p>","<p>互联网<em class=""vline""></em>不需要融资<em class=""vline""></em>10000人以上</p>"
222,数据分析师,华为技术有限公司,25-50K,"<p>深圳 龙岗区 坂田<em class=""vline""></em>5-10年<em class=""vline""></em>本科</p>","<p>计算机软件<em class=""vline""></em>不需要融资<em class=""vline""></em>10000人以上</p>"
223,EXCEL 数据分析,智在咨询,4-9K,"<p>深圳 龙岗区 龙岗中心城<em class=""vline""></em>经验不限<em class=""vline""></em>学历不限</p>","<p>咨询<em class=""vline""></em>未融资<em class=""vline""></em>0-20人</p>"
224,高级数据分析师,OPPO,20-40K,"<p>深圳 南山区 深圳湾<em class=""vline""></em>1年以内<em class=""vline""></em>本科</p>","<p>互联网<em class=""vline""></em>不需要融资<em class=""vline""></em>10000人以上</p>"
225,数据分析高级工程师,华为技术有限公司,30-60K,"<p>深圳 龙岗区 坂田<em class=""vline""></em>5-10年<em class=""vline""></em>本科</p>","<p>计算机软件<em class=""vline""></em>不需要融资<em class=""vline""></em>10000人以上</p>"
226,腾讯视频会员数据分析工程师,腾讯,20-40K,"<p>深圳 南山区 科技园<em class=""vline""></em>1-3年<em class=""vline""></em>本科</p>","<p>互联网<em class=""vline""></em>已上市<em class=""vline""></em>10000人以上</p>"
227,数据分析师,健康160,12-22K,"<p>深圳 南山区 南山中心<em class=""vline""></em>3-5年<em class=""vline""></em>本科</p>","<p>医疗健康<em class=""vline""></em>已上市<em class=""vline""></em>500-999人</p>"
228,数据分析,小泊,12-20K,"<p>深圳 龙岗区 坂田<em class=""vline""></em>3-5年<em class=""vline""></em>本科</p>","<p>移动互联网<em class=""vline""></em>不需要融资<em class=""vline""></em>100-499人</p>"
229,数据分析师,值尚互动,10-20K,"<p>深圳 福田区 梅林<em class=""vline""></em>3-5年<em class=""vline""></em>本科</p>","<p>游戏<em class=""vline""></em>不需要融资<em class=""vline""></em>100-499人</p>"
230,数据分析师,BDS大数易,8-16K,"<p>深圳 福田区 华强北<em class=""vline""></em>3-5年<em class=""vline""></em>本科</p>","<p>数据服务<em class=""vline""></em>天使轮<em class=""vline""></em>0-20人</p>"
231,数据分析师（实习生）,BDS大数易,3-5K,"<p>深圳 福田区 华强北<em class=""vline""></em>应届生<em class=""vline""></em>本科</p>","<p>数据服务<em class=""vline""></em>天使轮<em class=""vline""></em>0-20人</p>"
232,数据分析师,RDC,15-20K,"<p>深圳 南山区 科技园<em class=""vline""></em>3-5年<em class=""vline""></em>本科</p>","<p>互联网<em class=""vline""></em>A轮<em class=""vline""></em>20-99人</p>"
233,数据分析专员（电商女装）,女巫和骑士,6-8K,"<p>深圳 龙岗区 坂田<em class=""vline""></em>1-3年<em class=""vline""></em>大专</p>","<p>电子商务<em class=""vline""></em>不需要融资<em class=""vline""></em>20-99人</p>"
234,数据分析专员,平安普惠深圳,8-12K,"<p>深圳 南山区 华侨城<em class=""vline""></em>1年以内<em class=""vline""></em>本科</p>","<p>互联网金融<em class=""vline""></em>已上市<em class=""vline""></em>10000人以上</p>"
235,数据分析师,腾讯,20-40K,"<p>深圳 南山区 科技园<em class=""vline""></em>3-5年<em class=""vline""></em>本科</p>","<p>互联网<em class=""vline""></em>已上市<em class=""vline""></em>10000人以上</p>"
236,数据分析,天锐互动,4-8K,"<p>深圳 龙华区 民治<em class=""vline""></em>1年以内<em class=""vline""></em>大专</p>","<p>广告营销<em class=""vline""></em>0-20人</p>"
237,数据分析师,丰盛谷,10-15K,"<p>深圳 南山区 后海<em class=""vline""></em>1-3年<em class=""vline""></em>本科</p>","<p>投资/融资<em class=""vline""></em>不需要融资<em class=""vline""></em>0-20人</p>"
238,电力数据分析师,深圳汽航院,12-15K,"<p>深圳 南山区 西丽<em class=""vline""></em>1年以内<em class=""vline""></em>硕士</p>","<p>汽车零部件<em class=""vline""></em>未融资<em class=""vline""></em>0-20人</p>"
239,数据分析师,跨海侠,10-20K,"<p>深圳 福田区 车公庙<em class=""vline""></em>3-5年<em class=""vline""></em>学历不限</p>","<p>电子商务<em class=""vline""></em>A轮<em class=""vline""></em>100-499人</p>"
240,数据分析师,卓伦文媒,10-20K,"<p>深圳 南山区 南头<em class=""vline""></em>1-3年<em class=""vline""></em>本科</p>","<p>广告营销<em class=""vline""></em>20-99人</p>"
241,数据分析专员,四方信达,3-6K,"<p>深圳  <em class=""vline""></em>1-3年<em class=""vline""></em>大专</p>","<p>电子/半导体/集成电路<em class=""vline""></em>20-99人</p>"
242,高级数据分析师/经理,投哪网,20-40K,"<p>深圳 福田区 香蜜湖<em class=""vline""></em>3-5年<em class=""vline""></em>本科</p>","<p>互联网金融<em class=""vline""></em>C轮<em class=""vline""></em>1000-9999人</p>"
243,数据分析师,四方信达,6-11K,"<p>深圳  <em class=""vline""></em>5-10年<em class=""vline""></em>大专</p>","<p>电子/半导体/集成电路<em class=""vline""></em>20-99人</p>"
244,数据分析副总/高级经理,投哪网,20-40K,"<p>深圳 福田区 香蜜湖<em class=""vline""></em>5-10年<em class=""vline""></em>本科</p>","<p>互联网金融<em class=""vline""></em>C轮<em class=""vline""></em>1000-9999人</p>"
245,数据分析工程师,四方信达,5-10K,"<p>深圳  <em class=""vline""></em>1-3年<em class=""vline""></em>大专</p>","<p>电子/半导体/集成电路<em class=""vline""></em>20-99人</p>"
246,高级数据分析师,投哪网,15-25K,"<p>深圳 福田区 香蜜湖<em class=""vline""></em>经验不限<em class=""vline""></em>本科</p>","<p>互联网金融<em class=""vline""></em>C轮<em class=""vline""></em>1000-9999人</p>"
247,BI-数据分析师,青童时代,10-15K,"<p>深圳 南山区 科技园<em class=""vline""></em>1-3年<em class=""vline""></em>大专</p>","<p>互联网<em class=""vline""></em>A轮<em class=""vline""></em>20-99人</p>"
248,数据分析师,合众融,9-14K,"<p>深圳 龙岗区 坂田<em class=""vline""></em>1-3年<em class=""vline""></em>本科</p>","<p>互联网<em class=""vline""></em>B轮<em class=""vline""></em>20-99人</p>"
249,数据分析师,马上消费金融,15-30K,"<p>深圳 福田区 保税区<em class=""vline""></em>5-10年<em class=""vline""></em>本科</p>","<p>互联网金融<em class=""vline""></em>不需要融资<em class=""vline""></em>1000-9999人</p>"
250,BI数据分析师,星盘数据,6-12K,"<p>深圳 南山区 科技园<em class=""vline""></em>1-3年<em class=""vline""></em>本科</p>","<p>数据服务<em class=""vline""></em>未融资<em class=""vline""></em>0-20人</p>"
251,数据分析师（数据挖掘工程师）,博函,6-11K,"<p>深圳 龙华区 民治<em class=""vline""></em>3-5年<em class=""vline""></em>本科</p>","<p>企业服务<em class=""vline""></em>未融资<em class=""vline""></em>20-99人</p>"
252,数据分析师,腾讯,15-30K,"<p>深圳 南山区 科技园<em class=""vline""></em>1-3年<em class=""vline""></em>本科</p>","<p>互联网<em class=""vline""></em>已上市<em class=""vline""></em>10000人以上</p>"
253,数据分析师,田地汇农服,10-20K,"<p>深圳 南山区 科技园<em class=""vline""></em>3-5年<em class=""vline""></em>本科</p>","<p>企业服务<em class=""vline""></em>天使轮<em class=""vline""></em>0-20人</p>"
254,数据分析,采集科技,4-8K,"<p>深圳 福田区 车公庙<em class=""vline""></em>经验不限<em class=""vline""></em>本科</p>","<p>移动互联网<em class=""vline""></em>未融资<em class=""vline""></em>20-99人</p>"
255,数据分析工程师,柠创,15-30K,"<p>深圳 福田区 华侨城<em class=""vline""></em>3-5年<em class=""vline""></em>本科</p>","<p>智能硬件<em class=""vline""></em>C轮<em class=""vline""></em>20-99人</p>"
256,数据分析师,珍爱网,10-20K,"<p>深圳 南山区 深圳湾<em class=""vline""></em>3-5年<em class=""vline""></em>本科</p>","<p>社交网络<em class=""vline""></em>不需要融资<em class=""vline""></em>1000-9999人</p>"
257,数据分析专家,卓轩科技,15-30K,"<p>深圳 南山区 深圳湾<em class=""vline""></em>5-10年<em class=""vline""></em>本科</p>","<p>数据服务<em class=""vline""></em>A轮<em class=""vline""></em>100-499人</p>"
258,数据分析师,量基科技,30-35K,"<p>深圳 南山区 科技园<em class=""vline""></em>3-5年<em class=""vline""></em>本科</p>","<p>数据服务<em class=""vline""></em>天使轮<em class=""vline""></em>0-20人</p>"
259,数据分析师/电商/消费金融/2-3年工作经验,AKULAKU,10-20K,"<p>深圳 南山区 南山中心<em class=""vline""></em>1-3年<em class=""vline""></em>本科</p>","<p>互联网金融<em class=""vline""></em>D轮及以上<em class=""vline""></em>1000-9999人</p>"
260,数据分析师,百度,15-30K,"<p>深圳 南山区 科技园<em class=""vline""></em>1-3年<em class=""vline""></em>本科</p>","<p>互联网<em class=""vline""></em>已上市<em class=""vline""></em>10000人以上</p>"
261,数据分析工程师/专家,vivo,10-20K,"<p>深圳 福田区 梅林<em class=""vline""></em>经验不限<em class=""vline""></em>本科</p>","<p>移动互联网<em class=""vline""></em>不需要融资<em class=""vline""></em>10000人以上</p>"
262,数据分析师,OPPO,15-25K,"<p>深圳 南山区 深圳湾<em class=""vline""></em>1-3年<em class=""vline""></em>本科</p>","<p>互联网<em class=""vline""></em>不需要融资<em class=""vline""></em>10000人以上</p>"
263,数据分析师,希为科技,15-25K·14薪,"<p>深圳 罗湖区 地王<em class=""vline""></em>3-5年<em class=""vline""></em>本科</p>","<p>企业服务<em class=""vline""></em>不需要融资<em class=""vline""></em>20-99人</p>"
264,数据分析师,大卖车,10-15K,"<p>深圳 福田区 竹子林<em class=""vline""></em>1-3年<em class=""vline""></em>本科</p>","<p>互联网金融<em class=""vline""></em>A轮<em class=""vline""></em>20-99人</p>"
265,数据分析主管（珠宝）,珂兰钻石,8-10K,"<p>深圳  <em class=""vline""></em>1-3年<em class=""vline""></em>大专</p>","<p>互联网<em class=""vline""></em>已上市<em class=""vline""></em>1000-9999人</p>"
266,数据分析师,新浪爱问普惠,15-25K,"<p>深圳 南山区 科技园<em class=""vline""></em>3-5年<em class=""vline""></em>本科</p>","<p>互联网金融<em class=""vline""></em>未融资<em class=""vline""></em>500-999人</p>"
267,产品开发助理/电商数据分析,折800,4-6K,"<p>深圳 龙岗区 坂田<em class=""vline""></em>应届生<em class=""vline""></em>本科</p>","<p>互联网<em class=""vline""></em>C轮<em class=""vline""></em>1000-9999人</p>"
268,体育数据分析,傲雷科技,6-12K,"<p>深圳 宝安区 新安<em class=""vline""></em>5-10年<em class=""vline""></em>本科</p>","<p>互联网<em class=""vline""></em>未融资<em class=""vline""></em>20-99人</p>"
269,数据分析主管,盛达瑞公司,12-20K,"<p>深圳 南山区 科技园<em class=""vline""></em>3-5年<em class=""vline""></em>本科</p>","<p>数据服务<em class=""vline""></em>不需要融资<em class=""vline""></em>100-499人</p>"
270,高级广告数据分析师,OPPO,20-40K,"<p>深圳 南山区 深圳湾<em class=""vline""></em>3-5年<em class=""vline""></em>本科</p>","<p>互联网<em class=""vline""></em>不需要融资<em class=""vline""></em>10000人以上</p>"
271,BI 数据分析师,传易互联,10-12K,"<p>深圳 南山区 科技园<em class=""vline""></em>3-5年<em class=""vline""></em>本科</p>","<p>移动互联网<em class=""vline""></em>不需要融资<em class=""vline""></em>500-999人</p>"
272,数据分析师,酷开,10-20K,"<p>深圳 宝安区 石岩<em class=""vline""></em>3-5年<em class=""vline""></em>本科</p>","<p>移动互联网<em class=""vline""></em>D轮及以上<em class=""vline""></em>500-999人</p>"
273,商业数据分析师,PKFARE比客,10-20K,"<p>深圳 南山区 科技园<em class=""vline""></em>3-5年<em class=""vline""></em>本科</p>","<p>旅游<em class=""vline""></em>A轮<em class=""vline""></em>100-499人</p>"
274,数据分析员,纵腾,4-6K,"<p>深圳 龙华区 民治<em class=""vline""></em>经验不限<em class=""vline""></em>本科</p>","<p>互联网<em class=""vline""></em>C轮<em class=""vline""></em>1000-9999人</p>"
275,数据分析师,中航证券,13-26K,"<p>深圳 福田区 华强北<em class=""vline""></em>经验不限<em class=""vline""></em>本科</p>","<p>互联网金融<em class=""vline""></em>已上市<em class=""vline""></em>1000-9999人</p>"
276,数据分析师,牙邦科技,15-25K,"<p>深圳 宝安区 西乡<em class=""vline""></em>1-3年<em class=""vline""></em>本科</p>","<p>电子商务<em class=""vline""></em>未融资<em class=""vline""></em>100-499人</p>"
277,数据分析师1285,OPPO,10-20K,"<p>深圳 福田区 石厦<em class=""vline""></em>3-5年<em class=""vline""></em>本科</p>","<p>互联网<em class=""vline""></em>不需要融资<em class=""vline""></em>10000人以上</p>"
278,数据分析员（医药）,全药网,7-10K,"<p>深圳 南山区 科技园<em class=""vline""></em>3-5年<em class=""vline""></em>本科</p>","<p>医疗健康<em class=""vline""></em>未融资<em class=""vline""></em>100-499人</p>"
279,高级数据分析师,中天安驰,15-30K,"<p>深圳 南山区 科技园<em class=""vline""></em>3-5年<em class=""vline""></em>硕士</p>","<p>智能硬件<em class=""vline""></em>B轮<em class=""vline""></em>100-499人</p>"
280,数据分析,中外国际,15-27K,"<p>深圳 南山区 后海<em class=""vline""></em>3-5年<em class=""vline""></em>本科</p>","<p>咨询<em class=""vline""></em>20-99人</p>"
281,数据分析师,长亭易购,10-20K,"<p>深圳 福田区 华强北<em class=""vline""></em>3-5年<em class=""vline""></em>本科</p>","<p>互联网<em class=""vline""></em>天使轮<em class=""vline""></em>20-99人</p>"
282,数据分析处理,长亭易购,8-16K,"<p>深圳 福田区 华强北<em class=""vline""></em>1-3年<em class=""vline""></em>本科</p>","<p>互联网<em class=""vline""></em>天使轮<em class=""vline""></em>20-99人</p>"
283,风控数据分析,我来贷WeLab,10-20K,"<p>深圳 南山区 深圳湾<em class=""vline""></em>1-3年<em class=""vline""></em>本科</p>","<p>互联网<em class=""vline""></em>B轮<em class=""vline""></em>500-999人</p>"
284,数据分析师,长亭易购,8-16K,"<p>深圳 福田区 华强北<em class=""vline""></em>1-3年<em class=""vline""></em>本科</p>","<p>互联网<em class=""vline""></em>天使轮<em class=""vline""></em>20-99人</p>"
285,客户支持工程师 –数据分析（华为外包）,深圳华为,10-15K,"<p>深圳 龙岗区 坂田<em class=""vline""></em>经验不限<em class=""vline""></em>本科</p>","<p>通信/网络设备<em class=""vline""></em>不需要融资<em class=""vline""></em>10000人以上</p>"
286,数据分析师,环球易购,25-30K,"<p>深圳 南山区 南山中心<em class=""vline""></em>5-10年<em class=""vline""></em>本科</p>","<p>电子商务<em class=""vline""></em>已上市<em class=""vline""></em>1000-9999人</p>"
287,数据分析项目经理,随手科技,15-25K,"<p>深圳 南山区 科技园<em class=""vline""></em>5-10年<em class=""vline""></em>本科</p>","<p>互联网<em class=""vline""></em>C轮<em class=""vline""></em>1000-9999人</p>"
288,数据分析师,华为,20-40K,"<p>深圳 龙岗区 万科城<em class=""vline""></em>经验不限<em class=""vline""></em>本科</p>","<p>计算机软件<em class=""vline""></em>不需要融资<em class=""vline""></em>10000人以上</p>"
289,数据分析师,顽皮狗,8-9K,"<p>深圳 南山区 南头<em class=""vline""></em>1-3年<em class=""vline""></em>本科</p>","<p>广告营销<em class=""vline""></em>未融资<em class=""vline""></em>20-99人</p>"
290,数据分析师,元气弹,15-22K,"<p>深圳 南山区 科技园<em class=""vline""></em>1-3年<em class=""vline""></em>本科</p>","<p>互联网金融<em class=""vline""></em>天使轮<em class=""vline""></em>0-20人</p>"
291,数据分析师,开眼广告传媒,8-15K,"<p>深圳 南山区 科技园<em class=""vline""></em>1-3年<em class=""vline""></em>本科</p>","<p>音乐/视频/阅读<em class=""vline""></em>天使轮<em class=""vline""></em>20-99人</p>"
292,金融业务数据分析师,OPPO,15-30K,"<p>深圳 南山区 深圳湾<em class=""vline""></em>1-3年<em class=""vline""></em>本科</p>","<p>互联网<em class=""vline""></em>不需要融资<em class=""vline""></em>10000人以上</p>"
293,数据分析师,银河咨询,18-35K,"<p>深圳 福田区 车公庙<em class=""vline""></em>3-5年<em class=""vline""></em>本科</p>","<p>生活服务<em class=""vline""></em>未融资<em class=""vline""></em>100-499人</p>"
294,高级数据分析工程师,OPPO,20-30K,"<p>深圳 南山区 南油<em class=""vline""></em>3-5年<em class=""vline""></em>本科</p>","<p>互联网<em class=""vline""></em>不需要融资<em class=""vline""></em>10000人以上</p>"
295,数据分析,鼎鼎赞,12-20K,"<p>深圳 南山区 南山中心<em class=""vline""></em>3-5年<em class=""vline""></em>本科</p>","<p>互联网<em class=""vline""></em>1000-9999人</p>"
296,资深数据分析开发工程师,万兴科技,15-25K,"<p>深圳 南山区 科技园<em class=""vline""></em>3-5年<em class=""vline""></em>本科</p>","<p>计算机软件<em class=""vline""></em>已上市<em class=""vline""></em>500-999人</p>"
297,数据分析师,佰赢,7-10K,"<p>深圳 福田区 梅林<em class=""vline""></em>1-3年<em class=""vline""></em>本科</p>","<p>互联网金融<em class=""vline""></em>不需要融资<em class=""vline""></em>500-999人</p>"
