,岗位名称,公司名称,薪资,岗位信息,公司信息
0,数据分析,美克家居,8-9K,"<p>上海 徐汇区 徐家汇<em class=""vline""></em>3-5年<em class=""vline""></em>本科</p>","<p>新零售<em class=""vline""></em>已上市<em class=""vline""></em>10000人以上</p>"
1,数据分析经理,博世猫,28-55K,"<p>上海 徐汇区 徐家汇<em class=""vline""></em>3-5年<em class=""vline""></em>硕士</p>","<p>社交网络<em class=""vline""></em>B轮<em class=""vline""></em>100-499人</p>"
2,临床数据分析专员,卫宁健康,15-30K,"<p>上海 静安区 汶水路<em class=""vline""></em>1-3年<em class=""vline""></em>本科</p>","<p>医疗健康<em class=""vline""></em>已上市<em class=""vline""></em>1000-9999人</p>"
3,数据分析师,拼多多,15-30K,"<p>上海 长宁区 古北<em class=""vline""></em>1-3年<em class=""vline""></em>本科</p>","<p>移动互联网<em class=""vline""></em>已上市<em class=""vline""></em>1000-9999人</p>"
4,数据分析师,齐家网,14-28K,"<p>上海 嘉定区 丰庄<em class=""vline""></em>5-10年<em class=""vline""></em>本科</p>","<p>互联网<em class=""vline""></em>已上市<em class=""vline""></em>1000-9999人</p>"
5,数据分析师,达达-京东到家,20-25K,"<p>上海 杨浦区 东外滩<em class=""vline""></em>3-5年<em class=""vline""></em>本科</p>","<p>O2O<em class=""vline""></em>D轮及以上<em class=""vline""></em>1000-9999人</p>"
6,数据分析师,国双科技,8-15K,"<p>上海 静安区 南京西路<em class=""vline""></em>1-3年<em class=""vline""></em>本科</p>","<p>互联网<em class=""vline""></em>已上市<em class=""vline""></em>1000-9999人</p>"
7,资深数据分析,达达-京东到家,30-50K,"<p>上海 杨浦区 东外滩<em class=""vline""></em>5-10年<em class=""vline""></em>本科</p>","<p>O2O<em class=""vline""></em>D轮及以上<em class=""vline""></em>1000-9999人</p>"
8,数据分析师,秦苍科技,8-13K·13薪,"<p>上海 浦东新区 塘桥<em class=""vline""></em>1-3年<em class=""vline""></em>本科</p>","<p>互联网金融<em class=""vline""></em>D轮及以上<em class=""vline""></em>1000-9999人</p>"
9,数据分析,上海源石数据,11-18K,"<p>上海 徐汇区 漕河泾<em class=""vline""></em>3-5年<em class=""vline""></em>大专</p>","<p>移动互联网<em class=""vline""></em>B轮<em class=""vline""></em>100-499人</p>"
10,数据分析师,韩创科技,14-20K,"<p>上海 浦东新区 张江<em class=""vline""></em>1-3年<em class=""vline""></em>本科</p>","<p>互联网<em class=""vline""></em>不需要融资<em class=""vline""></em>500-999人</p>"
11,数据分析助理（实习）,红星美凯龙住建集采,2-3K,"<p>上海 普陀区 长征<em class=""vline""></em>经验不限<em class=""vline""></em>本科</p>","<p>装修装饰<em class=""vline""></em>已上市<em class=""vline""></em>10000人以上</p>"
12,数据分析,深杳智能,150-250/天,"<p>上海 闵行区 老闵行<em class=""vline""></em>3天/周<em class=""vline""></em>3个月<em class=""vline""></em>本科</p>","<p>计算机服务<em class=""vline""></em>B轮<em class=""vline""></em>500-999人</p>"
13,高级数据分析师,上海识装信息科技...,20-35K,"<p>上海 虹口区 广中路<em class=""vline""></em>5-10年<em class=""vline""></em>本科</p>","<p>电子商务<em class=""vline""></em>B轮<em class=""vline""></em>500-999人</p>"
14,资深数据分析师,爱回收,15-25K·14薪,"<p>上海 杨浦区 五角场<em class=""vline""></em>3-5年<em class=""vline""></em>本科</p>","<p>互联网<em class=""vline""></em>D轮及以上<em class=""vline""></em>1000-9999人</p>"
15,高级数据分析师,Oriente,30-50K,"<p>上海 黄浦区 人民广场<em class=""vline""></em>5-10年<em class=""vline""></em>本科</p>","<p>互联网<em class=""vline""></em>B轮<em class=""vline""></em>1000-9999人</p>"
16,数据分析,韩创科技,8-13K,"<p>上海 浦东新区 花木<em class=""vline""></em>1-3年<em class=""vline""></em>本科</p>","<p>互联网<em class=""vline""></em>不需要融资<em class=""vline""></em>500-999人</p>"
17,python数据分析工程师,恒润科技,11-22K,"<p>上海 徐汇区 田林<em class=""vline""></em>经验不限<em class=""vline""></em>本科</p>","<p>其他行业<em class=""vline""></em>未融资<em class=""vline""></em>1000-9999人</p>"
18,数据分析师,丽人丽妆,8-10K,"<p>上海 徐汇区 徐家汇<em class=""vline""></em>1-3年<em class=""vline""></em>本科</p>","<p>电子商务<em class=""vline""></em>B轮<em class=""vline""></em>1000-9999人</p>"
19,数据分析师,瓴里,20-30K,"<p>上海 长宁区 古北<em class=""vline""></em>3-5年<em class=""vline""></em>本科</p>","<p>互联网<em class=""vline""></em>A轮<em class=""vline""></em>100-499人</p>"
20,数据分析工程师,Hileap,13-20K,"<p>上海 黄浦区 打浦桥<em class=""vline""></em>3-5年<em class=""vline""></em>本科</p>","<p>计算机服务<em class=""vline""></em>不需要融资<em class=""vline""></em>500-999人</p>"
21,数据分析经理,哈啰出行,30-50K,"<p>上海 闵行区 莘庄<em class=""vline""></em>5-10年<em class=""vline""></em>本科</p>","<p>互联网<em class=""vline""></em>D轮及以上<em class=""vline""></em>1000-9999人</p>"
22,数据分析师,公安部第三研究所,9-10K,"<p>上海 徐汇区 衡山路<em class=""vline""></em>3-5年<em class=""vline""></em>本科</p>","<p>其他行业<em class=""vline""></em>不需要融资<em class=""vline""></em>1000-9999人</p>"
23,电商数据分析,数据科技,8-16K,"<p>上海 黄浦区 人民广场<em class=""vline""></em>1-3年<em class=""vline""></em>本科</p>","<p>互联网<em class=""vline""></em>不需要融资<em class=""vline""></em>500-999人</p>"
24,数据分析经理,今日头条,24-35K·15薪,"<p>上海 徐汇区 漕河泾<em class=""vline""></em>3-5年<em class=""vline""></em>本科</p>","<p>移动互联网<em class=""vline""></em>D轮及以上<em class=""vline""></em>10000人以上</p>"
25,数据分析专家,达达-京东到家,20-40K,"<p>上海 杨浦区 东外滩<em class=""vline""></em>5-10年<em class=""vline""></em>本科</p>","<p>O2O<em class=""vline""></em>D轮及以上<em class=""vline""></em>1000-9999人</p>"
26,数据分析师,来伊份,12-20K·13薪,"<p>上海 徐汇区 漕河泾<em class=""vline""></em>1-3年<em class=""vline""></em>本科</p>","<p>互联网<em class=""vline""></em>已上市<em class=""vline""></em>1000-9999人</p>"
27,数据分析师,泽学教育科技金融,15-25K,"<p>上海 徐汇区 漕河泾<em class=""vline""></em>1-3年<em class=""vline""></em>本科</p>","<p>互联网金融<em class=""vline""></em>天使轮<em class=""vline""></em>100-499人</p>"
28,资深数据分析师,触宝,20-35K,"<p>上海 徐汇区 虹梅路<em class=""vline""></em>3-5年<em class=""vline""></em>本科</p>","<p>移动互联网<em class=""vline""></em>已上市<em class=""vline""></em>500-999人</p>"
29,数据分析师,众安,16-30K,"<p>上海 黄浦区 外滩<em class=""vline""></em>3-5年<em class=""vline""></em>本科</p>","<p>互联网<em class=""vline""></em>不需要融资<em class=""vline""></em>1000-9999人</p>"
30,运营数据分析,美克家居,10-15K,"<p>上海 徐汇区 徐家汇<em class=""vline""></em>3-5年<em class=""vline""></em>本科</p>","<p>新零售<em class=""vline""></em>已上市<em class=""vline""></em>10000人以上</p>"
31,高级数据分析师,国双科技,15-20K·14薪,"<p>上海 静安区 南京西路<em class=""vline""></em>3-5年<em class=""vline""></em>本科</p>","<p>互联网<em class=""vline""></em>已上市<em class=""vline""></em>1000-9999人</p>"
32,数据分析师,艾德思奇,8-10K,"<p>上海 浦东新区 唐镇<em class=""vline""></em>1-3年<em class=""vline""></em>大专</p>","<p>广告营销<em class=""vline""></em>不需要融资<em class=""vline""></em>500-999人</p>"
33,数据分析师,怪兽充电,8-11K,"<p>上海 长宁区 北新泾<em class=""vline""></em>1-3年<em class=""vline""></em>本科</p>","<p>互联网<em class=""vline""></em>B轮<em class=""vline""></em>1000-9999人</p>"
34,数据分析师(J10328),哈啰出行,20-40K·15薪,"<p>上海 闵行区 莘庄<em class=""vline""></em>5-10年<em class=""vline""></em>本科</p>","<p>互联网<em class=""vline""></em>D轮及以上<em class=""vline""></em>1000-9999人</p>"
35,数据分析师,游仁堂,9-14K,"<p>上海 普陀区 曹杨<em class=""vline""></em>1-3年<em class=""vline""></em>本科</p>","<p>互联网<em class=""vline""></em>B轮<em class=""vline""></em>100-499人</p>"
36,数据分析师,天壤智能,15-30K·14薪,"<p>上海 徐汇区 龙华<em class=""vline""></em>3-5年<em class=""vline""></em>本科</p>","<p>互联网<em class=""vline""></em>A轮<em class=""vline""></em>100-499人</p>"
37,数据分析经理,携程旅行网,20-30K,"<p>上海 长宁区 北新泾<em class=""vline""></em>5-10年<em class=""vline""></em>本科</p>","<p>互联网<em class=""vline""></em>已上市<em class=""vline""></em>10000人以上</p>"
38,数据分析岗,平安好医生,12-24K,"<p>上海 徐汇区 枫林路<em class=""vline""></em>3-5年<em class=""vline""></em>本科</p>","<p>互联网<em class=""vline""></em>已上市<em class=""vline""></em>1000-9999人</p>"
39,Python数据分析,上海同梁智能科技,6-8K,"<p>上海 杨浦区 四平路<em class=""vline""></em>1-3年<em class=""vline""></em>本科</p>","<p>互联网<em class=""vline""></em>未融资<em class=""vline""></em>20-99人</p>"
40,数据分析师,携程旅行网,10-12K,"<p>上海 长宁区 北新泾<em class=""vline""></em>经验不限<em class=""vline""></em>大专</p>","<p>互联网<em class=""vline""></em>已上市<em class=""vline""></em>10000人以上</p>"
41,高级数据分析师,国双科技,10-20K,"<p>上海 静安区 南京西路<em class=""vline""></em>3-5年<em class=""vline""></em>本科</p>","<p>互联网<em class=""vline""></em>已上市<em class=""vline""></em>1000-9999人</p>"
42,数据分析师,携程旅行网,15-22K,"<p>上海 长宁区 北新泾<em class=""vline""></em>3-5年<em class=""vline""></em>本科</p>","<p>互联网<em class=""vline""></em>已上市<em class=""vline""></em>10000人以上</p>"
43,BI数据分析工程师,友和道通集团,20-40K,"<p>上海  <em class=""vline""></em>3-5年<em class=""vline""></em>本科</p>","<p>物流/仓储<em class=""vline""></em>不需要融资<em class=""vline""></em>10000人以上</p>"
44,数据分析工程师,杭州数空科技有限公司,10-15K,"<p>上海 浦东新区 张江<em class=""vline""></em>1-3年<em class=""vline""></em>本科</p>","<p>移动互联网<em class=""vline""></em>A轮<em class=""vline""></em>100-499人</p>"
45,风控数据分析,WiFi万能钥匙,20-40K,"<p>上海 浦东新区 张江<em class=""vline""></em>3-5年<em class=""vline""></em>本科</p>","<p>互联网<em class=""vline""></em>B轮<em class=""vline""></em>1000-9999人</p>"
46,数据分析师,拼多多,20-40K,"<p>上海 长宁区 古北<em class=""vline""></em>3-5年<em class=""vline""></em>本科</p>","<p>移动互联网<em class=""vline""></em>已上市<em class=""vline""></em>1000-9999人</p>"
47,数据分析师,淘集集,15-30K,"<p>上海 静安区 汶水路<em class=""vline""></em>3-5年<em class=""vline""></em>本科</p>","<p>电子商务<em class=""vline""></em>B轮<em class=""vline""></em>500-999人</p>"
48,数据分析工程师,寻找母星,11-18K,"<p>上海 徐汇区 漕河泾<em class=""vline""></em>1-3年<em class=""vline""></em>本科</p>","<p>互联网<em class=""vline""></em>天使轮<em class=""vline""></em>100-499人</p>"
49,数据分析师,中通快递,15-30K,"<p>上海 青浦区 华新<em class=""vline""></em>3-5年<em class=""vline""></em>本科</p>","<p>物流/仓储<em class=""vline""></em>已上市<em class=""vline""></em>10000人以上</p>"
50,数据分析师 (MJ001038),挖财,15-30K,"<p>上海 浦东新区 周家渡<em class=""vline""></em>1-3年<em class=""vline""></em>学历不限</p>","<p>互联网<em class=""vline""></em>D轮及以上<em class=""vline""></em>500-999人</p>"
51,数据分析专家,爱库存,30-45K,"<p>上海 浦东新区 上钢新村<em class=""vline""></em>5-10年<em class=""vline""></em>本科</p>","<p>互联网<em class=""vline""></em>B轮<em class=""vline""></em>1000-9999人</p>"
52,数据分析师,千图网,15-30K,"<p>上海 浦东新区 张江<em class=""vline""></em>1-3年<em class=""vline""></em>本科</p>","<p>互联网<em class=""vline""></em>不需要融资<em class=""vline""></em>100-499人</p>"
53,产品经理（偏数据分析）,韩创科技,15-20K,"<p>上海 浦东新区 张江<em class=""vline""></em>1-3年<em class=""vline""></em>本科</p>","<p>互联网<em class=""vline""></em>不需要融资<em class=""vline""></em>500-999人</p>"
54,数据分析师,数道科技,9-14K,"<p>上海 浦东新区 张江<em class=""vline""></em>1-3年<em class=""vline""></em>本科</p>","<p>数据服务<em class=""vline""></em>不需要融资<em class=""vline""></em>20-99人</p>"
55,数据分析师,上海金润信息,11-20K,"<p>上海 杨浦区 周家嘴路<em class=""vline""></em>5-10年<em class=""vline""></em>大专</p>","<p>互联网<em class=""vline""></em>不需要融资<em class=""vline""></em>100-499人</p>"
56,数据分析（设计类学习平台）,韩创科技,10-16K,"<p>上海 浦东新区 张江<em class=""vline""></em>1-3年<em class=""vline""></em>本科</p>","<p>互联网<em class=""vline""></em>不需要融资<em class=""vline""></em>500-999人</p>"
57,数据分析师（电商）,上海吾界,8-13K,"<p>上海 闵行区 莘庄<em class=""vline""></em>经验不限<em class=""vline""></em>学历不限</p>","<p>互联网<em class=""vline""></em>不需要融资<em class=""vline""></em>500-999人</p>"
58,数据分析主管,海鉅信达,12-20K,"<p>上海 浦东新区 南码头<em class=""vline""></em>3-5年<em class=""vline""></em>本科</p>","<p>互联网金融<em class=""vline""></em>未融资<em class=""vline""></em>1000-9999人</p>"
59,资深数据分析师,拼多多,25-50K,"<p>上海 长宁区 古北<em class=""vline""></em>5-10年<em class=""vline""></em>本科</p>","<p>移动互联网<em class=""vline""></em>已上市<em class=""vline""></em>1000-9999人</p>"
60,数据分析工程师,圆通速递,10-20K,"<p>上海  <em class=""vline""></em>1-3年<em class=""vline""></em>本科</p>","<p>物流/仓储<em class=""vline""></em>已上市<em class=""vline""></em>10000人以上</p>"
61,风控数据分析专员,坤普金融,8-12K,"<p>上海 浦东新区 世博<em class=""vline""></em>经验不限<em class=""vline""></em>大专</p>","<p>互联网<em class=""vline""></em>未融资<em class=""vline""></em>100-499人</p>"
62,数据分析师,欧睿oIBP,6-12K,"<p>上海 静安区 静安寺<em class=""vline""></em>1-3年<em class=""vline""></em>本科</p>","<p>互联网<em class=""vline""></em>天使轮<em class=""vline""></em>20-99人</p>"
63,数据分析师,上海冰鉴,25-50K,"<p>上海 浦东新区 陆家嘴<em class=""vline""></em>3-5年<em class=""vline""></em>硕士</p>","<p>互联网<em class=""vline""></em>B轮<em class=""vline""></em>100-499人</p>"
64,数据分析师,斗牛DoNew,18-26K,"<p>上海 闵行区 虹桥<em class=""vline""></em>1-3年<em class=""vline""></em>本科</p>","<p>电子商务<em class=""vline""></em>B轮<em class=""vline""></em>100-499人</p>"
65,商业数据分析师,韩创科技,16-25K,"<p>上海 浦东新区 南码头<em class=""vline""></em>3-5年<em class=""vline""></em>本科</p>","<p>互联网<em class=""vline""></em>不需要融资<em class=""vline""></em>500-999人</p>"
66,数据分析主管,瑞阙,15-25K·16薪,"<p>上海 黄浦区 五里桥<em class=""vline""></em>5-10年<em class=""vline""></em>本科</p>","<p>互联网金融<em class=""vline""></em>不需要融资<em class=""vline""></em>100-499人</p>"
67,数据分析(Data Analyst),好未来,11-20K,"<p>上海 静安区 曹家渡<em class=""vline""></em>3-5年<em class=""vline""></em>本科</p>","<p>互联网<em class=""vline""></em>已上市<em class=""vline""></em>10000人以上</p>"
68,高级数据分析师,携程旅行网,15-25K,"<p>上海 长宁区 北新泾<em class=""vline""></em>经验不限<em class=""vline""></em>本科</p>","<p>互联网<em class=""vline""></em>已上市<em class=""vline""></em>10000人以上</p>"
69,数据分析师（广告方向）,拼多多,20-40K,"<p>上海 长宁区 古北<em class=""vline""></em>3-5年<em class=""vline""></em>本科</p>","<p>移动互联网<em class=""vline""></em>已上市<em class=""vline""></em>1000-9999人</p>"
70,数据分析师讲师,北风网,25-30K,"<p>上海 浦东新区 世纪公园<em class=""vline""></em>1-3年<em class=""vline""></em>本科</p>","<p>在线教育<em class=""vline""></em>C轮<em class=""vline""></em>100-499人</p>"
71,数据分析师大数据,金服银行科技中心,30-60K,"<p>上海 浦东新区 潍坊<em class=""vline""></em>5-10年<em class=""vline""></em>本科</p>","<p>互联网金融<em class=""vline""></em>已上市<em class=""vline""></em>10000人以上</p>"
72,数据分析（广告方向）,携程旅行网,15-20K,"<p>上海 长宁区 北新泾<em class=""vline""></em>1-3年<em class=""vline""></em>本科</p>","<p>互联网<em class=""vline""></em>已上市<em class=""vline""></em>10000人以上</p>"
73,数据分析师,悠桦林,10-15K,"<p>上海 普陀区 长风<em class=""vline""></em>经验不限<em class=""vline""></em>硕士</p>","<p>计算机软件<em class=""vline""></em>A轮<em class=""vline""></em>20-99人</p>"
74,数据分析师,今日头条,22-30K·15薪,"<p>上海 徐汇区 漕河泾<em class=""vline""></em>3-5年<em class=""vline""></em>本科</p>","<p>移动互联网<em class=""vline""></em>D轮及以上<em class=""vline""></em>10000人以上</p>"
75,数据分析师,瑞钰金融,10-20K,"<p>上海 浦东新区 张江<em class=""vline""></em>3-5年<em class=""vline""></em>本科</p>","<p>人力资源服务<em class=""vline""></em>天使轮<em class=""vline""></em>20-99人</p>"
76,数据分析员,辰德网络科技,6-8K,"<p>上海 普陀区 长征<em class=""vline""></em>1-3年<em class=""vline""></em>本科</p>","<p>互联网<em class=""vline""></em>未融资<em class=""vline""></em>100-499人</p>"
77,数据分析工程师,中研久弋,10-15K,"<p>上海 浦东新区 张江<em class=""vline""></em>3-5年<em class=""vline""></em>本科</p>","<p>互联网<em class=""vline""></em>未融资<em class=""vline""></em>100-499人</p>"
78,数据分析师,视互力,12-18K,"<p>上海 嘉定区 江桥<em class=""vline""></em>5-10年<em class=""vline""></em>本科</p>","<p>医疗健康<em class=""vline""></em>A轮<em class=""vline""></em>100-499人</p>"
79,数据分析师（深度学习方向）,深兰科技,30-60K,"<p>上海 长宁区 天山<em class=""vline""></em>3-5年<em class=""vline""></em>硕士</p>","<p>智能硬件<em class=""vline""></em>B轮<em class=""vline""></em>1000-9999人</p>"
80,高级数据分析师 (MJ001016),挖财,15-30K,"<p>上海 浦东新区 世纪公园<em class=""vline""></em>3-5年<em class=""vline""></em>本科</p>","<p>互联网<em class=""vline""></em>D轮及以上<em class=""vline""></em>500-999人</p>"
81,数据分析师,携程旅行网,7-12K,"<p>上海 长宁区 北新泾<em class=""vline""></em>经验不限<em class=""vline""></em>本科</p>","<p>互联网<em class=""vline""></em>已上市<em class=""vline""></em>10000人以上</p>"
82,数据分析专员,优趣汇,6-9K·13薪,"<p>上海 浦东新区 洋泾<em class=""vline""></em>1-3年<em class=""vline""></em>本科</p>","<p>电子商务<em class=""vline""></em>B轮<em class=""vline""></em>100-499人</p>"
83,数据分析专家/负责人,京东数字科技,30-60K,"<p>上海 浦东新区 陆家嘴<em class=""vline""></em>5-10年<em class=""vline""></em>本科</p>","<p>互联网<em class=""vline""></em>B轮<em class=""vline""></em>1000-9999人</p>"
84,数据分析师,一多奇思,10-11K,"<p>上海 黄浦区 淮海路<em class=""vline""></em>1年以内<em class=""vline""></em>大专</p>","<p>广告营销<em class=""vline""></em>不需要融资<em class=""vline""></em>100-499人</p>"
85,数据分析师,哈啰出行,20-40K,"<p>上海 闵行区 莘庄<em class=""vline""></em>经验不限<em class=""vline""></em>本科</p>","<p>互联网<em class=""vline""></em>D轮及以上<em class=""vline""></em>1000-9999人</p>"
86,数据分析与应用,瑞尼尔,8-13K,"<p>上海 长宁区 中山公园<em class=""vline""></em>1-3年<em class=""vline""></em>本科</p>","<p>数据服务<em class=""vline""></em>不需要融资<em class=""vline""></em>20-99人</p>"
87,数据分析师,上海敢望投资有限公司,4-6K,"<p>上海 嘉定区 南翔<em class=""vline""></em>3-5年<em class=""vline""></em>本科</p>","<p>企业服务<em class=""vline""></em>未融资<em class=""vline""></em>0-20人</p>"
88,数据分析实习生,贝易电子,130-200/天,"<p>上海 闵行区 虹桥<em class=""vline""></em>5天/周<em class=""vline""></em>6个月<em class=""vline""></em>硕士</p>","<p>电子商务<em class=""vline""></em>未融资<em class=""vline""></em>100-499人</p>"
89,高级数据分析师,任意门科技,15-30K,"<p>上海 浦东新区 花木<em class=""vline""></em>3-5年<em class=""vline""></em>本科</p>","<p>社交网络<em class=""vline""></em>C轮<em class=""vline""></em>100-499人</p>"
90,数据分析师,正吾资产,10-20K,"<p>上海 浦东新区 洋泾<em class=""vline""></em>经验不限<em class=""vline""></em>本科</p>","<p>证券/期货<em class=""vline""></em>不需要融资<em class=""vline""></em>0-20人</p>"
91,数据分析师,平安普惠,7-14K,"<p>上海 浦东新区 金桥<em class=""vline""></em>1年以内<em class=""vline""></em>本科</p>","<p>O2O<em class=""vline""></em>未融资<em class=""vline""></em>10000人以上</p>"
92,数据分析师,麻雀电商,10-15K,"<p>上海 长宁区 仙霞<em class=""vline""></em>3-5年<em class=""vline""></em>本科</p>","<p>电子商务<em class=""vline""></em>天使轮<em class=""vline""></em>20-99人</p>"
93,数据分析师,爱回收,15-20K·14薪,"<p>上海 杨浦区 五角场<em class=""vline""></em>3-5年<em class=""vline""></em>本科</p>","<p>互联网<em class=""vline""></em>D轮及以上<em class=""vline""></em>1000-9999人</p>"
94,商业数据分析专家,饿了么,15-30K·15薪,"<p>上海 普陀区 长征<em class=""vline""></em>3-5年<em class=""vline""></em>本科</p>","<p>O2O<em class=""vline""></em>不需要融资<em class=""vline""></em>10000人以上</p>"
95,数据分析师,东方头条,12-18K·13薪,"<p>上海 浦东新区 唐镇<em class=""vline""></em>1-3年<em class=""vline""></em>本科</p>","<p>互联网<em class=""vline""></em>不需要融资<em class=""vline""></em>100-499人</p>"
96,数据分析师,赛诺菲,8-9K,"<p>上海 静安区 南京西路<em class=""vline""></em>1年以内<em class=""vline""></em>本科</p>","<p>医疗健康<em class=""vline""></em>不需要融资<em class=""vline""></em>1000-9999人</p>"
97,数据分析师,平安普惠投资咨询有限公司,5-8K,"<p>上海 浦东新区 金桥<em class=""vline""></em>1年以内<em class=""vline""></em>本科</p>","<p>互联网金融<em class=""vline""></em>不需要融资<em class=""vline""></em>1000-9999人</p>"
98,数据分析师,瑞尼尔,8-13K,"<p>上海 长宁区 中山公园<em class=""vline""></em>1-3年<em class=""vline""></em>本科</p>","<p>数据服务<em class=""vline""></em>不需要融资<em class=""vline""></em>20-99人</p>"
99,AI数据分析专家,SLC,18-25K,"<p>上海 杨浦区 大连<em class=""vline""></em>经验不限<em class=""vline""></em>本科</p>","<p>工程施工<em class=""vline""></em>不需要融资<em class=""vline""></em>10000人以上</p>"
100,数据分析师,你我贷,12-20K,"<p>上海 浦东新区 塘桥<em class=""vline""></em>3-5年<em class=""vline""></em>本科</p>","<p>互联网<em class=""vline""></em>已上市<em class=""vline""></em>1000-9999人</p>"
101,广告数据分析师,数据科技,8-15K,"<p>上海 黄浦区 人民广场<em class=""vline""></em>1-3年<em class=""vline""></em>本科</p>","<p>互联网<em class=""vline""></em>不需要融资<em class=""vline""></em>500-999人</p>"
102,产品分析（数据分析）,韩创科技,10-20K,"<p>上海 浦东新区 张江<em class=""vline""></em>1-3年<em class=""vline""></em>本科</p>","<p>互联网<em class=""vline""></em>不需要融资<em class=""vline""></em>500-999人</p>"
103,高级数据分析师,Datatist,10-20K,"<p>上海 徐汇区 徐家汇<em class=""vline""></em>3-5年<em class=""vline""></em>硕士</p>","<p>数据服务<em class=""vline""></em>A轮<em class=""vline""></em>20-99人</p>"
104,数据分析员,上海微创软件,3-4K,"<p>上海 黄浦区 外滩<em class=""vline""></em>经验不限<em class=""vline""></em>大专</p>","<p>计算机软件<em class=""vline""></em>不需要融资<em class=""vline""></em>1000-9999人</p>"
105,数据分析师（力维）,绛门科技,12-18K,"<p>上海 浦东新区 世纪公园<em class=""vline""></em>3-5年<em class=""vline""></em>本科</p>","<p>计算机软件<em class=""vline""></em>已上市<em class=""vline""></em>500-999人</p>"
106,数据分析师,返利网,11-22K·15薪,"<p>上海 徐汇区 龙华<em class=""vline""></em>1-3年<em class=""vline""></em>本科</p>","<p>电子商务<em class=""vline""></em>C轮<em class=""vline""></em>1000-9999人</p>"
107,数据分析师,京东数字科技,15-25K,"<p>上海 浦东新区 陆家嘴<em class=""vline""></em>3-5年<em class=""vline""></em>本科</p>","<p>互联网<em class=""vline""></em>B轮<em class=""vline""></em>1000-9999人</p>"
108,数据分析师,上海秒优,8-15K,"<p>上海 浦东新区 八佰伴<em class=""vline""></em>1-3年<em class=""vline""></em>本科</p>","<p>物流/仓储<em class=""vline""></em>未融资<em class=""vline""></em>20-99人</p>"
109,数据分析负责人,橙鹰,40-70K,"<p>上海 闵行区 华漕<em class=""vline""></em>5-10年<em class=""vline""></em>本科</p>","<p>数据服务<em class=""vline""></em>不需要融资<em class=""vline""></em>100-499人</p>"
110,数据分析师,安居客,12-20K,"<p>上海 浦东新区 塘桥<em class=""vline""></em>5-10年<em class=""vline""></em>本科</p>","<p>互联网<em class=""vline""></em>已上市<em class=""vline""></em>10000人以上</p>"
111,数据分析,BPOChina,4-8K,"<p>上海 静安区 南京西路<em class=""vline""></em>经验不限<em class=""vline""></em>大专</p>","<p>数据服务<em class=""vline""></em>不需要融资<em class=""vline""></em>100-499人</p>"
112,高级数据分析师,仁辉科技,15-25K,"<p>上海 浦东新区 张江<em class=""vline""></em>3-5年<em class=""vline""></em>本科</p>","<p>互联网金融<em class=""vline""></em>未融资<em class=""vline""></em>20-99人</p>"
113,业务数据分析,爱库存,12-24K,"<p>上海 浦东新区 世博<em class=""vline""></em>1-3年<em class=""vline""></em>本科</p>","<p>互联网<em class=""vline""></em>B轮<em class=""vline""></em>1000-9999人</p>"
114,数据分析/数据运营,联蔚信息,8-12K,"<p>上海 徐汇区 长桥<em class=""vline""></em>3-5年<em class=""vline""></em>本科</p>","<p>企业服务<em class=""vline""></em>不需要融资<em class=""vline""></em>500-999人</p>"
115,数据分析（高级/资深/专家）,哈啰出行,15-30K,"<p>上海 闵行区 莘庄<em class=""vline""></em>3-5年<em class=""vline""></em>本科</p>","<p>互联网<em class=""vline""></em>D轮及以上<em class=""vline""></em>1000-9999人</p>"
116,ERP数据分析师,法速电子,5-6K,"<p>上海 闵行区 浦江<em class=""vline""></em>1年以内<em class=""vline""></em>大专</p>","<p>电子商务<em class=""vline""></em>未融资<em class=""vline""></em>20-99人</p>"
117,BI/报表数据分析工程师,华住酒店集团,15-25K,"<p>上海 闵行区 虹桥<em class=""vline""></em>3-5年<em class=""vline""></em>大专</p>","<p>旅游<em class=""vline""></em>已上市<em class=""vline""></em>10000人以上</p>"
118,数据分析师,秒硕,12-20K,"<p>上海 徐汇区 龙华<em class=""vline""></em>3-5年<em class=""vline""></em>本科</p>","<p>移动互联网<em class=""vline""></em>B轮<em class=""vline""></em>20-99人</p>"
119,资深数据分析师,上海识装信息科技...,20-40K,"<p>上海 虹口区 虹口足球场<em class=""vline""></em>5-10年<em class=""vline""></em>本科</p>","<p>电子商务<em class=""vline""></em>B轮<em class=""vline""></em>500-999人</p>"
120,高级数据分析师,携程旅行网,15-25K,"<p>上海 长宁区 北新泾<em class=""vline""></em>3-5年<em class=""vline""></em>本科</p>","<p>互联网<em class=""vline""></em>已上市<em class=""vline""></em>10000人以上</p>"
121,数据分析师,新东网科技,10-15K,"<p>上海 浦东新区 世纪公园<em class=""vline""></em>1-3年<em class=""vline""></em>本科</p>","<p>移动互联网<em class=""vline""></em>已上市<em class=""vline""></em>500-999人</p>"
122,数据分析师,饿了么,20-40K,"<p>上海 普陀区 长风<em class=""vline""></em>3-5年<em class=""vline""></em>本科</p>","<p>O2O<em class=""vline""></em>不需要融资<em class=""vline""></em>10000人以上</p>"
123,算法/数据分析工程师,逸动医学,12-20K,"<p>上海 松江区 新桥<em class=""vline""></em>3-5年<em class=""vline""></em>硕士</p>","<p>医疗设备/器械<em class=""vline""></em>B轮<em class=""vline""></em>20-99人</p>"
124,数据分析师,rcrai,15-20K·14薪,"<p>上海 徐汇区 徐家汇<em class=""vline""></em>3-5年<em class=""vline""></em>本科</p>","<p>互联网<em class=""vline""></em>A轮<em class=""vline""></em>20-99人</p>"
125,数据分析实习生,携程旅行网,5-10K,"<p>上海 长宁区 北新泾<em class=""vline""></em>应届生<em class=""vline""></em>本科</p>","<p>互联网<em class=""vline""></em>已上市<em class=""vline""></em>10000人以上</p>"
126,数据分析师,法锐网络科技,15-30K,"<p>上海 黄浦区 人民广场<em class=""vline""></em>3-5年<em class=""vline""></em>本科</p>","<p>电子商务<em class=""vline""></em>不需要融资<em class=""vline""></em>20-99人</p>"
127,高级数据分析师,鱼泡泡,20-28K,"<p>上海 徐汇区 漕河泾<em class=""vline""></em>3-5年<em class=""vline""></em>本科</p>","<p>移动互联网<em class=""vline""></em>B轮<em class=""vline""></em>100-499人</p>"
128,数据分析师（建模方向）,维信金科,12-17K,"<p>上海 虹口区 四川北路<em class=""vline""></em>1-3年<em class=""vline""></em>本科</p>","<p>互联网金融<em class=""vline""></em>已上市<em class=""vline""></em>1000-9999人</p>"
129,市场研究/数据分析经理,DataXgroup,10-20K,"<p>上海 黄浦区 打浦桥<em class=""vline""></em>3-5年<em class=""vline""></em>本科</p>","<p>数据服务<em class=""vline""></em>未融资<em class=""vline""></em>20-99人</p>"
130,大数据平台及数据分析售前支持,国双科技,15-25K,"<p>上海 静安区 南京西路<em class=""vline""></em>3-5年<em class=""vline""></em>本科</p>","<p>互联网<em class=""vline""></em>已上市<em class=""vline""></em>1000-9999人</p>"
131,数据分析师,杭州数空科技有限公司,10-15K,"<p>上海 浦东新区 世纪公园<em class=""vline""></em>1-3年<em class=""vline""></em>本科</p>","<p>移动互联网<em class=""vline""></em>A轮<em class=""vline""></em>100-499人</p>"
132,高级数据分析师,哈啰出行,16-30K,"<p>上海 闵行区 莘庄<em class=""vline""></em>3-5年<em class=""vline""></em>本科</p>","<p>互联网<em class=""vline""></em>D轮及以上<em class=""vline""></em>1000-9999人</p>"
133,高级数据分析师,仁辉科技,13-20K,"<p>上海 浦东新区 张江<em class=""vline""></em>3-5年<em class=""vline""></em>本科</p>","<p>互联网金融<em class=""vline""></em>未融资<em class=""vline""></em>20-99人</p>"
134,高级数据分析师,B站,15-30K,"<p>上海 杨浦区 五角场<em class=""vline""></em>3-5年<em class=""vline""></em>本科</p>","<p>互联网<em class=""vline""></em>未融资<em class=""vline""></em>1000-9999人</p>"
135,数据分析师,绛门科技,14-15K,"<p>上海 徐汇区 斜土路<em class=""vline""></em>3-5年<em class=""vline""></em>本科</p>","<p>计算机软件<em class=""vline""></em>已上市<em class=""vline""></em>500-999人</p>"
136,首席数据分析师,瑞钰金融,10-20K,"<p>上海 浦东新区 张江<em class=""vline""></em>1-3年<em class=""vline""></em>本科</p>","<p>人力资源服务<em class=""vline""></em>天使轮<em class=""vline""></em>20-99人</p>"
137,数据分析师,上海软科,6-10K,"<p>上海 闵行区 老闵行<em class=""vline""></em>经验不限<em class=""vline""></em>硕士</p>","<p>企业服务<em class=""vline""></em>不需要融资<em class=""vline""></em>20-99人</p>"
138,网易严选-数据分析专家（地点-杭州）,网易杭州,40-70K,"<p>上海 徐汇区 漕河泾<em class=""vline""></em>5-10年<em class=""vline""></em>本科</p>","<p>互联网<em class=""vline""></em>已上市<em class=""vline""></em>10000人以上</p>"
139,数据分析师,凯诘电子商务,4-7K,"<p>上海 徐汇区 漕河泾<em class=""vline""></em>1年以内<em class=""vline""></em>本科</p>","<p>电子商务<em class=""vline""></em>已上市<em class=""vline""></em>500-999人</p>"
140,高级数据分析师（偏机器学习方向）,携程旅行网,15-20K,"<p>上海 长宁区 北新泾<em class=""vline""></em>1-3年<em class=""vline""></em>本科</p>","<p>互联网<em class=""vline""></em>已上市<em class=""vline""></em>10000人以上</p>"
141,资深数据分析师,凹凸租车,25-35K,"<p>上海 徐汇区 漕河泾<em class=""vline""></em>5-10年<em class=""vline""></em>学历不限</p>","<p>移动互联网<em class=""vline""></em>C轮<em class=""vline""></em>500-999人</p>"
142,数据分析师,英语流利说,20-30K,"<p>上海 杨浦区 周家嘴路<em class=""vline""></em>3-5年<em class=""vline""></em>本科</p>","<p>在线教育<em class=""vline""></em>已上市<em class=""vline""></em>500-999人</p>"
143,金融数据分析经理/总监,九章云极,20-38K,"<p>上海 静安区 静安寺<em class=""vline""></em>5-10年<em class=""vline""></em>本科</p>","<p>数据服务<em class=""vline""></em>B轮<em class=""vline""></em>100-499人</p>"
144,数据分析师,哈步数据,15-30K,"<p>上海 徐汇区 上海南站<em class=""vline""></em>3-5年<em class=""vline""></em>本科</p>","<p>计算机软件<em class=""vline""></em>A轮<em class=""vline""></em>20-99人</p>"
145,初级数据分析师,上海软科,7-10K,"<p>上海 闵行区 老闵行<em class=""vline""></em>应届生<em class=""vline""></em>硕士</p>","<p>企业服务<em class=""vline""></em>不需要融资<em class=""vline""></em>20-99人</p>"
146,数据分析师,PINTEC品钛,10-20K,"<p>上海 浦东新区 陆家嘴<em class=""vline""></em>3-5年<em class=""vline""></em>本科</p>","<p>互联网金融<em class=""vline""></em>已上市<em class=""vline""></em>500-999人</p>"
147,产品经理(数据分析方向),动点科技,13-22K,"<p>上海 闵行区 虹桥<em class=""vline""></em>经验不限<em class=""vline""></em>本科</p>","<p>移动互联网<em class=""vline""></em>A轮<em class=""vline""></em>100-499人</p>"
148,数据分析实习生,OYO酒店,3-4K,"<p>上海 杨浦区 五角场<em class=""vline""></em>经验不限<em class=""vline""></em>本科</p>","<p>酒店<em class=""vline""></em>D轮及以上<em class=""vline""></em>1000-9999人</p>"
149,资深数据分析师,上海妙克,15-25K,"<p>上海 杨浦区 平凉路<em class=""vline""></em>3-5年<em class=""vline""></em>本科</p>","<p>互联网<em class=""vline""></em>C轮<em class=""vline""></em>500-999人</p>"
150,商业数据分析师,MarcPoint,10-15K,"<p>上海 徐汇区 漕河泾<em class=""vline""></em>1-3年<em class=""vline""></em>本科</p>","<p>数据服务<em class=""vline""></em>天使轮<em class=""vline""></em>20-99人</p>"
151,算法数据分析师,上海讯实,11-18K,"<p>上海 浦东新区 陆家嘴<em class=""vline""></em>1-3年<em class=""vline""></em>本科</p>","<p>互联网<em class=""vline""></em>未融资<em class=""vline""></em>20-99人</p>"
152,数据分析师,平安普惠金融,5-8K,"<p>上海 浦东新区 金桥<em class=""vline""></em>1年以内<em class=""vline""></em>本科</p>","<p>互联网金融<em class=""vline""></em>已上市<em class=""vline""></em>10000人以上</p>"
153,高级数据分析专家,哈啰出行,28-45K,"<p>上海 闵行区 莘庄<em class=""vline""></em>10年以上<em class=""vline""></em>本科</p>","<p>互联网<em class=""vline""></em>D轮及以上<em class=""vline""></em>1000-9999人</p>"
154,数据分析,奕尚网络,6-8K,"<p>上海 长宁区 北新泾<em class=""vline""></em>1-3年<em class=""vline""></em>本科</p>","<p>电子商务<em class=""vline""></em>不需要融资<em class=""vline""></em>100-499人</p>"
155,数据分析师,陆金所,13-26K,"<p>上海 浦东新区 陆家嘴<em class=""vline""></em>3-5年<em class=""vline""></em>本科</p>","<p>互联网金融<em class=""vline""></em>C轮<em class=""vline""></em>1000-9999人</p>"
156,产品数据分析师,韩创科技,15-25K,"<p>上海 浦东新区 南码头<em class=""vline""></em>3-5年<em class=""vline""></em>本科</p>","<p>互联网<em class=""vline""></em>不需要融资<em class=""vline""></em>500-999人</p>"
157,资深数据分析师/商业分析师,平安付,15-30K,"<p>上海 徐汇区 枫林路<em class=""vline""></em>3-5年<em class=""vline""></em>本科</p>","<p>互联网<em class=""vline""></em>不需要融资<em class=""vline""></em>1000-9999人</p>"
158,市场数据分析,GO户外,6-7K,"<p>上海 虹口区 临平路<em class=""vline""></em>1-3年<em class=""vline""></em>大专</p>","<p>移动互联网<em class=""vline""></em>A轮<em class=""vline""></em>20-99人</p>"
159,数据分析师,万位科技,20-30K,"<p>上海 宝山区 杨行<em class=""vline""></em>3-5年<em class=""vline""></em>本科</p>","<p>互联网<em class=""vline""></em>不需要融资<em class=""vline""></em>100-499人</p>"
160,数据分析师,路诚,6-10K,"<p>上海 静安区 汶水路<em class=""vline""></em>应届生<em class=""vline""></em>本科</p>","<p>数据服务<em class=""vline""></em>未融资<em class=""vline""></em>20-99人</p>"
161,数据分析leader,极度展览,50-80K,"<p>上海 浦东新区 世纪公园<em class=""vline""></em>5-10年<em class=""vline""></em>本科</p>","<p>广告营销<em class=""vline""></em>100-499人</p>"
162,数据分析与建模岗,ZRobot,20-40K,"<p>上海 黄浦区 人民广场<em class=""vline""></em>3-5年<em class=""vline""></em>本科</p>","<p>数据服务<em class=""vline""></em>未融资<em class=""vline""></em>100-499人</p>"
163,BA（产品咨询数据分析师）,世强信息,18-25K,"<p>上海 普陀区 长寿路<em class=""vline""></em>3-5年<em class=""vline""></em>本科</p>","<p>计算机软件<em class=""vline""></em>不需要融资<em class=""vline""></em>20-99人</p>"
164,新零售数据分析专家及高级专家（城市分析）,饿了么,30-50K,"<p>上海 普陀区 长征<em class=""vline""></em>3-5年<em class=""vline""></em>本科</p>","<p>O2O<em class=""vline""></em>不需要融资<em class=""vline""></em>10000人以上</p>"
165,数据分析主管,依威能源,15-25K·13薪,"<p>上海 静安区 海宁路<em class=""vline""></em>5-10年<em class=""vline""></em>本科</p>","<p>生活服务<em class=""vline""></em>C轮<em class=""vline""></em>500-999人</p>"
166,高级数据分析师（偏用户体验）,携程旅行网,15-25K,"<p>上海 长宁区 北新泾<em class=""vline""></em>3-5年<em class=""vline""></em>本科</p>","<p>互联网<em class=""vline""></em>已上市<em class=""vline""></em>10000人以上</p>"
167,解决方案顾问/数据分析师,杭州观数科技,12-24K,"<p>上海 徐汇区 漕河泾<em class=""vline""></em>3-5年<em class=""vline""></em>本科</p>","<p>企业服务<em class=""vline""></em>A轮<em class=""vline""></em>100-499人</p>"
168,初级数据分析师,寻找母星,6-10K,"<p>上海 徐汇区 漕河泾<em class=""vline""></em>1年以内<em class=""vline""></em>本科</p>","<p>互联网<em class=""vline""></em>天使轮<em class=""vline""></em>100-499人</p>"
169,数据分析师,英檬科技,12-22K,"<p>上海 长宁区 中山公园<em class=""vline""></em>5-10年<em class=""vline""></em>本科</p>","<p>数据服务<em class=""vline""></em>A轮<em class=""vline""></em>20-99人</p>"
170,数据分析师,360金融,13-20K,"<p>上海 浦东新区 张江<em class=""vline""></em>3-5年<em class=""vline""></em>本科</p>","<p>互联网<em class=""vline""></em>已上市<em class=""vline""></em>500-999人</p>"
171,Power BI /Tableau 数据分析师,世强信息,13-26K,"<p>上海 普陀区 长寿路<em class=""vline""></em>1-3年<em class=""vline""></em>本科</p>","<p>计算机软件<em class=""vline""></em>不需要融资<em class=""vline""></em>20-99人</p>"
172,数据分析师,上海鼎数,7-12K,"<p>上海 静安区 汶水路<em class=""vline""></em>1年以内<em class=""vline""></em>本科</p>","<p>数据服务<em class=""vline""></em>A轮<em class=""vline""></em>20-99人</p>"
173,高级商业数据分析师,Datatist,20-40K,"<p>上海 徐汇区 徐家汇<em class=""vline""></em>5-10年<em class=""vline""></em>硕士</p>","<p>数据服务<em class=""vline""></em>A轮<em class=""vline""></em>20-99人</p>"
174,搜索团队-数据分析师(BI),拼多多,25-40K,"<p>上海 长宁区 古北<em class=""vline""></em>3-5年<em class=""vline""></em>本科</p>","<p>移动互联网<em class=""vline""></em>已上市<em class=""vline""></em>1000-9999人</p>"
175,数据分析实习生,海风教育,4-5K,"<p>上海 普陀区 长寿路<em class=""vline""></em>应届生<em class=""vline""></em>本科</p>","<p>在线教育<em class=""vline""></em>D轮及以上<em class=""vline""></em>10000人以上</p>"
176,高级数据分析师,teambition,25-50K·13薪,"<p>上海 浦东新区 张江<em class=""vline""></em>5-10年<em class=""vline""></em>本科</p>","<p>移动互联网<em class=""vline""></em>B轮<em class=""vline""></em>100-499人</p>"
177,数据分析师（风控方向）,拼多多,15-30K,"<p>上海 长宁区 古北<em class=""vline""></em>1-3年<em class=""vline""></em>本科</p>","<p>移动互联网<em class=""vline""></em>已上市<em class=""vline""></em>1000-9999人</p>"
178,数据分析师,怪兽充电,7-10K,"<p>上海 长宁区 北新泾<em class=""vline""></em>1-3年<em class=""vline""></em>本科</p>","<p>互联网<em class=""vline""></em>B轮<em class=""vline""></em>1000-9999人</p>"
179,数据分析师,平安证券,3-8K,"<p>上海 浦东新区 陆家嘴<em class=""vline""></em>经验不限<em class=""vline""></em>硕士</p>","<p>互联网金融<em class=""vline""></em>不需要融资<em class=""vline""></em>1000-9999人</p>"
180,数据分析专家,蜻蜓FM,15-25K,"<p>上海 浦东新区 塘桥<em class=""vline""></em>5-10年<em class=""vline""></em>本科</p>","<p>互联网<em class=""vline""></em>D轮及以上<em class=""vline""></em>100-499人</p>"
181,数据分析师,企册资产,8-15K,"<p>上海 黄浦区 打浦桥<em class=""vline""></em>3-5年<em class=""vline""></em>硕士</p>","<p>投资/融资<em class=""vline""></em>未融资<em class=""vline""></em>0-20人</p>"
182,数据分析师,派拉软件,15-20K,"<p>上海 浦东新区 张江<em class=""vline""></em>1-3年<em class=""vline""></em>本科</p>","<p>移动互联网<em class=""vline""></em>C轮<em class=""vline""></em>100-499人</p>"
183,初级数据分析师,小站教育,7-10K·13薪,"<p>上海 静安区 曹家渡<em class=""vline""></em>1-3年<em class=""vline""></em>本科</p>","<p>在线教育<em class=""vline""></em>C轮<em class=""vline""></em>1000-9999人</p>"
184,实习数据分析师,美至科技,100-150/天,"<p>上海 黄浦区 外滩<em class=""vline""></em>5天/周<em class=""vline""></em>3个月<em class=""vline""></em>本科</p>","<p>互联网<em class=""vline""></em>A轮<em class=""vline""></em>20-99人</p>"
185,资深数据分析师/商业分析专家,饿了么,25-40K,"<p>上海 普陀区 长征<em class=""vline""></em>3-5年<em class=""vline""></em>硕士</p>","<p>O2O<em class=""vline""></em>不需要融资<em class=""vline""></em>10000人以上</p>"
186,数据分析师,舞泡,25-50K,"<p>上海 闵行区 七宝<em class=""vline""></em>3-5年<em class=""vline""></em>本科</p>","<p>互联网<em class=""vline""></em>不需要融资<em class=""vline""></em>100-499人</p>"
187,数据分析产品经理,力引万物,20-40K,"<p>上海 浦东新区 张江<em class=""vline""></em>5-10年<em class=""vline""></em>本科</p>","<p>新零售<em class=""vline""></em>未融资<em class=""vline""></em>20-99人</p>"
188,数据分析师,威马,10-20K,"<p>上海 青浦区 徐泾<em class=""vline""></em>1-3年<em class=""vline""></em>本科</p>","<p>互联网<em class=""vline""></em>C轮<em class=""vline""></em>1000-9999人</p>"
189,数据分析实习生,平安科技,300-310/天,"<p>上海 浦东新区 陆家嘴<em class=""vline""></em>4天/周<em class=""vline""></em>3个月<em class=""vline""></em>硕士</p>","<p>数据服务<em class=""vline""></em>已上市<em class=""vline""></em>1000-9999人</p>"
190,数据分析实习生,上海极高,5-8K,"<p>上海 浦东新区 金桥<em class=""vline""></em>应届生<em class=""vline""></em>大专</p>","<p>电子商务<em class=""vline""></em>不需要融资<em class=""vline""></em>100-499人</p>"
191,BI数据分析师（广告方向）,淘集集,15-30K,"<p>上海 静安区 彭浦<em class=""vline""></em>1-3年<em class=""vline""></em>本科</p>","<p>电子商务<em class=""vline""></em>B轮<em class=""vline""></em>500-999人</p>"
192,数据分析实习生,马路创新,3-6K,"<p>上海 普陀区 长征<em class=""vline""></em>经验不限<em class=""vline""></em>本科</p>","<p>智能硬件<em class=""vline""></em>A轮<em class=""vline""></em>20-99人</p>"
193,数据分析顾问/经理,九章云极,18-35K,"<p>上海 静安区 南京西路<em class=""vline""></em>3-5年<em class=""vline""></em>本科</p>","<p>数据服务<em class=""vline""></em>B轮<em class=""vline""></em>100-499人</p>"
194,数据分析经理/主管,略道电商,10-15K·13薪,"<p>上海 黄浦区 打浦桥<em class=""vline""></em>3-5年<em class=""vline""></em>大专</p>","<p>电子商务<em class=""vline""></em>未融资<em class=""vline""></em>20-99人</p>"
195,资深游戏数据分析师,网易游戏,15-30K,"<p>上海 徐汇区 漕河泾<em class=""vline""></em>3-5年<em class=""vline""></em>本科</p>","<p>游戏<em class=""vline""></em>已上市<em class=""vline""></em>10000人以上</p>"
196,业务数据分析师,上海讯实,10-15K,"<p>上海 浦东新区 陆家嘴<em class=""vline""></em>3-5年<em class=""vline""></em>本科</p>","<p>互联网<em class=""vline""></em>未融资<em class=""vline""></em>20-99人</p>"
197,数据分析与开发,明据,15-30K,"<p>上海 长宁区 仙霞<em class=""vline""></em>1-3年<em class=""vline""></em>本科</p>","<p>数据服务<em class=""vline""></em>天使轮<em class=""vline""></em>20-99人</p>"
198,数据分析工程师,延华智能,6-10K,"<p>上海 普陀区 长寿路<em class=""vline""></em>1-3年<em class=""vline""></em>本科</p>","<p>企业服务<em class=""vline""></em>已上市<em class=""vline""></em>100-499人</p>"
199,数据分析师,上海众调信息科技,8-16K,"<p>上海 杨浦区 五角场<em class=""vline""></em>3-5年<em class=""vline""></em>本科</p>","<p>移动互联网<em class=""vline""></em>A轮<em class=""vline""></em>100-499人</p>"
200,数据分析,贝贝帮,10-20K,"<p>上海 宝山区 顾村<em class=""vline""></em>3-5年<em class=""vline""></em>本科</p>","<p>O2O<em class=""vline""></em>A轮<em class=""vline""></em>20-99人</p>"
201,数据分析师,美至科技,10-15K,"<p>上海 黄浦区 外滩<em class=""vline""></em>1年以内<em class=""vline""></em>本科</p>","<p>互联网<em class=""vline""></em>A轮<em class=""vline""></em>20-99人</p>"
202,新零售数据分析专家及高级专家（商品分析）,饿了么,30-50K,"<p>上海 普陀区 长征<em class=""vline""></em>3-5年<em class=""vline""></em>本科</p>","<p>O2O<em class=""vline""></em>不需要融资<em class=""vline""></em>10000人以上</p>"
203,数据分析咨询顾问,玖数软件,10-20K,"<p>上海 普陀区 长风<em class=""vline""></em>5-10年<em class=""vline""></em>本科</p>","<p>计算机软件<em class=""vline""></em>未融资<em class=""vline""></em>20-99人</p>"
204,Commercial Data Scientist数据分析经理,凯度集团Kantar,40-60K,"<p>上海 黄浦区 人民广场<em class=""vline""></em>5-10年<em class=""vline""></em>硕士</p>","<p>咨询<em class=""vline""></em>已上市<em class=""vline""></em>1000-9999人</p>"
205,高级数据分析师（海外业务）,携程旅行网,18-30K·14薪,"<p>上海 长宁区 北新泾<em class=""vline""></em>1-3年<em class=""vline""></em>本科</p>","<p>互联网<em class=""vline""></em>已上市<em class=""vline""></em>10000人以上</p>"
206,高级数据分析师,米奥兰特会展,20-30K,"<p>上海 静安区 火车站<em class=""vline""></em>5-10年<em class=""vline""></em>本科</p>","<p>广告/公关/会展<em class=""vline""></em>已上市<em class=""vline""></em>500-999人</p>"
207,数据分析师,融拓科技,15-25K,"<p>上海 杨浦区 五角场<em class=""vline""></em>1-3年<em class=""vline""></em>本科</p>","<p>数据服务<em class=""vline""></em>A轮<em class=""vline""></em>100-499人</p>"
208,数据分析师,AUTOBEST,6-11K,"<p>上海 长宁区 中山公园<em class=""vline""></em>应届生<em class=""vline""></em>学历不限</p>","<p>电子商务<em class=""vline""></em>不需要融资<em class=""vline""></em>20-99人</p>"
209,资深数据分析师,宝付网络科技,15-25K,"<p>上海 浦东新区 张江<em class=""vline""></em>3-5年<em class=""vline""></em>本科</p>","<p>互联网金融<em class=""vline""></em>不需要融资<em class=""vline""></em>1000-9999人</p>"
210,数据分析工程师（风控方向）,拼多多,20-40K,"<p>上海  <em class=""vline""></em>经验不限<em class=""vline""></em>本科</p>","<p>移动互联网<em class=""vline""></em>已上市<em class=""vline""></em>1000-9999人</p>"
211,自然语言处理数据分析师,美至科技,20-40K,"<p>上海 黄浦区 外滩<em class=""vline""></em>1-3年<em class=""vline""></em>本科</p>","<p>互联网<em class=""vline""></em>A轮<em class=""vline""></em>20-99人</p>"
212,数据分析师,数说故事,12-18K·13薪,"<p>上海 杨浦区 江浦路<em class=""vline""></em>1-3年<em class=""vline""></em>本科</p>","<p>互联网<em class=""vline""></em>B轮<em class=""vline""></em>100-499人</p>"
213,商业数据分析师,第一财经数据,10-15K,"<p>上海 静安区 南京西路<em class=""vline""></em>3-5年<em class=""vline""></em>本科</p>","<p>互联网<em class=""vline""></em>不需要融资<em class=""vline""></em>100-499人</p>"
214,质检数据分析师,携程旅行网,7-9K,"<p>上海 长宁区 北新泾<em class=""vline""></em>应届生<em class=""vline""></em>本科</p>","<p>互联网<em class=""vline""></em>已上市<em class=""vline""></em>10000人以上</p>"
215,资深数据分析,哈啰出行,30-40K·14薪,"<p>上海 闵行区 莘庄<em class=""vline""></em>3-5年<em class=""vline""></em>本科</p>","<p>互联网<em class=""vline""></em>D轮及以上<em class=""vline""></em>1000-9999人</p>"
216,数据分析师,上海飞付,3-5K,"<p>上海 浦东新区 张江<em class=""vline""></em>1年以内<em class=""vline""></em>大专</p>","<p>移动互联网<em class=""vline""></em>天使轮<em class=""vline""></em>20-99人</p>"
217,游戏数据分析师,群丽科技,8-10K,"<p>上海 长宁区 新华路<em class=""vline""></em>1-3年<em class=""vline""></em>本科</p>","<p>游戏<em class=""vline""></em>未融资<em class=""vline""></em>20-99人</p>"
218,数据分析师,青葱道,6-10K,"<p>上海 闵行区 龙柏<em class=""vline""></em>1-3年<em class=""vline""></em>本科</p>","<p>培训机构<em class=""vline""></em>未融资<em class=""vline""></em>0-20人</p>"
219,资深数据分析师,东正汽车金融,20-35K,"<p>上海 浦东新区 世博<em class=""vline""></em>3-5年<em class=""vline""></em>本科</p>","<p>互联网金融<em class=""vline""></em>不需要融资<em class=""vline""></em>100-499人</p>"
220,数据分析师,智联广告,6-8K,"<p>上海 徐汇区 徐家汇<em class=""vline""></em>1年以内<em class=""vline""></em>本科</p>","<p>广告营销<em class=""vline""></em>未融资<em class=""vline""></em>20-99人</p>"
221,数据分析师,QuantumOne,8-12K,"<p>上海 虹口区 四川北路<em class=""vline""></em>经验不限<em class=""vline""></em>本科</p>","<p>计算机服务<em class=""vline""></em>不需要融资<em class=""vline""></em>20-99人</p>"
222,Python数据分析,桑海教育,5-7K,"<p>上海 静安区 南京西路<em class=""vline""></em>1-3年<em class=""vline""></em>本科</p>","<p>培训机构<em class=""vline""></em>未融资<em class=""vline""></em>20-99人</p>"
223,新能源高级数据分析师,好车伯乐,16-20K,"<p>上海 徐汇区 漕河泾<em class=""vline""></em>3-5年<em class=""vline""></em>硕士</p>","<p>汽车生产<em class=""vline""></em>B轮<em class=""vline""></em>20-99人</p>"
224,游戏数据分析师,九翎网络(上海),8-12K,"<p>上海 徐汇区 漕河泾<em class=""vline""></em>1-3年<em class=""vline""></em>大专</p>","<p>游戏<em class=""vline""></em>已上市<em class=""vline""></em>100-499人</p>"
225,风控数据分析师,印飞科技,10-16K,"<p>上海 杨浦区 周家嘴路<em class=""vline""></em>1-3年<em class=""vline""></em>本科</p>","<p>互联网金融<em class=""vline""></em>A轮<em class=""vline""></em>100-499人</p>"
226,高级数据分析建模工程师,上海众调信息科技,10-20K,"<p>上海 杨浦区 五角场<em class=""vline""></em>3-5年<em class=""vline""></em>本科</p>","<p>移动互联网<em class=""vline""></em>A轮<em class=""vline""></em>100-499人</p>"
227,商业数据分析,饿了么,20-30K,"<p>上海 普陀区 金沙江路<em class=""vline""></em>1-3年<em class=""vline""></em>硕士</p>","<p>O2O<em class=""vline""></em>不需要融资<em class=""vline""></em>10000人以上</p>"
228,医学数据分析师,上海翼依,12-24K,"<p>上海 静安区 汶水路<em class=""vline""></em>3-5年<em class=""vline""></em>本科</p>","<p>互联网<em class=""vline""></em>B轮<em class=""vline""></em>100-499人</p>"
229,python数据分析,桥之队,5-6K,"<p>上海 杨浦区 四平路<em class=""vline""></em>1年以内<em class=""vline""></em>大专</p>","<p>移动互联网<em class=""vline""></em>不需要融资<em class=""vline""></em>20-99人</p>"
230,数据分析顾问,ntt data,15-25K,"<p>上海 黄浦区 人民广场<em class=""vline""></em>3-5年<em class=""vline""></em>本科</p>","<p>计算机软件<em class=""vline""></em>不需要融资<em class=""vline""></em>100-499人</p>"
231,资深游戏数据分析师,游族网络,16-30K,"<p>上海 徐汇区 漕河泾<em class=""vline""></em>经验不限<em class=""vline""></em>学历不限</p>","<p>游戏<em class=""vline""></em>C轮<em class=""vline""></em>100-499人</p>"
232,高级数据分析师,Datatist,15-30K,"<p>上海 徐汇区 徐家汇<em class=""vline""></em>3-5年<em class=""vline""></em>硕士</p>","<p>数据服务<em class=""vline""></em>A轮<em class=""vline""></em>20-99人</p>"
233,数据分析师,点启资产,4-5K,"<p>上海 普陀区 梅川路<em class=""vline""></em>1-3年<em class=""vline""></em>本科</p>","<p>互联网金融<em class=""vline""></em>未融资<em class=""vline""></em>0-20人</p>"
234,数据分析（实习生）,徙木金融,3-6K,"<p>上海 普陀区 长征<em class=""vline""></em>应届生<em class=""vline""></em>硕士</p>","<p>互联网<em class=""vline""></em>A轮<em class=""vline""></em>100-499人</p>"
235,数据分析师技术顾问,北风网,8-10K,"<p>上海 浦东新区 花木<em class=""vline""></em>1年以内<em class=""vline""></em>本科</p>","<p>在线教育<em class=""vline""></em>C轮<em class=""vline""></em>100-499人</p>"
236,数据分析,上海千耐,5-7K,"<p>上海 徐汇区 田林<em class=""vline""></em>1-3年<em class=""vline""></em>大专</p>","<p>运营商/增值服务<em class=""vline""></em>未融资<em class=""vline""></em>20-99人</p>"
237,数据分析师,欧睿oIBP,12-21K,"<p>上海 静安区 大宁<em class=""vline""></em>3-5年<em class=""vline""></em>本科</p>","<p>互联网<em class=""vline""></em>天使轮<em class=""vline""></em>20-99人</p>"
238,数据分析师,树熊网络,6-11K,"<p>上海 静安区 汶水路<em class=""vline""></em>1-3年<em class=""vline""></em>本科</p>","<p>互联网<em class=""vline""></em>B轮<em class=""vline""></em>20-99人</p>"
239,数据分析师,环思智慧,11-17K,"<p>上海 浦东新区 金桥<em class=""vline""></em>3-5年<em class=""vline""></em>大专</p>","<p>计算机软件<em class=""vline""></em>已上市<em class=""vline""></em>100-499人</p>"
240,数据分析师,Datatist,8-16K,"<p>上海 徐汇区 徐家汇<em class=""vline""></em>1-3年<em class=""vline""></em>硕士</p>","<p>数据服务<em class=""vline""></em>A轮<em class=""vline""></em>20-99人</p>"
241,数据分析工程师,银基富力信息技术,15-30K,"<p>上海 徐汇区 漕河泾<em class=""vline""></em>经验不限<em class=""vline""></em>本科</p>","<p>计算机软件<em class=""vline""></em>天使轮<em class=""vline""></em>20-99人</p>"
242,高级数据分析师,上海软科,15-30K·13薪,"<p>上海 闵行区 老闵行<em class=""vline""></em>经验不限<em class=""vline""></em>博士</p>","<p>企业服务<em class=""vline""></em>不需要融资<em class=""vline""></em>20-99人</p>"
243,资深数据分析（顺风车）(J10430),哈啰出行,30-40K·14薪,"<p>上海 闵行区 莘庄<em class=""vline""></em>5-10年<em class=""vline""></em>本科</p>","<p>互联网<em class=""vline""></em>D轮及以上<em class=""vline""></em>1000-9999人</p>"
244,量化数据分析员,卉元投资,11-20K,"<p>上海 浦东新区 洋泾<em class=""vline""></em>1-3年<em class=""vline""></em>硕士</p>","<p>互联网金融<em class=""vline""></em>不需要融资<em class=""vline""></em>0-20人</p>"
245,资深数据分析师BI,寻找母星,20-40K,"<p>上海 徐汇区 漕河泾<em class=""vline""></em>3-5年<em class=""vline""></em>本科</p>","<p>互联网<em class=""vline""></em>天使轮<em class=""vline""></em>100-499人</p>"
246,数据分析师（初级）,上海瀛之杰,6-10K,"<p>上海  <em class=""vline""></em>1-3年<em class=""vline""></em>大专</p>","<p>互联网<em class=""vline""></em>不需要融资<em class=""vline""></em>100-499人</p>"
247,资深数据分析师,欣兆阳,22-30K,"<p>上海 徐汇区 徐家汇<em class=""vline""></em>3-5年<em class=""vline""></em>本科</p>","<p>互联网<em class=""vline""></em>A轮<em class=""vline""></em>20-99人</p>"
248,游戏数据分析师,上海斗将网络科技...,12-24K,"<p>上海 浦东新区 张江<em class=""vline""></em>3-5年<em class=""vline""></em>本科</p>","<p>游戏<em class=""vline""></em>20-99人</p>"
249,数据分析BI实习生,寻找母星,150-200/天,"<p>上海 徐汇区 漕河泾<em class=""vline""></em>6天/周<em class=""vline""></em>3个月<em class=""vline""></em>学历不限</p>","<p>互联网<em class=""vline""></em>天使轮<em class=""vline""></em>100-499人</p>"
250,助理数据分析师,芭雅医疗,4-5K,"<p>上海 青浦区 徐泾<em class=""vline""></em>经验不限<em class=""vline""></em>大专</p>","<p>医疗健康<em class=""vline""></em>B轮<em class=""vline""></em>20-99人</p>"
251,大数据算法工程师/数据分析师,派拉软件,10-15K,"<p>上海  <em class=""vline""></em>1-3年<em class=""vline""></em>本科</p>","<p>移动互联网<em class=""vline""></em>C轮<em class=""vline""></em>100-499人</p>"
252,数据分析师（BA）,上海讯实,10-11K,"<p>上海 浦东新区 陆家嘴<em class=""vline""></em>3-5年<em class=""vline""></em>本科</p>","<p>互联网<em class=""vline""></em>未融资<em class=""vline""></em>20-99人</p>"
253,数据分析实习生,正也科技,150-200/天,"<p>上海 普陀区 长寿路<em class=""vline""></em>6天/周<em class=""vline""></em>6个月<em class=""vline""></em>本科</p>","<p>企业服务<em class=""vline""></em>天使轮<em class=""vline""></em>20-99人</p>"
254,Python数据分析师,玖数软件,8-9K,"<p>上海 普陀区 长征<em class=""vline""></em>1-3年<em class=""vline""></em>本科</p>","<p>计算机软件<em class=""vline""></em>未融资<em class=""vline""></em>20-99人</p>"
255,高级数据分析师,树融科技,20-40K,"<p>上海 杨浦区 五角场<em class=""vline""></em>5-10年<em class=""vline""></em>硕士</p>","<p>数据服务<em class=""vline""></em>天使轮<em class=""vline""></em>20-99人</p>"
256,高级数据分析师,QItech,30-50K,"<p>上海 杨浦区 周家嘴路<em class=""vline""></em>3-5年<em class=""vline""></em>本科</p>","<p>互联网<em class=""vline""></em>20-99人</p>"
257,数据分析师（风险分析专员）,维信金科,12-17K,"<p>上海 虹口区 四川北路<em class=""vline""></em>1-3年<em class=""vline""></em>本科</p>","<p>互联网金融<em class=""vline""></em>已上市<em class=""vline""></em>1000-9999人</p>"
258,金融量化数据分析工程师,顽岩资产,10-15K,"<p>上海 浦东新区 张江<em class=""vline""></em>1-3年<em class=""vline""></em>本科</p>","<p>互联网金融<em class=""vline""></em>未融资<em class=""vline""></em>0-20人</p>"
259,初级数据分析师-数据分析与建模岗,京东数字科技,20-40K·14薪,"<p>上海 黄浦区 南京东路<em class=""vline""></em>3-5年<em class=""vline""></em>本科</p>","<p>互联网<em class=""vline""></em>B轮<em class=""vline""></em>1000-9999人</p>"
260,运营数据分析,浅橙科技,10-15K,"<p>上海 杨浦区 五角场<em class=""vline""></em>1-3年<em class=""vline""></em>本科</p>","<p>移动互联网<em class=""vline""></em>B轮<em class=""vline""></em>500-999人</p>"
261,BI数据分析经理（报表可视化）,360金融,20-40K,"<p>上海 浦东新区 源深<em class=""vline""></em>1-3年<em class=""vline""></em>本科</p>","<p>互联网<em class=""vline""></em>已上市<em class=""vline""></em>500-999人</p>"
262,高级数据分析师,信用生活,20-40K,"<p>上海 黄浦区 豫园<em class=""vline""></em>3-5年<em class=""vline""></em>本科</p>","<p>互联网金融<em class=""vline""></em>A轮<em class=""vline""></em>20-99人</p>"
263,数据分析主管,东方物流,4-8K,"<p>上海 青浦区 徐泾<em class=""vline""></em>1-3年<em class=""vline""></em>本科</p>","<p>物流/仓储<em class=""vline""></em>未融资<em class=""vline""></em>1000-9999人</p>"
264,网络运营/数据分析/EDM,移品,2-4K,"<p>上海 闵行区 静安新城<em class=""vline""></em>经验不限<em class=""vline""></em>本科</p>","<p>移动互联网<em class=""vline""></em>未融资<em class=""vline""></em>20-99人</p>"
265,数据分析专家,极度展览,40-70K,"<p>上海 浦东新区 花木<em class=""vline""></em>5-10年<em class=""vline""></em>本科</p>","<p>广告营销<em class=""vline""></em>100-499人</p>"
266,高级数据分析师,树融科技,20-40K,"<p>上海 杨浦区 五角场<em class=""vline""></em>3-5年<em class=""vline""></em>硕士</p>","<p>数据服务<em class=""vline""></em>天使轮<em class=""vline""></em>20-99人</p>"
267,数据分析师,德邦快递,5-10K,"<p>上海 青浦区 徐泾<em class=""vline""></em>经验不限<em class=""vline""></em>本科</p>","<p>物流/仓储<em class=""vline""></em>已上市<em class=""vline""></em>10000人以上</p>"
268,市场营销，数据分析,平安好医生,8-13K,"<p>上海 徐汇区 斜土路<em class=""vline""></em>1年以内<em class=""vline""></em>本科</p>","<p>互联网<em class=""vline""></em>已上市<em class=""vline""></em>1000-9999人</p>"
269,资深数据分析师,路诚,15-25K,"<p>上海 静安区 汶水路<em class=""vline""></em>5-10年<em class=""vline""></em>本科</p>","<p>数据服务<em class=""vline""></em>未融资<em class=""vline""></em>20-99人</p>"
270,数据分析实习生,东萃文化传播,4-5K,"<p>上海 徐汇区 漕河泾<em class=""vline""></em>经验不限<em class=""vline""></em>大专</p>","<p>电子商务<em class=""vline""></em>未融资<em class=""vline""></em>1000-9999人</p>"
271,数据分析师（风控建模方向）,中诚信征信,16-30K,"<p>上海 黄浦区 老西门<em class=""vline""></em>1-3年<em class=""vline""></em>硕士</p>","<p>互联网<em class=""vline""></em>未融资<em class=""vline""></em>100-499人</p>"
272,商业数据分析师,凯熙信息,15-30K,"<p>上海 静安区 静安寺<em class=""vline""></em>3-5年<em class=""vline""></em>本科</p>","<p>计算机服务<em class=""vline""></em>100-499人</p>"
273,B端风险模型与数据分析师,货车帮,15-30K,"<p>上海 长宁区 北新泾<em class=""vline""></em>3-5年<em class=""vline""></em>本科</p>","<p>互联网<em class=""vline""></em>D轮及以上<em class=""vline""></em>1000-9999人</p>"
274,互联网数据分析师 （Digital Data Analyst）,上海讯实,10-15K,"<p>上海 浦东新区 陆家嘴<em class=""vline""></em>3-5年<em class=""vline""></em>本科</p>","<p>互联网<em class=""vline""></em>未融资<em class=""vline""></em>20-99人</p>"
275,数据分析实习生,Kesci-科赛,10-12K,"<p>上海 徐汇区 徐家汇<em class=""vline""></em>1年以内<em class=""vline""></em>硕士</p>","<p>互联网<em class=""vline""></em>A轮<em class=""vline""></em>20-99人</p>"
276,高级数据分析师（排名方向）,上海软科,15-30K·13薪,"<p>上海 闵行区 老闵行<em class=""vline""></em>应届生<em class=""vline""></em>博士</p>","<p>企业服务<em class=""vline""></em>不需要融资<em class=""vline""></em>20-99人</p>"
277,风控数据分析师,金互行,10-20K,"<p>上海 黄浦区 外滩<em class=""vline""></em>3-5年<em class=""vline""></em>本科</p>","<p>互联网金融<em class=""vline""></em>A轮<em class=""vline""></em>500-999人</p>"
278,大数据算法工程师/数据分析师,派拉软件,25-40K·16薪,"<p>上海 浦东新区 张江<em class=""vline""></em>经验不限<em class=""vline""></em>本科</p>","<p>移动互联网<em class=""vline""></em>C轮<em class=""vline""></em>100-499人</p>"
279,数据分析实习生,QuantumOne,3-4K,"<p>上海 虹口区 鲁迅公园<em class=""vline""></em>经验不限<em class=""vline""></em>本科</p>","<p>计算机服务<em class=""vline""></em>不需要融资<em class=""vline""></em>20-99人</p>"
280,电商数据分析,上海寓川电子商务...,8-9K,"<p>上海 嘉定区 马陆<em class=""vline""></em>1-3年<em class=""vline""></em>大专</p>","<p>电子商务<em class=""vline""></em>不需要融资<em class=""vline""></em>20-99人</p>"
281,数据分析师,晶赞融宣,15-30K,"<p>上海 静安区 大宁<em class=""vline""></em>3-5年<em class=""vline""></em>本科</p>","<p>数据服务<em class=""vline""></em>D轮及以上<em class=""vline""></em>100-499人</p>"
282,手游数据分析师,欢乐互娱,10-15K·14薪,"<p>上海 浦东新区 张江<em class=""vline""></em>3-5年<em class=""vline""></em>本科</p>","<p>游戏<em class=""vline""></em>不需要融资<em class=""vline""></em>100-499人</p>"
283,车联网数据分析工程师,智协慧同,8-13K,"<p>上海 杨浦区 周家嘴路<em class=""vline""></em>1-3年<em class=""vline""></em>本科</p>","<p>计算机软件<em class=""vline""></em>天使轮<em class=""vline""></em>20-99人</p>"
284,数据分析主管（客服数据分析方向）,瑞阙,16-30K,"<p>上海 黄浦区 新天地<em class=""vline""></em>5-10年<em class=""vline""></em>本科</p>","<p>互联网金融<em class=""vline""></em>不需要融资<em class=""vline""></em>100-499人</p>"
285,内控经理（数据分析）,any's,10-15K,"<p>上海 静安区 汶水路<em class=""vline""></em>3-5年<em class=""vline""></em>本科</p>","<p>工程施工<em class=""vline""></em>C轮<em class=""vline""></em>100-499人</p>"
286,咨询总监（数据分析方向）,凯度集团Kantar,35-60K,"<p>上海 静安区 火车站<em class=""vline""></em>10年以上<em class=""vline""></em>本科</p>","<p>咨询<em class=""vline""></em>已上市<em class=""vline""></em>1000-9999人</p>"
287,品牌数据分析实习生,斯馨广告,3-5K,"<p>上海 普陀区 长寿路<em class=""vline""></em>应届生<em class=""vline""></em>本科</p>","<p>广告/公关/会展<em class=""vline""></em>未融资<em class=""vline""></em>0-20人</p>"
288,数据分析建模--高级算法工程师/算法专家,蚂蚁金服,30-50K,"<p>上海 浦东新区 陆家嘴<em class=""vline""></em>1-3年<em class=""vline""></em>硕士</p>","<p>互联网<em class=""vline""></em>C轮<em class=""vline""></em>10000人以上</p>"
289,数据分析师,携程旅行网,12-20K,"<p>上海 长宁区 北新泾<em class=""vline""></em>1-3年<em class=""vline""></em>本科</p>","<p>互联网<em class=""vline""></em>已上市<em class=""vline""></em>10000人以上</p>"
290,风控数据分析师,印飞科技,12-22K,"<p>上海 杨浦区 周家嘴路<em class=""vline""></em>1-3年<em class=""vline""></em>本科</p>","<p>互联网金融<em class=""vline""></em>A轮<em class=""vline""></em>100-499人</p>"
291,数据分析师-市场研究方向,第一财经数据,15-20K·15薪,"<p>上海 静安区 南京西路<em class=""vline""></em>3-5年<em class=""vline""></em>本科</p>","<p>互联网<em class=""vline""></em>不需要融资<em class=""vline""></em>100-499人</p>"
292,数据分析产品经理,深兰科技,15-25K,"<p>上海 长宁区 天山<em class=""vline""></em>3-5年<em class=""vline""></em>本科</p>","<p>智能硬件<em class=""vline""></em>B轮<em class=""vline""></em>1000-9999人</p>"
293,数据分析师,凯淳实业,9-14K,"<p>上海 徐汇区 徐家汇<em class=""vline""></em>1-3年<em class=""vline""></em>本科</p>","<p>电子商务<em class=""vline""></em>未融资<em class=""vline""></em>1000-9999人</p>"
294,大数据算法工程师/数据分析师,派拉软件,20-30K,"<p>上海 浦东新区 张江<em class=""vline""></em>3-5年<em class=""vline""></em>本科</p>","<p>移动互联网<em class=""vline""></em>C轮<em class=""vline""></em>100-499人</p>"
295,数据分析师/互联网舆情分析师,宣亚国际,6-8K,"<p>上海 长宁区 中山公园<em class=""vline""></em>1-3年<em class=""vline""></em>本科</p>","<p>广告/公关/会展<em class=""vline""></em>已上市<em class=""vline""></em>100-499人</p>"
296,数据分析师,瓴里,15-25K,"<p>上海 长宁区 虹桥<em class=""vline""></em>1-3年<em class=""vline""></em>本科</p>","<p>互联网<em class=""vline""></em>A轮<em class=""vline""></em>100-499人</p>"
297,市场调研与数据分析实习生,晨光文具,1-2K,"<p>上海 松江区 九亭<em class=""vline""></em>经验不限<em class=""vline""></em>本科</p>","<p>其他行业<em class=""vline""></em>已上市<em class=""vline""></em>1000-9999人</p>"
298,实习生 - 数据分析助理,晏鼠股份,150-200/天,"<p>上海 杨浦区 五角场<em class=""vline""></em>4天/周<em class=""vline""></em>3个月<em class=""vline""></em>本科</p>","<p>互联网<em class=""vline""></em>未融资<em class=""vline""></em>20-99人</p>"
299,数据分析师,数数科技,12-20K,"<p>上海 长宁区 虹桥<em class=""vline""></em>3-5年<em class=""vline""></em>本科</p>","<p>数据服务<em class=""vline""></em>A轮<em class=""vline""></em>20-99人</p>"
