,岗位名称,公司名称,薪资,岗位信息,公司信息
0,数据分析师,颐信科技,3-5K,"<p>天津 西青区 侯台<em class=""vline""></em>应届生<em class=""vline""></em>大专</p>","<p>互联网<em class=""vline""></em>未融资<em class=""vline""></em>500-999人</p>"
1,数据分析专员,修源铭诚,4-5K,"<p>天津 和平区 南市<em class=""vline""></em>经验不限<em class=""vline""></em>本科</p>","<p>电子商务<em class=""vline""></em>100-499人</p>"
2,数据分析专员,饿了么,7-12K,"<p>天津 河西区 大营门<em class=""vline""></em>3-5年<em class=""vline""></em>本科</p>","<p>O2O<em class=""vline""></em>不需要融资<em class=""vline""></em>10000人以上</p>"
3,数据分析师,捷信消费金融有限公司,8-14K,"<p>天津 和平区 滨江道<em class=""vline""></em>3-5年<em class=""vline""></em>本科</p>","<p>互联网金融<em class=""vline""></em>不需要融资<em class=""vline""></em>10000人以上</p>"
4,数据分析专员,Lemon,5-7K,"<p>天津 河东区 春华街<em class=""vline""></em>经验不限<em class=""vline""></em>本科</p>","<p>电子商务<em class=""vline""></em>未融资<em class=""vline""></em>100-499人</p>"
5,数据分析师,佰聆数据,8-15K,"<p>天津 东丽区 东丽湖<em class=""vline""></em>1-3年<em class=""vline""></em>本科</p>","<p>数据服务<em class=""vline""></em>已上市<em class=""vline""></em>100-499人</p>"
6,数据分析师,捷信,10-15K,"<p>天津 和平区 滨江道<em class=""vline""></em>3-5年<em class=""vline""></em>本科</p>","<p>互联网金融<em class=""vline""></em>不需要融资<em class=""vline""></em>10000人以上</p>"
7,数据分析专员,快手,8-10K,"<p>天津 西青区 中北<em class=""vline""></em>1-3年<em class=""vline""></em>本科</p>","<p>社交网络<em class=""vline""></em>D轮及以上<em class=""vline""></em>1000-9999人</p>"
8,数据分析师,捷信消费金融有限公司,8-13K,"<p>天津 和平区 滨江道<em class=""vline""></em>经验不限<em class=""vline""></em>本科</p>","<p>互联网金融<em class=""vline""></em>不需要融资<em class=""vline""></em>10000人以上</p>"
9,数据分析,天津拓客文化,3-5K,"<p>天津 南开区 鼓楼<em class=""vline""></em>1-3年<em class=""vline""></em>本科</p>","<p>移动互联网<em class=""vline""></em>不需要融资<em class=""vline""></em>100-499人</p>"
10,数据分析师,海昱昌隆,6-10K,"<p>天津 南开区 体育中心<em class=""vline""></em>5-10年<em class=""vline""></em>本科</p>","<p>生活服务<em class=""vline""></em>未融资<em class=""vline""></em>20-99人</p>"
11,数据分析师,数能科技,6-12K,"<p>天津 南开区 鼓楼<em class=""vline""></em>3-5年<em class=""vline""></em>本科</p>","<p>互联网<em class=""vline""></em>未融资<em class=""vline""></em>20-99人</p>"
12,数据分析师助理,颐信科技,3-4K,"<p>天津 西青区 侯台<em class=""vline""></em>经验不限<em class=""vline""></em>本科</p>","<p>互联网<em class=""vline""></em>未融资<em class=""vline""></em>500-999人</p>"
13,系统数据分析师,捷信,8-11K,"<p>天津 和平区 滨江道<em class=""vline""></em>经验不限<em class=""vline""></em>本科</p>","<p>互联网金融<em class=""vline""></em>不需要融资<em class=""vline""></em>10000人以上</p>"
14,数据分析,捷信消费金融有限公司,10-15K,"<p>天津 和平区 滨江道<em class=""vline""></em>5-10年<em class=""vline""></em>本科</p>","<p>互联网金融<em class=""vline""></em>不需要融资<em class=""vline""></em>10000人以上</p>"
15,数据分析专员（二手）,天津贝壳,4-6K·14薪,"<p>天津  <em class=""vline""></em>3-5年<em class=""vline""></em>本科</p>","<p>互联网<em class=""vline""></em>C轮<em class=""vline""></em>100-499人</p>"
16,数据分析,捷信,8-13K,"<p>天津 和平区 滨江道<em class=""vline""></em>经验不限<em class=""vline""></em>本科</p>","<p>互联网金融<em class=""vline""></em>不需要融资<em class=""vline""></em>10000人以上</p>"
17,数据分析,数洋智慧,8-12K,"<p>天津 东丽区 张贵庄<em class=""vline""></em>1-3年<em class=""vline""></em>本科</p>","<p>数据服务<em class=""vline""></em>不需要融资<em class=""vline""></em>100-499人</p>"
18,数据分析,货圈全,6-10K·16薪,"<p>天津 河北区 火车站<em class=""vline""></em>3-5年<em class=""vline""></em>本科</p>","<p>电子商务<em class=""vline""></em>A轮<em class=""vline""></em>20-99人</p>"
19,数据分析师（技术向）,谷川联行,7-9K,"<p>天津 西青区 中北<em class=""vline""></em>经验不限<em class=""vline""></em>本科</p>","<p>互联网<em class=""vline""></em>不需要融资<em class=""vline""></em>100-499人</p>"
20,数据分析主管/经理,天津贝壳,7-12K,"<p>天津  <em class=""vline""></em>3-5年<em class=""vline""></em>本科</p>","<p>互联网<em class=""vline""></em>C轮<em class=""vline""></em>100-499人</p>"
21,电商数据分析师,天津上德科技,3-5K,"<p>天津  <em class=""vline""></em>1年以内<em class=""vline""></em>大专</p>","<p>电子商务<em class=""vline""></em>天使轮<em class=""vline""></em>20-99人</p>"
22,数据分析师,经纬智图,4-5K,"<p>天津 滨海新区 开发区<em class=""vline""></em>经验不限<em class=""vline""></em>大专</p>","<p>互联网<em class=""vline""></em>未融资<em class=""vline""></em>100-499人</p>"
23,数据分析,天津快唐,3-4K,"<p>天津 和平区 南市<em class=""vline""></em>经验不限<em class=""vline""></em>学历不限</p>","<p>互联网<em class=""vline""></em>不需要融资<em class=""vline""></em>100-499人</p>"
24,数据分析岗（天津/北京/保定）,长城金融,11-20K,"<p>天津  <em class=""vline""></em>1-3年<em class=""vline""></em>本科</p>","<p>互联网金融<em class=""vline""></em>不需要融资<em class=""vline""></em>500-999人</p>"
25,数据分析,谷川联行,8-12K,"<p>天津 西青区 中北<em class=""vline""></em>经验不限<em class=""vline""></em>学历不限</p>","<p>互联网<em class=""vline""></em>不需要融资<em class=""vline""></em>100-499人</p>"
26,GIS、数据分析,经纬智图,4-5K,"<p>天津 滨海新区 开发区<em class=""vline""></em>经验不限<em class=""vline""></em>大专</p>","<p>互联网<em class=""vline""></em>未融资<em class=""vline""></em>100-499人</p>"
27,数据分析员,天津兆银,4-6K,"<p>天津 和平区 南市<em class=""vline""></em>1-3年<em class=""vline""></em>大专</p>","<p>互联网金融<em class=""vline""></em>未融资<em class=""vline""></em>20-99人</p>"
28,数据分析师,克运物流,4-8K,"<p>天津 和平区 五大道<em class=""vline""></em>1年以内<em class=""vline""></em>本科</p>","<p>物流/仓储<em class=""vline""></em>不需要融资<em class=""vline""></em>100-499人</p>"
29,数据分析师,人易宝,3-5K,"<p>天津 西青区 中北<em class=""vline""></em>1年以内<em class=""vline""></em>高中</p>","<p>企业服务<em class=""vline""></em>不需要融资<em class=""vline""></em>20-99人</p>"
30,数据分析主管,58到家,7-10K,"<p>天津 滨海新区 开发区<em class=""vline""></em>3-5年<em class=""vline""></em>大专</p>","<p>互联网<em class=""vline""></em>B轮<em class=""vline""></em>1000-9999人</p>"
31,资产数据分析师,捷信消费金融有限公司,10-13K,"<p>天津 和平区 滨江道<em class=""vline""></em>经验不限<em class=""vline""></em>本科</p>","<p>互联网金融<em class=""vline""></em>不需要融资<em class=""vline""></em>10000人以上</p>"
32,AI 数据分析师,捷信,11-18K,"<p>天津 和平区 滨江道<em class=""vline""></em>经验不限<em class=""vline""></em>本科</p>","<p>互联网金融<em class=""vline""></em>不需要融资<em class=""vline""></em>10000人以上</p>"
33,品牌/平台/数据分析管理师,沙拉范,3-6K,"<p>天津 和平区 五大道<em class=""vline""></em>经验不限<em class=""vline""></em>本科</p>","<p>生活服务<em class=""vline""></em>A轮<em class=""vline""></em>20-99人</p>"
34,数据分析师,星云时代科技,5-10K,"<p>天津  <em class=""vline""></em>经验不限<em class=""vline""></em>本科</p>","<p>互联网<em class=""vline""></em>100-499人</p>"
35,数据分析专员,Kappa(中国)天津公司,4-6K,"<p>天津 南开区 黄河道<em class=""vline""></em>1年以内<em class=""vline""></em>大专</p>","<p>批发/零售<em class=""vline""></em>已上市<em class=""vline""></em>100-499人</p>"
36,销售经理（数据分析与可视化项目）,锐网科技,15-20K,"<p>天津 西青区 华苑<em class=""vline""></em>3-5年<em class=""vline""></em>本科</p>","<p>企业服务<em class=""vline""></em>已上市<em class=""vline""></em>100-499人</p>"
37,物流数据分析师,昌宜,4-6K,"<p>天津 东丽区 军粮城<em class=""vline""></em>1-3年<em class=""vline""></em>本科</p>","<p>工程施工<em class=""vline""></em>未融资<em class=""vline""></em>1000-9999人</p>"
38,运营数据分析（财务方向）,卓朗科技,5-8K,"<p>天津 红桥区 西沽<em class=""vline""></em>1-3年<em class=""vline""></em>本科</p>","<p>计算机软件<em class=""vline""></em>已上市<em class=""vline""></em>500-999人</p>"
39,数据分析工程师(BI数据分析方向),锐网科技,8-13K,"<p>天津 西青区 华苑<em class=""vline""></em>1-3年<em class=""vline""></em>本科</p>","<p>企业服务<em class=""vline""></em>已上市<em class=""vline""></em>100-499人</p>"
40,金融数据分析师,投中集团,4-6K,"<p>天津  <em class=""vline""></em>经验不限<em class=""vline""></em>本科</p>","<p>互联网金融<em class=""vline""></em>不需要融资<em class=""vline""></em>100-499人</p>"
41,数据分析师助理（会计方向）,颐信科技,3-4K,"<p>天津 西青区 侯台<em class=""vline""></em>经验不限<em class=""vline""></em>本科</p>","<p>互联网<em class=""vline""></em>未融资<em class=""vline""></em>500-999人</p>"
42,数据分析,敬庸天津分公司,15-24K,"<p>天津 和平区 小白楼<em class=""vline""></em>3-5年<em class=""vline""></em>本科</p>","<p>互联网<em class=""vline""></em>未融资<em class=""vline""></em>20-99人</p>"
43,高薪诚聘数据分析师,天津市威莎国际贸易,4-5K,"<p>天津 南开区 <em class=""vline""></em>1-3年<em class=""vline""></em>大专</p>","<p>生活服务<em class=""vline""></em>未融资<em class=""vline""></em>100-499人</p>"
44,商业数据分析,中国联通,10-15K,"<p>天津 南开区 鼓楼<em class=""vline""></em>1-3年<em class=""vline""></em>本科</p>","<p>通信/网络设备<em class=""vline""></em>已上市<em class=""vline""></em>1000-9999人</p>"
45,数据分析师,天津津裕电业,4-5K,"<p>天津 北辰区 小淀<em class=""vline""></em>1-3年<em class=""vline""></em>大专</p>","<p>汽车零部件<em class=""vline""></em>500-999人</p>"
46,数据分析,捷信消费金融有限公司,10-14K·13薪,"<p>天津 和平区 滨江道<em class=""vline""></em>1-3年<em class=""vline""></em>本科</p>","<p>互联网金融<em class=""vline""></em>不需要融资<em class=""vline""></em>10000人以上</p>"
47,数据分析师,龙实同创,4-6K,"<p>天津 红桥区 丁字沽<em class=""vline""></em>经验不限<em class=""vline""></em>本科</p>","<p>生活服务<em class=""vline""></em>不需要融资<em class=""vline""></em>500-999人</p>"
48,风控数据分析师,捷信消费金融有限公司,15-25K,"<p>天津 红桥区 芥园道<em class=""vline""></em>1-3年<em class=""vline""></em>本科</p>","<p>互联网金融<em class=""vline""></em>不需要融资<em class=""vline""></em>10000人以上</p>"
49,数据分析师,个房中国,6-8K,"<p>天津 南开区 体育中心<em class=""vline""></em>1-3年<em class=""vline""></em>本科</p>","<p>数据服务<em class=""vline""></em>未融资<em class=""vline""></em>20-99人</p>"
50,数据分析助理,禧天龙科技,3-4K,"<p>天津 滨海新区 北塘街<em class=""vline""></em>经验不限<em class=""vline""></em>大专</p>","<p>贸易/进出口<em class=""vline""></em>不需要融资<em class=""vline""></em>1000-9999人</p>"
51,数据分析师,福安易,8-9K,"<p>天津  <em class=""vline""></em>1-3年<em class=""vline""></em>本科</p>","<p>医疗健康<em class=""vline""></em>不需要融资<em class=""vline""></em>20-99人</p>"
52,商业数据分析,天津友发,5-6K,"<p>天津 静海区 大邱庄<em class=""vline""></em>1年以内<em class=""vline""></em>本科</p>","<p>其他行业<em class=""vline""></em>不需要融资<em class=""vline""></em>1000-9999人</p>"
53,数据分析师,颐信科技,3-8K·13薪,"<p>天津  <em class=""vline""></em>经验不限<em class=""vline""></em>学历不限</p>","<p>互联网<em class=""vline""></em>未融资<em class=""vline""></em>500-999人</p>"
54,商业数据分析师,联通视频,10-15K,"<p>天津  <em class=""vline""></em>经验不限<em class=""vline""></em>本科</p>","<p>音乐/视频/阅读<em class=""vline""></em>未融资<em class=""vline""></em>100-499人</p>"
55,高级数据分析师,联通视频,10-15K,"<p>天津  <em class=""vline""></em>3-5年<em class=""vline""></em>本科</p>","<p>音乐/视频/阅读<em class=""vline""></em>未融资<em class=""vline""></em>100-499人</p>"
56,数据分析实习生,天津宜家家居有限...,2-4K,"<p>天津 东丽区 新立<em class=""vline""></em>经验不限<em class=""vline""></em>本科</p>","<p>家具/家电/家居<em class=""vline""></em>未融资<em class=""vline""></em>100-499人</p>"
57,商业数据分析,尚文知识产权,3-5K,"<p>天津 西青区 华苑<em class=""vline""></em>1年以内<em class=""vline""></em>大专</p>","<p>企业服务<em class=""vline""></em>未融资<em class=""vline""></em>20-99人</p>"
58,数据运营 数据分析师,走起网络科技,5-7K,"<p>天津 西青区 大寺<em class=""vline""></em>1-3年<em class=""vline""></em>大专</p>","<p>互联网<em class=""vline""></em>不需要融资<em class=""vline""></em>20-99人</p>"
59,数据分析实施工程师,万有启力,5-8K,"<p>天津  <em class=""vline""></em>1-3年<em class=""vline""></em>本科</p>","<p>互联网<em class=""vline""></em>0-20人</p>"
60,数据分析,卓漫科技,4-8K,"<p>天津 西青区 张家窝<em class=""vline""></em>经验不限<em class=""vline""></em>本科</p>","<p>互联网<em class=""vline""></em>不需要融资<em class=""vline""></em>100-499人</p>"
61,数据分析师,素瑞文化,2-6K,"<p>天津 河东区 上杭路<em class=""vline""></em>经验不限<em class=""vline""></em>学历不限</p>","<p>电子商务<em class=""vline""></em>0-20人</p>"
62,振动频谱数据分析,航联迪克,6-10K,"<p>天津 南开区 华苑<em class=""vline""></em>3-5年<em class=""vline""></em>本科</p>","<p>仪器仪表/工业自动化<em class=""vline""></em>不需要融资<em class=""vline""></em>100-499人</p>"
63,数据分析专员,瑞友教育,3-6K,"<p>天津 南开区 鞍山道<em class=""vline""></em>经验不限<em class=""vline""></em>本科</p>","<p>在线教育<em class=""vline""></em>未融资<em class=""vline""></em>500-999人</p>"
64,数据分析师,闽福隆贸易,6-7K,"<p>天津 西青区 李七庄<em class=""vline""></em>1年以内<em class=""vline""></em>本科</p>","<p>服装/纺织/皮革<em class=""vline""></em>未融资<em class=""vline""></em>100-499人</p>"
65,数据分析高级经理,坤谦,25-50K,"<p>天津 和平区 滨江道<em class=""vline""></em>5-10年<em class=""vline""></em>本科</p>","<p>互联网<em class=""vline""></em>1000-9999人</p>"
66,数据分析师,渤海新能科技,5-10K,"<p>天津 东丽区 东丽湖<em class=""vline""></em>经验不限<em class=""vline""></em>本科</p>","<p>计算机软件<em class=""vline""></em>未融资<em class=""vline""></em>100-499人</p>"
67,数据分析专员（管培岗）,甘蒂国际,4-8K,"<p>天津 津南区 北闸口<em class=""vline""></em>经验不限<em class=""vline""></em>本科</p>","<p>食品/饮料/烟酒<em class=""vline""></em>未融资<em class=""vline""></em>100-499人</p>"
68,数据分析专员,易迪思培训中心,4-5K,"<p>天津 南开区 海光寺<em class=""vline""></em>1年以内<em class=""vline""></em>本科</p>","<p>培训机构<em class=""vline""></em>未融资<em class=""vline""></em>20-99人</p>"
69,数据分析,捷信消费金融有限公司,8-10K,"<p>天津 和平区 滨江道<em class=""vline""></em>3-5年<em class=""vline""></em>本科</p>","<p>互联网金融<em class=""vline""></em>不需要融资<em class=""vline""></em>10000人以上</p>"
70,数据分析师,汇保医联,10-20K,"<p>天津 滨海新区 三槐路街<em class=""vline""></em>1-3年<em class=""vline""></em>本科</p>","<p>数据服务<em class=""vline""></em>天使轮<em class=""vline""></em>20-99人</p>"
71,数据分析师,北京市闽福隆贸易公司,7-8K,"<p>天津 西青区 李七庄<em class=""vline""></em>1年以内<em class=""vline""></em>本科</p>","<p>批发/零售<em class=""vline""></em>不需要融资<em class=""vline""></em>100-499人</p>"
72,数据分析师,西亦传媒,8-15K,"<p>天津 南开区 六里台<em class=""vline""></em>1-3年<em class=""vline""></em>学历不限</p>","<p>广告营销<em class=""vline""></em>未融资<em class=""vline""></em>20-99人</p>"
73,商业数据分析,港岛记,9-15K,"<p>天津 红桥区 芥园道<em class=""vline""></em>1-3年<em class=""vline""></em>本科</p>","<p>互联网<em class=""vline""></em>不需要融资<em class=""vline""></em>100-499人</p>"
74,平台运营数据分析,乐途智行,3-6K,"<p>天津 西青区 华苑<em class=""vline""></em>1-3年<em class=""vline""></em>本科</p>","<p>互联网<em class=""vline""></em>天使轮<em class=""vline""></em>1000-9999人</p>"
75,技术支持,神州商龙,3-6K,"<p>天津 西青区 华苑<em class=""vline""></em>应届生<em class=""vline""></em>大专</p>","<p>计算机软件<em class=""vline""></em>不需要融资<em class=""vline""></em>500-999人</p>"
76,O2O运营总监,天津格朗合,8-12K,"<p>天津 红桥区 丁字沽<em class=""vline""></em>1-3年<em class=""vline""></em>大专</p>","<p>生活服务<em class=""vline""></em>不需要融资<em class=""vline""></em>500-999人</p>"
77,中高级JAVA软件开发工程师,天津网络广播电视台,12-18K,"<p>天津 和平区 西康路沿线<em class=""vline""></em>3-5年<em class=""vline""></em>本科</p>","<p>媒体<em class=""vline""></em>已上市<em class=""vline""></em>100-499人</p>"
78,数据挖掘,颐信科技,5-6K,"<p>天津 西青区 侯台<em class=""vline""></em>1年以内<em class=""vline""></em>本科</p>","<p>互联网<em class=""vline""></em>未融资<em class=""vline""></em>500-999人</p>"
79,运营助理/专员,金艺绘,2-4K,"<p>天津 红桥区 芥园道<em class=""vline""></em>经验不限<em class=""vline""></em>学历不限</p>","<p>培训机构<em class=""vline""></em>未融资<em class=""vline""></em>500-999人</p>"
80,数据治理工程师,渤海新能科技,8-12K,"<p>天津 西青区 华苑<em class=""vline""></em>3-5年<em class=""vline""></em>本科</p>","<p>计算机软件<em class=""vline""></em>未融资<em class=""vline""></em>100-499人</p>"
81,店长、网店运营,戈雅设计,10-16K,"<p>天津 西青区 侯台<em class=""vline""></em>3-5年<em class=""vline""></em>大专</p>","<p>其他专业服务<em class=""vline""></em>未融资<em class=""vline""></em>0-20人</p>"
82,资料员,绿岛市政园林,4-6K,"<p>天津 河东区 上杭路<em class=""vline""></em>3-5年<em class=""vline""></em>大专</p>","<p>农/林/牧/渔<em class=""vline""></em>100-499人</p>"
83,超市线上多点负责人,天津物美,3-4K,"<p>天津  <em class=""vline""></em>1-3年<em class=""vline""></em>学历不限</p>","<p>生活服务<em class=""vline""></em>未融资<em class=""vline""></em>1000-9999人</p>"
84,微博运营,韩国苏荷婚纱摄影,10-20K,"<p>天津 南开区 海光寺<em class=""vline""></em>3-5年<em class=""vline""></em>本科</p>","<p>生活服务<em class=""vline""></em>不需要融资<em class=""vline""></em>20-99人</p>"
85,实习助理（在校生）,凤凰房产,1-2K,"<p>天津 南开区 黄河道<em class=""vline""></em>经验不限<em class=""vline""></em>本科</p>","<p>互联网<em class=""vline""></em>不需要融资<em class=""vline""></em>1000-9999人</p>"
86,用户运营,起元,10-11K,"<p>天津 和平区 小白楼<em class=""vline""></em>1年以内<em class=""vline""></em>本科</p>","<p>互联网<em class=""vline""></em>A轮<em class=""vline""></em>1000-9999人</p>"
87,数据运营,言选国际,3-5K,"<p>天津  <em class=""vline""></em>1-3年<em class=""vline""></em>大专</p>","<p>日化<em class=""vline""></em>未融资<em class=""vline""></em>20-99人</p>"
88,图像算法,自动化控制系统专家,8-13K,"<p>天津 西青区 精武镇<em class=""vline""></em>1-3年<em class=""vline""></em>本科</p>","<p>企业服务<em class=""vline""></em>未融资<em class=""vline""></em>20-99人</p>"
89,网络安全,中科锐眼,2-3K,"<p>天津 津南区 双港<em class=""vline""></em>应届生<em class=""vline""></em>大专</p>","<p>数据服务<em class=""vline""></em>未融资<em class=""vline""></em>20-99人</p>"
90,付费推广专员,格致教育科技,3-6K,"<p>天津 河东区 大王庄<em class=""vline""></em>1年以内<em class=""vline""></em>大专</p>","<p>数据服务<em class=""vline""></em>未融资<em class=""vline""></em>0-20人</p>"
91,外贸专员,天津市诺达行电器,4-6K,"<p>天津 滨海新区 新港<em class=""vline""></em>经验不限<em class=""vline""></em>本科</p>","<p>电子/半导体/集成电路<em class=""vline""></em>不需要融资<em class=""vline""></em>20-99人</p>"
92,电商平台运营,广宜电商,5-7K,"<p>天津 河西区 大营门<em class=""vline""></em>1年以内<em class=""vline""></em>本科</p>","<p>电子商务<em class=""vline""></em>未融资<em class=""vline""></em>0-20人</p>"
93,网站建设,小伟科技,3-6K,"<p>天津 南开区 体育中心<em class=""vline""></em>1年以内<em class=""vline""></em>本科</p>","<p>电子商务<em class=""vline""></em>未融资<em class=""vline""></em>0-20人</p>"
94,直播运营 平台运营,韩国苏荷婚纱摄影,10-20K,"<p>天津 南开区 海光寺<em class=""vline""></em>1-3年<em class=""vline""></em>本科</p>","<p>生活服务<em class=""vline""></em>不需要融资<em class=""vline""></em>20-99人</p>"
95,运营经理/主管,东特美正资产管理,9-10K,"<p>天津 河西区 陈塘庄<em class=""vline""></em>1-3年<em class=""vline""></em>本科</p>","<p>互联网金融<em class=""vline""></em>不需要融资<em class=""vline""></em>1000-9999人</p>"
96,百度竞价专员,百健,5-10K,"<p>天津  <em class=""vline""></em>1-3年<em class=""vline""></em>大专</p>","<p>医疗健康<em class=""vline""></em>A轮<em class=""vline""></em>500-999人</p>"
97,电商运营,柯诺德,4-7K,"<p>天津  <em class=""vline""></em>1年以内<em class=""vline""></em>本科</p>","<p>贸易/进出口<em class=""vline""></em>0-20人</p>"
98,网站推广,力拓进出口,3-4K,"<p>天津 南开区 华苑<em class=""vline""></em>1年以内<em class=""vline""></em>大专</p>","<p>贸易/进出口<em class=""vline""></em>不需要融资<em class=""vline""></em>0-20人</p>"
99,数据运营,天津宝乐加,4-6K,"<p>天津 南开区 体育中心<em class=""vline""></em>1年以内<em class=""vline""></em>本科</p>","<p>在线教育<em class=""vline""></em>天使轮<em class=""vline""></em>20-99人</p>"
100,塘沽校区市场专员,天津知学教育,7-9K,"<p>天津 滨海新区 解放路<em class=""vline""></em>经验不限<em class=""vline""></em>学历不限</p>","<p>在线教育<em class=""vline""></em>不需要融资<em class=""vline""></em>20-99人</p>"
101,网络情报分析师,福韵数据服务有限公司,5-10K,"<p>天津 南开区 六里台<em class=""vline""></em>应届生<em class=""vline""></em>硕士</p>","<p>数据服务<em class=""vline""></em>未融资<em class=""vline""></em>500-999人</p>"
102,电商运营,百健,6-10K,"<p>天津  <em class=""vline""></em>1-3年<em class=""vline""></em>本科</p>","<p>医疗健康<em class=""vline""></em>A轮<em class=""vline""></em>500-999人</p>"
103,数据运营,未来电视有限公司,6-8K,"<p>天津 东丽区 华明<em class=""vline""></em>经验不限<em class=""vline""></em>本科</p>","<p>媒体<em class=""vline""></em>未融资<em class=""vline""></em>100-499人</p>"
104,网络推广,泰宝科技,3-4K,"<p>天津 东丽区 新立<em class=""vline""></em>1-3年<em class=""vline""></em>学历不限</p>","<p>医疗设备/器械<em class=""vline""></em>不需要融资<em class=""vline""></em>0-20人</p>"
105,新媒体运营,多看科技,4-5K,"<p>天津 河西区 图书大厦<em class=""vline""></em>1-3年<em class=""vline""></em>本科</p>","<p>媒体<em class=""vline""></em>未融资<em class=""vline""></em>20-99人</p>"
106,网络推广 sem 百度 360 搜狗 信息流,韩国苏荷婚纱摄影,5-10K,"<p>天津 南开区 海光寺<em class=""vline""></em>1-3年<em class=""vline""></em>学历不限</p>","<p>生活服务<em class=""vline""></em>不需要融资<em class=""vline""></em>20-99人</p>"
107,淘宝 天猫 阿里店铺运营,敦惠通,6-9K,"<p>天津 东丽区 华明<em class=""vline""></em>1-3年<em class=""vline""></em>大专</p>","<p>汽车零部件<em class=""vline""></em>不需要融资<em class=""vline""></em>0-20人</p>"
108,网络推广,梓塘文化传播有限公司,3-8K,"<p>天津 和平区 小白楼<em class=""vline""></em>1-3年<em class=""vline""></em>学历不限</p>","<p>生活服务<em class=""vline""></em>未融资<em class=""vline""></em>20-99人</p>"
109,淘宝助理,天津瑞锦丰,5-8K,"<p>天津 津南区 双港<em class=""vline""></em>1年以内<em class=""vline""></em>大专</p>","<p>电子商务<em class=""vline""></em>0-20人</p>"
110,微博推广 粉丝通推广 婚纱摄影,韩国苏荷婚纱摄影,6-10K,"<p>天津 南开区 海光寺<em class=""vline""></em>1年以内<em class=""vline""></em>本科</p>","<p>生活服务<em class=""vline""></em>不需要融资<em class=""vline""></em>20-99人</p>"
111,SEO优化,天津津尚信通/互联网,3-8K,"<p>天津 南开区 鞍山道<em class=""vline""></em>1年以内<em class=""vline""></em>高中</p>","<p>互联网<em class=""vline""></em>未融资<em class=""vline""></em>0-20人</p>"
112,网校运营经理,好榜样教育,7-10K,"<p>天津 河西区 友谊路<em class=""vline""></em>1年以内<em class=""vline""></em>本科</p>","<p>培训机构<em class=""vline""></em>不需要融资<em class=""vline""></em>20-99人</p>"
113,会计,雨淇公司,4-8K,"<p>天津  <em class=""vline""></em>3-5年<em class=""vline""></em>本科</p>","<p>美容/美发<em class=""vline""></em>未融资<em class=""vline""></em>20-99人</p>"
114,电商运营,香草商贸,7-12K,"<p>天津 西青区 中北<em class=""vline""></em>1-3年<em class=""vline""></em>大专</p>","<p>电子商务<em class=""vline""></em>20-99人</p>"
115,广告创意,果子文化,5-10K,"<p>天津 河东区 上杭路<em class=""vline""></em>3-5年<em class=""vline""></em>本科</p>","<p>广告/公关/会展<em class=""vline""></em>0-20人</p>"
116,电商运营,欧尼国际,4-5K,"<p>天津 和平区 滨江道<em class=""vline""></em>1年以内<em class=""vline""></em>本科</p>","<p>互联网<em class=""vline""></em>未融资<em class=""vline""></em>0-20人</p>"
117,医疗器械销售,富雅科技,7-12K,"<p>天津 河北区 中山路<em class=""vline""></em>3-5年<em class=""vline""></em>大专</p>","<p>医疗设备/器械<em class=""vline""></em>不需要融资<em class=""vline""></em>100-499人</p>"
118,电商平台运营,盛昊旺达科技,5-8K,"<p>天津  <em class=""vline""></em>1年以内<em class=""vline""></em>本科</p>","<p>贸易/进出口<em class=""vline""></em>不需要融资<em class=""vline""></em>0-20人</p>"
119,市场调研,新成悦来,5-8K,"<p>天津 红桥区 邵公庄<em class=""vline""></em>经验不限<em class=""vline""></em>中专/中技</p>","<p>医疗健康<em class=""vline""></em>不需要融资<em class=""vline""></em>20-99人</p>"
120,销售助理,企商汇创,4-5K,"<p>天津  <em class=""vline""></em>经验不限<em class=""vline""></em>本科</p>","<p>互联网<em class=""vline""></em>不需要融资<em class=""vline""></em>1000-9999人</p>"
121,数据统计专员,天津拓客文化,2-4K,"<p>天津 南开区 水上<em class=""vline""></em>应届生<em class=""vline""></em>大专</p>","<p>移动互联网<em class=""vline""></em>不需要融资<em class=""vline""></em>100-499人</p>"
122,电子商务专员/助理,盛昊旺达科技,5-8K,"<p>天津  <em class=""vline""></em>1年以内<em class=""vline""></em>本科</p>","<p>贸易/进出口<em class=""vline""></em>不需要融资<em class=""vline""></em>0-20人</p>"
123,市场BD,招商银行信用卡中心,6-10K,"<p>天津 河西区 永安道<em class=""vline""></em>经验不限<em class=""vline""></em>本科</p>","<p>互联网金融<em class=""vline""></em>已上市<em class=""vline""></em>10000人以上</p>"
124,数据运营,天津世盛金属制品,10-11K,"<p>天津 西青区 华苑<em class=""vline""></em>1年以内<em class=""vline""></em>本科</p>","<p>贸易/进出口<em class=""vline""></em>不需要融资<em class=""vline""></em>100-499人</p>"
125,市场专员,金艺绘,3-8K,"<p>天津 红桥区 芥园道<em class=""vline""></em>经验不限<em class=""vline""></em>学历不限</p>","<p>培训机构<em class=""vline""></em>未融资<em class=""vline""></em>500-999人</p>"
126,项目申报工程师,正能量知识产权,4-7K,"<p>天津 南开区 嘉陵道街<em class=""vline""></em>3-5年<em class=""vline""></em>本科</p>","<p>专利/商标/知识产权<em class=""vline""></em>未融资<em class=""vline""></em>100-499人</p>"
127,运营助理/专员,深思维,4-9K,"<p>天津 和平区 小白楼<em class=""vline""></em>1年以内<em class=""vline""></em>本科</p>","<p>互联网<em class=""vline""></em>A轮<em class=""vline""></em>20-99人</p>"
128,销售总监,卓尔,10-15K,"<p>天津 河东区 上杭路<em class=""vline""></em>1-3年<em class=""vline""></em>本科</p>","<p>培训机构<em class=""vline""></em>不需要融资<em class=""vline""></em>100-499人</p>"
129,线上推广专员,微梦想教育集团,3-5K,"<p>天津 河西区 下瓦房<em class=""vline""></em>1年以内<em class=""vline""></em>本科</p>","<p>培训机构<em class=""vline""></em>不需要融资<em class=""vline""></em>20-99人</p>"
130,供应链经理,梓豪供应链（天津...,3-5K,"<p>天津 东丽区 金钟街<em class=""vline""></em>应届生<em class=""vline""></em>本科</p>","<p>物流/仓储<em class=""vline""></em>0-20人</p>"
131,管理培训生,北京保盛航服,6-12K,"<p>天津 红桥区 丁字沽<em class=""vline""></em>应届生<em class=""vline""></em>本科</p>","<p>旅游<em class=""vline""></em>未融资<em class=""vline""></em>1000-9999人</p>"
132,结算,凯利恩,3-6K,"<p>天津 北辰区 双口<em class=""vline""></em>3-5年<em class=""vline""></em>本科</p>","<p>医疗/护理/卫生<em class=""vline""></em>不需要融资<em class=""vline""></em>100-499人</p>"
133,助理,凤凰房产,4-5K,"<p>天津 南开区 黄河道<em class=""vline""></em>经验不限<em class=""vline""></em>本科</p>","<p>互联网<em class=""vline""></em>不需要融资<em class=""vline""></em>1000-9999人</p>"
134,自媒体推广,渝新欧国际贸易,10-20K,"<p>天津 滨海新区 海滨<em class=""vline""></em>1年以内<em class=""vline""></em>本科</p>","<p>贸易/进出口<em class=""vline""></em>未融资<em class=""vline""></em>100-499人</p>"
135,电商运营助理,爱仕达,3-5K,"<p>天津 河东区 春华街<em class=""vline""></em>1年以内<em class=""vline""></em>大专</p>","<p>互联网<em class=""vline""></em>不需要融资<em class=""vline""></em>20-99人</p>"
136,课程顾问主管,天津毅果教育咨询...,6-11K,"<p>天津 南开区 鼓楼<em class=""vline""></em>3-5年<em class=""vline""></em>学历不限</p>","<p>培训机构<em class=""vline""></em>不需要融资<em class=""vline""></em>500-999人</p>"
137,活动策划,佛山欧神诺陶瓷,6-10K,"<p>天津 河西区 尖山<em class=""vline""></em>1年以内<em class=""vline""></em>大专</p>","<p>建材<em class=""vline""></em>已上市<em class=""vline""></em>1000-9999人</p>"
138,网络运营推广,君乐品商贸,4-5K,"<p>天津 武清区 杨村<em class=""vline""></em>1年以内<em class=""vline""></em>大专</p>","<p>电子商务<em class=""vline""></em>未融资<em class=""vline""></em>0-20人</p>"
139,外贸专员 英语 亚马逊运营,奥尼斯科技,6-8K,"<p>天津 河东区 上杭路<em class=""vline""></em>经验不限<em class=""vline""></em>大专</p>","<p>贸易/进出口<em class=""vline""></em>未融资<em class=""vline""></em>0-20人</p>"
140,网站运营,天津格威科技有限公司,4-6K,"<p>天津 河西区 陈塘庄<em class=""vline""></em>1年以内<em class=""vline""></em>本科</p>","<p>贸易/进出口<em class=""vline""></em>A轮<em class=""vline""></em>20-99人</p>"
141,产品运营,精酿行,4-6K,"<p>天津 和平区 和平路<em class=""vline""></em>1-3年<em class=""vline""></em>大专</p>","<p>新零售<em class=""vline""></em>不需要融资<em class=""vline""></em>0-20人</p>"
142,淘宝店长,江东草堂,8-16K,"<p>天津  <em class=""vline""></em>3-5年<em class=""vline""></em>学历不限</p>","<p>互联网<em class=""vline""></em>20-99人</p>"
143,造价工程师，土建专业,泰达咨询监理,5-6K,"<p>天津 河西区 友谊路<em class=""vline""></em>3-5年<em class=""vline""></em>本科</p>","<p>工程施工<em class=""vline""></em>100-499人</p>"
144,大数据开发工程师,渣打环球商业服务,11-20K,"<p>天津 滨海新区 开发区<em class=""vline""></em>3-5年<em class=""vline""></em>本科</p>","<p>银行<em class=""vline""></em>已上市<em class=""vline""></em>1000-9999人</p>"
145,资深业务经理,大都会人寿,15-18K·13薪,"<p>天津 和平区 小白楼<em class=""vline""></em>经验不限<em class=""vline""></em>大专</p>","<p>互联网金融<em class=""vline""></em>已上市<em class=""vline""></em>10000人以上</p>"
146,美团饿了么平台运营师,米小粒,4-9K,"<p>天津 南开区 华苑<em class=""vline""></em>1-3年<em class=""vline""></em>本科</p>","<p>餐饮<em class=""vline""></em>未融资<em class=""vline""></em>20-99人</p>"
147,运营店长,天津触动,6-8K,"<p>天津 和平区 小白楼<em class=""vline""></em>1-3年<em class=""vline""></em>大专</p>","<p>电子商务<em class=""vline""></em>不需要融资<em class=""vline""></em>100-499人</p>"
148,外贸 日语 跨境电商亚马逊 业务/运营,奥尼斯科技,6-8K,"<p>天津 河东区 上杭路<em class=""vline""></em>经验不限<em class=""vline""></em>本科</p>","<p>贸易/进出口<em class=""vline""></em>未融资<em class=""vline""></em>0-20人</p>"
149,电商运营,天津市克兰佰瑞自...,3-8K,"<p>天津 西青区 华苑<em class=""vline""></em>1-3年<em class=""vline""></em>本科</p>","<p>电子商务<em class=""vline""></em>0-20人</p>"
150,客服经理,起元,10-11K,"<p>天津 和平区 小白楼<em class=""vline""></em>1年以内<em class=""vline""></em>本科</p>","<p>互联网<em class=""vline""></em>A轮<em class=""vline""></em>1000-9999人</p>"
151,高级总监,大都会人寿天津分公司,20-40K,"<p>天津 和平区 小白楼<em class=""vline""></em>5-10年<em class=""vline""></em>本科</p>","<p>互联网金融<em class=""vline""></em>已上市<em class=""vline""></em>1000-9999人</p>"
152,运营主管/运营助理,天津瑞锦丰,5-10K,"<p>天津 津南区 双港<em class=""vline""></em>1-3年<em class=""vline""></em>学历不限</p>","<p>电子商务<em class=""vline""></em>0-20人</p>"
153,推广专员,盛世天佑,5-6K,"<p>天津 武清区 保利<em class=""vline""></em>1年以内<em class=""vline""></em>大专</p>","<p>电子商务<em class=""vline""></em>不需要融资<em class=""vline""></em>20-99人</p>"
154,淘宝运营,风荷漫,5-8K,"<p>天津 河东区 中山门<em class=""vline""></em>3-5年<em class=""vline""></em>学历不限</p>","<p>企业服务<em class=""vline""></em>不需要融资<em class=""vline""></em>0-20人</p>"
155,数据库维护,长瑞大通,4-6K,"<p>天津 西青区 张家窝<em class=""vline""></em>经验不限<em class=""vline""></em>本科</p>","<p>原材料及加工/模具<em class=""vline""></em>未融资<em class=""vline""></em>0-20人</p>"
156,后台产品经理,云天翔科技,3-8K,"<p>天津 西青区 华苑<em class=""vline""></em>1-3年<em class=""vline""></em>本科</p>","<p>互联网<em class=""vline""></em>未融资<em class=""vline""></em>0-20人</p>"
157,7-eleven便利店寒假工,7-11便利店,3-4K,"<p>天津 和平区 西康路沿线<em class=""vline""></em>经验不限<em class=""vline""></em>大专</p>","<p>生活服务<em class=""vline""></em>未融资<em class=""vline""></em>100-499人</p>"
158,管理培训生,天津诺亚科技,5-8K,"<p>天津 河西区 挂甲寺<em class=""vline""></em>应届生<em class=""vline""></em>大专</p>","<p>互联网<em class=""vline""></em>天使轮<em class=""vline""></em>100-499人</p>"
159,算法工程师,三立合创,9-14K,"<p>天津  <em class=""vline""></em>经验不限<em class=""vline""></em>本科</p>","<p>计算机软件<em class=""vline""></em>未融资<em class=""vline""></em>20-99人</p>"
160,拼多多运营,康又佳,2-4K,"<p>天津 河东区 常州道<em class=""vline""></em>1年以内<em class=""vline""></em>学历不限</p>","<p>电子商务<em class=""vline""></em>0-20人</p>"
161,711连锁便利店春节店员,7-11便利店,3-5K,"<p>天津 和平区 西康路沿线<em class=""vline""></em>经验不限<em class=""vline""></em>本科</p>","<p>生活服务<em class=""vline""></em>未融资<em class=""vline""></em>100-499人</p>"
162,711便利店寒假工店员,7-11便利店,3-4K,"<p>天津 和平区 西康路沿线<em class=""vline""></em>1年以内<em class=""vline""></em>大专</p>","<p>生活服务<em class=""vline""></em>未融资<em class=""vline""></em>100-499人</p>"
163,市场专员,天津市君羽文化传...,4-6K,"<p>天津 河东区 后广场<em class=""vline""></em>应届生<em class=""vline""></em>大专</p>","<p>培训机构<em class=""vline""></em>未融资<em class=""vline""></em>100-499人</p>"
164,平台运营专员,业之峰装饰,4-8K,"<p>天津 西青区 大寺<em class=""vline""></em>经验不限<em class=""vline""></em>学历不限</p>","<p>装修装饰<em class=""vline""></em>不需要融资<em class=""vline""></em>10000人以上</p>"
165,711便利店春节兼职店员,7-11便利店,3-4K,"<p>天津 和平区 西康路沿线<em class=""vline""></em>经验不限<em class=""vline""></em>大专</p>","<p>生活服务<em class=""vline""></em>未融资<em class=""vline""></em>100-499人</p>"
166,电子商务,学胜教育,4-5K,"<p>天津 南开区 白堤路<em class=""vline""></em>经验不限<em class=""vline""></em>本科</p>","<p>在线教育<em class=""vline""></em>不需要融资<em class=""vline""></em>20-99人</p>"
167,店员/营业员,7-11便利店,3-5K,"<p>天津 和平区 西康路沿线<em class=""vline""></em>1年以内<em class=""vline""></em>本科</p>","<p>生活服务<em class=""vline""></em>未融资<em class=""vline""></em>100-499人</p>"
168,淘宝运营,智象文化传播,3-4K,"<p>天津 河西区 陈塘庄<em class=""vline""></em>经验不限<em class=""vline""></em>学历不限</p>","<p>广告营销<em class=""vline""></em>未融资<em class=""vline""></em>0-20人</p>"
169,财务咨询顾问,博太新景,8-10K,"<p>天津 南开区 芥园道<em class=""vline""></em>1年以内<em class=""vline""></em>本科</p>","<p>在线教育<em class=""vline""></em>未融资<em class=""vline""></em>20-99人</p>"
170,大客户新媒体运营,增鑫科技,3-6K,"<p>天津 南开区 白堤路<em class=""vline""></em>1-3年<em class=""vline""></em>学历不限</p>","<p>移动互联网<em class=""vline""></em>不需要融资<em class=""vline""></em>20-99人</p>"
171,新媒体运营,增鑫科技,5-10K,"<p>天津 南开区 白堤路<em class=""vline""></em>经验不限<em class=""vline""></em>本科</p>","<p>移动互联网<em class=""vline""></em>不需要融资<em class=""vline""></em>20-99人</p>"
172,大客户新媒体运营,增鑫科技,6-10K,"<p>天津 南开区 白堤路<em class=""vline""></em>1-3年<em class=""vline""></em>本科</p>","<p>互联网<em class=""vline""></em>不需要融资<em class=""vline""></em>20-99人</p>"
173,电商运营,德信同创,5-6K,"<p>天津  <em class=""vline""></em>1年以内<em class=""vline""></em>大专</p>","<p>电子商务<em class=""vline""></em>未融资<em class=""vline""></em>0-20人</p>"
174,新媒体运营,韩国苏荷婚纱摄影,4-8K,"<p>天津 和平区 小白楼<em class=""vline""></em>1-3年<em class=""vline""></em>大专</p>","<p>生活服务<em class=""vline""></em>不需要融资<em class=""vline""></em>20-99人</p>"
175,企业咨询顾问,博太新景,8-10K,"<p>天津 南开区 华苑<em class=""vline""></em>3-5年<em class=""vline""></em>本科</p>","<p>在线教育<em class=""vline""></em>未融资<em class=""vline""></em>20-99人</p>"
176,临床工程师,科宁医疗,6-8K,"<p>天津 滨海新区 开发区<em class=""vline""></em>经验不限<em class=""vline""></em>本科</p>","<p>医疗设备/器械<em class=""vline""></em>A轮<em class=""vline""></em>20-99人</p>"
177,百度竞价师,麦浪香,15-30K,"<p>天津 河北区 中山路<em class=""vline""></em>3-5年<em class=""vline""></em>本科</p>","<p>餐饮<em class=""vline""></em>不需要融资<em class=""vline""></em>100-499人</p>"
178,校长,天津乐顿少儿教育,10-12K,"<p>天津 滨海新区 开发区<em class=""vline""></em>1-3年<em class=""vline""></em>大专</p>","<p>学前教育<em class=""vline""></em>不需要融资<em class=""vline""></em>0-20人</p>"
179,新媒体运营,亨顺祥通科技,5-7K,"<p>天津 津南区 双港<em class=""vline""></em>1-3年<em class=""vline""></em>大专</p>","<p>智能硬件<em class=""vline""></em>未融资<em class=""vline""></em>0-20人</p>"
180,运营,鼎涛中天,6-8K,"<p>天津 西青区 侯台<em class=""vline""></em>1-3年<em class=""vline""></em>大专</p>","<p>电子商务<em class=""vline""></em>未融资<em class=""vline""></em>0-20人</p>"
181,客服经理,天津乐达汽车销售...,4-5K,"<p>天津 津南区 葛沽<em class=""vline""></em>1年以内<em class=""vline""></em>本科</p>","<p>汽车生产<em class=""vline""></em>500-999人</p>"
182,外贸专员,天津昌宇橡胶,3-5K,"<p>天津 和平区 鞍山道<em class=""vline""></em>经验不限<em class=""vline""></em>本科</p>","<p>电子商务<em class=""vline""></em>未融资<em class=""vline""></em>0-20人</p>"
183,运营助理/专员,恩典科技,4-6K,"<p>天津 南开区 黄河道<em class=""vline""></em>经验不限<em class=""vline""></em>大专</p>","<p>移动互联网<em class=""vline""></em>未融资<em class=""vline""></em>20-99人</p>"
184,运营助理专员,恩典科技,4-6K,"<p>天津 南开区 黄河道<em class=""vline""></em>经验不限<em class=""vline""></em>学历不限</p>","<p>移动互联网<em class=""vline""></em>未融资<em class=""vline""></em>20-99人</p>"
185,运营主管,天津艾威克,3-6K,"<p>天津 西青区 张家窝<em class=""vline""></em>经验不限<em class=""vline""></em>大专</p>","<p>仪器仪表/工业自动化<em class=""vline""></em>不需要融资<em class=""vline""></em>0-20人</p>"
186,淘宝店长,佳美美家,5-10K,"<p>天津 河西区 梅江<em class=""vline""></em>1年以内<em class=""vline""></em>本科</p>","<p>工程施工<em class=""vline""></em>不需要融资<em class=""vline""></em>20-99人</p>"
187,客服,企通网聚(天津),5-6K,"<p>天津 南开区 海光寺<em class=""vline""></em>1年以内<em class=""vline""></em>本科</p>","<p>移动互联网<em class=""vline""></em>不需要融资<em class=""vline""></em>20-99人</p>"
188,淘宝运营助理,恩典科技,4-8K,"<p>天津 南开区 黄河道<em class=""vline""></em>经验不限<em class=""vline""></em>学历不限</p>","<p>移动互联网<em class=""vline""></em>未融资<em class=""vline""></em>20-99人</p>"
189,实习生,惠丰电子,2-3K,"<p>天津 西青区 张家窝<em class=""vline""></em>经验不限<em class=""vline""></em>大专</p>","<p>电子商务<em class=""vline""></em>未融资<em class=""vline""></em>20-99人</p>"
190,会计,中健国康,4-7K,"<p>天津  <em class=""vline""></em>5-10年<em class=""vline""></em>本科</p>","<p>医疗健康<em class=""vline""></em>未融资<em class=""vline""></em>100-499人</p>"
191,运营推广,鸿业腾飞,5-6K,"<p>天津 滨海新区 海滨<em class=""vline""></em>1-3年<em class=""vline""></em>本科</p>","<p>4S店/后市场<em class=""vline""></em>不需要融资<em class=""vline""></em>20-99人</p>"
192,线上运营,二十度餐饮,4-6K,"<p>天津 津南区 双港<em class=""vline""></em>1-3年<em class=""vline""></em>大专</p>","<p>其他行业<em class=""vline""></em>未融资<em class=""vline""></em>20-99人</p>"
193,运维工程师招聘,信和博天,3-4K,"<p>天津 东丽区 华明<em class=""vline""></em>1-3年<em class=""vline""></em>大专</p>","<p>计算机服务<em class=""vline""></em>20-99人</p>"
194,商户运营,美团点评,7-12K,"<p>天津 河西区 大营门<em class=""vline""></em>1-3年<em class=""vline""></em>大专</p>","<p>O2O<em class=""vline""></em>已上市<em class=""vline""></em>10000人以上</p>"
195,UI交互设计师,上海中诺因私,10-11K,"<p>天津 河西区 佟楼<em class=""vline""></em>1-3年<em class=""vline""></em>本科</p>","<p>其他服务业<em class=""vline""></em>未融资<em class=""vline""></em>0-20人</p>"
196,企业和伙人,东方鼎鸿国际智能化,10-20K,"<p>天津 南开区 白堤路<em class=""vline""></em>3-5年<em class=""vline""></em>本科</p>","<p>通信/网络设备<em class=""vline""></em>天使轮<em class=""vline""></em>0-20人</p>"
197,市场调研分析,MalltoWin,3-4K,"<p>天津 和平区 滨江道<em class=""vline""></em>1年以内<em class=""vline""></em>本科</p>","<p>媒体<em class=""vline""></em>未融资<em class=""vline""></em>0-20人</p>"
198,市场研究专员,MalltoWin,4-5K,"<p>天津 和平区 滨江道<em class=""vline""></em>1年以内<em class=""vline""></em>本科</p>","<p>媒体<em class=""vline""></em>未融资<em class=""vline""></em>0-20人</p>"
199,产品运营,时代记忆,10-15K,"<p>天津 津南区 葛沽<em class=""vline""></em>5-10年<em class=""vline""></em>本科</p>","<p>电子商务<em class=""vline""></em>不需要融资<em class=""vline""></em>20-99人</p>"
200,产品运营,时代记忆,10-15K,"<p>天津 津南区 葛沽<em class=""vline""></em>3-5年<em class=""vline""></em>本科</p>","<p>电子商务<em class=""vline""></em>不需要融资<em class=""vline""></em>20-99人</p>"
201,天猫运营店长,银河龙诚,5-10K,"<p>天津 南开区 白堤路<em class=""vline""></em>1-3年<em class=""vline""></em>大专</p>","<p>电子商务<em class=""vline""></em>未融资<em class=""vline""></em>20-99人</p>"
202,天猫淘宝运营,银河龙诚,5-10K,"<p>天津 南开区 白堤路<em class=""vline""></em>1-3年<em class=""vline""></em>大专</p>","<p>电子商务<em class=""vline""></em>未融资<em class=""vline""></em>20-99人</p>"
203,网络运营专员,功夫少年,3-4K,"<p>天津 西青区 侯台<em class=""vline""></em>经验不限<em class=""vline""></em>学历不限</p>","<p>培训机构<em class=""vline""></em>未融资<em class=""vline""></em>0-20人</p>"
204,账务员,精美特,3-4K,"<p>天津 东丽区 军粮城<em class=""vline""></em>1-3年<em class=""vline""></em>大专</p>","<p>汽车零部件<em class=""vline""></em>未融资<em class=""vline""></em>500-999人</p>"
205,新媒体运营专员,可居食品,4-6K,"<p>天津 红桥区 丁字沽<em class=""vline""></em>1-3年<em class=""vline""></em>本科</p>","<p>生活服务<em class=""vline""></em>未融资<em class=""vline""></em>20-99人</p>"
206,运维开发工程师,神州优车集团,15-30K,"<p>天津  <em class=""vline""></em>3-5年<em class=""vline""></em>本科</p>","<p>生活服务<em class=""vline""></em>已上市<em class=""vline""></em>10000人以上</p>"
207,互联网运营,天津中企汇聚集团,3-5K,"<p>天津 和平区 小白楼<em class=""vline""></em>1年以内<em class=""vline""></em>大专</p>","<p>广告/公关/会展<em class=""vline""></em>未融资<em class=""vline""></em>20-99人</p>"
208,百度推广顾问,企商汇创,5-6K,"<p>天津 南开区 海光寺<em class=""vline""></em>1年以内<em class=""vline""></em>本科</p>","<p>移动互联网<em class=""vline""></em>不需要融资<em class=""vline""></em>500-999人</p>"
209,数据运营经理,唯品会,8-9K,"<p>天津 武清区 崔黄口<em class=""vline""></em>3-5年<em class=""vline""></em>本科</p>","<p>物流/仓储<em class=""vline""></em>不需要融资<em class=""vline""></em>10000人以上</p>"
210,网络推广,爱乐堂文化艺术传播,3-6K,"<p>天津 和平区 滨江道<em class=""vline""></em>1-3年<em class=""vline""></em>本科</p>","<p>培训机构<em class=""vline""></em>0-20人</p>"
211,淘宝运营助理,反转逻辑,2-7K,"<p>天津 东丽区 新立<em class=""vline""></em>1年以内<em class=""vline""></em>大专</p>","<p>电子商务<em class=""vline""></em>不需要融资<em class=""vline""></em>0-20人</p>"
212,实施工程师,万有启力,5-6K,"<p>天津  <em class=""vline""></em>经验不限<em class=""vline""></em>学历不限</p>","<p>互联网<em class=""vline""></em>0-20人</p>"
213,货品主管,迈乐潮,3-5K,"<p>天津 河东区 向阳楼<em class=""vline""></em>3-5年<em class=""vline""></em>本科</p>","<p>其他行业<em class=""vline""></em>未融资<em class=""vline""></em>100-499人</p>"
214,微信运营,数字未来,10-20K,"<p>天津  <em class=""vline""></em>1年以内<em class=""vline""></em>大专</p>","<p>移动互联网<em class=""vline""></em>天使轮<em class=""vline""></em>0-20人</p>"
215,策略运营,天津英哲科技有限公司,3-6K,"<p>天津 西青区 侯台<em class=""vline""></em>1-3年<em class=""vline""></em>本科</p>","<p>其他行业<em class=""vline""></em>未融资<em class=""vline""></em>20-99人</p>"
216,活动策划,鼎鲜餐饮管理,7-8K,"<p>天津 南开区 鼓楼<em class=""vline""></em>1年以内<em class=""vline""></em>本科</p>","<p>生活服务<em class=""vline""></em>不需要融资<em class=""vline""></em>100-499人</p>"
217,网络推广,巴黎婚纱,4-7K,"<p>天津 河北区 火车站<em class=""vline""></em>1-3年<em class=""vline""></em>本科</p>","<p>生活服务<em class=""vline""></em>未融资<em class=""vline""></em>100-499人</p>"
218,数据挖掘,中国联通,10-15K,"<p>天津 南开区 鼓楼<em class=""vline""></em>3-5年<em class=""vline""></em>本科</p>","<p>移动互联网<em class=""vline""></em>已上市<em class=""vline""></em>10000人以上</p>"
219,亚马逊运营,自贸通外贸服务,4-6K,"<p>天津 和平区 五大道<em class=""vline""></em>经验不限<em class=""vline""></em>学历不限</p>","<p>电子商务<em class=""vline""></em>不需要融资<em class=""vline""></em>20-99人</p>"
220,eBay运营,自贸通外贸服务,3-8K,"<p>天津 和平区 五大道<em class=""vline""></em>1年以内<em class=""vline""></em>本科</p>","<p>电子商务<em class=""vline""></em>不需要融资<em class=""vline""></em>20-99人</p>"
221,营销顾问实习,优文教育信息咨询,3-4K,"<p>天津 河西区 大营门<em class=""vline""></em>应届生<em class=""vline""></em>学历不限</p>","<p>在线教育<em class=""vline""></em>未融资<em class=""vline""></em>20-99人</p>"
222,数据运营,中国联通,12-15K,"<p>天津 南开区 鼓楼<em class=""vline""></em>1年以内<em class=""vline""></em>本科</p>","<p>移动互联网<em class=""vline""></em>已上市<em class=""vline""></em>10000人以上</p>"
223,APP推广,滴滴集运,8-9K,"<p>天津 滨海新区 海滨<em class=""vline""></em>1-3年<em class=""vline""></em>本科</p>","<p>交通/运输<em class=""vline""></em>已上市<em class=""vline""></em>100-499人</p>"
224,Java高级开发工程师,锐捷网络,10-15K,"<p>天津 南开区 白堤路<em class=""vline""></em>3-5年<em class=""vline""></em>本科</p>","<p>通信/网络设备<em class=""vline""></em>未融资<em class=""vline""></em>1000-9999人</p>"
225,运营助理/专员,八度电子商务,2-4K,"<p>天津 红桥区 西沽<em class=""vline""></em>1-3年<em class=""vline""></em>本科</p>","<p>电子商务<em class=""vline""></em>不需要融资<em class=""vline""></em>20-99人</p>"
226,市场运行,津师教育,5-8K,"<p>天津 北辰区 小淀<em class=""vline""></em>1年以内<em class=""vline""></em>本科</p>","<p>培训机构<em class=""vline""></em>0-20人</p>"
227,淘宝天猫京东运营,八度电子商务,3-6K,"<p>天津 红桥区 西沽<em class=""vline""></em>1-3年<em class=""vline""></em>学历不限</p>","<p>电子商务<em class=""vline""></em>不需要融资<em class=""vline""></em>20-99人</p>"
228,运营助理/专员,橙色时代科技,3-5K,"<p>天津 津南区 咸水沽<em class=""vline""></em>1年以内<em class=""vline""></em>大专</p>","<p>移动互联网<em class=""vline""></em>不需要融资<em class=""vline""></em>0-20人</p>"
229,网络推广,微公装,7-12K,"<p>天津 河西区 尖山<em class=""vline""></em>1年以内<em class=""vline""></em>本科</p>","<p>互联网<em class=""vline""></em>未融资<em class=""vline""></em>0-20人</p>"
230,电商运营,恒煜达,3-8K,"<p>天津  <em class=""vline""></em>1年以内<em class=""vline""></em>本科</p>","<p>电子商务<em class=""vline""></em>0-20人</p>"
231,数据运营,恒威先创科技,4-8K,"<p>天津  <em class=""vline""></em>1-3年<em class=""vline""></em>本科</p>","<p>移动互联网<em class=""vline""></em>天使轮<em class=""vline""></em>20-99人</p>"
232,网络推广,娇点,4-5K,"<p>天津 南开区 体育中心<em class=""vline""></em>1-3年<em class=""vline""></em>大专</p>","<p>电子商务<em class=""vline""></em>未融资<em class=""vline""></em>0-20人</p>"
233,综合运营,艾博雅,3-8K,"<p>天津  <em class=""vline""></em>经验不限<em class=""vline""></em>学历不限</p>","<p>电子商务<em class=""vline""></em>天使轮<em class=""vline""></em>20-99人</p>"
234,淘宝运营,炳辰翰,5-10K,"<p>天津 滨海新区 工农村<em class=""vline""></em>1-3年<em class=""vline""></em>大专</p>","<p>电子商务<em class=""vline""></em>不需要融资<em class=""vline""></em>0-20人</p>"
235,电商运营,韵熏堂,3-6K,"<p>天津 西青区 张家窝<em class=""vline""></em>3-5年<em class=""vline""></em>本科</p>","<p>工艺品/收藏品<em class=""vline""></em>0-20人</p>"
236,活动运营,天津品众品牌运营中心,6-10K,"<p>天津  <em class=""vline""></em>1-3年<em class=""vline""></em>学历不限</p>","<p>医疗健康<em class=""vline""></em>B轮<em class=""vline""></em>100-499人</p>"
237,内容审核,钱包生活,4-6K,"<p>天津 滨海新区 解放路<em class=""vline""></em>1-3年<em class=""vline""></em>大专</p>","<p>移动互联网<em class=""vline""></em>B轮<em class=""vline""></em>1000-9999人</p>"
238,产品专员,鸿宝电气,3-5K,"<p>天津 南开区 黄河道<em class=""vline""></em>1年以内<em class=""vline""></em>大专</p>","<p>仪器仪表/工业自动化<em class=""vline""></em>未融资<em class=""vline""></em>20-99人</p>"
239,网站运营,馨艺声,3-6K,"<p>天津 河东区 大直沽<em class=""vline""></em>1-3年<em class=""vline""></em>大专</p>","<p>培训机构<em class=""vline""></em>B轮<em class=""vline""></em>100-499人</p>"
240,市场策划助理,瀚之森文化传播,5-10K,"<p>天津 河北区 火车站<em class=""vline""></em>经验不限<em class=""vline""></em>学历不限</p>","<p>电子商务<em class=""vline""></em>未融资<em class=""vline""></em>0-20人</p>"
241,网络推广,拓威尔假发,5-6K,"<p>天津 河东区 太阳城<em class=""vline""></em>1-3年<em class=""vline""></em>大专</p>","<p>贸易/进出口<em class=""vline""></em>未融资<em class=""vline""></em>0-20人</p>"
242,实习生,河狸家,2-3K,"<p>天津 和平区 鞍山道<em class=""vline""></em>1年以内<em class=""vline""></em>本科</p>","<p>O2O<em class=""vline""></em>D轮及以上<em class=""vline""></em>500-999人</p>"
243,哈啰出行单车运维人员,哈啰出行,4-5K,"<p>天津 南开区 王顶堤<em class=""vline""></em>经验不限<em class=""vline""></em>学历不限</p>","<p>互联网<em class=""vline""></em>D轮及以上<em class=""vline""></em>1000-9999人</p>"
244,客户主任 / AE,天津青田广告有限...,3-6K,"<p>天津 河西区 友谊路<em class=""vline""></em>经验不限<em class=""vline""></em>学历不限</p>","<p>广告/公关/会展<em class=""vline""></em>0-20人</p>"
245,高考志愿填报,学邦教育,8-9K,"<p>天津 南开区 海光寺<em class=""vline""></em>1年以内<em class=""vline""></em>大专</p>","<p>在线教育<em class=""vline""></em>未融资<em class=""vline""></em>20-99人</p>"
246,市场主管,润承教育,6-8K,"<p>天津 河东区 后广场<em class=""vline""></em>1年以内<em class=""vline""></em>本科</p>","<p>培训机构<em class=""vline""></em>20-99人</p>"
247,外贸专员,拓威尔假发,4-5K,"<p>天津 河东区 太阳城<em class=""vline""></em>1-3年<em class=""vline""></em>大专</p>","<p>贸易/进出口<em class=""vline""></em>未融资<em class=""vline""></em>0-20人</p>"
248,产品运营,哈啰出行,5-8K,"<p>天津 和平区 小白楼<em class=""vline""></em>经验不限<em class=""vline""></em>大专</p>","<p>互联网<em class=""vline""></em>D轮及以上<em class=""vline""></em>1000-9999人</p>"
249,店面接待，电话营销,天津万铸地产,4-5K,"<p>天津 滨海新区 杭州道<em class=""vline""></em>经验不限<em class=""vline""></em>高中</p>","<p>地产经纪/中介<em class=""vline""></em>未融资<em class=""vline""></em>20-99人</p>"
250,商家运营,美团新零售业务部,7-10K,"<p>天津 河东区 后广场<em class=""vline""></em>1年以内<em class=""vline""></em>大专</p>","<p>O2O<em class=""vline""></em>已上市<em class=""vline""></em>10000人以上</p>"
251,运营助理/专员,新成悦来,5-8K,"<p>天津 红桥区 邵公庄<em class=""vline""></em>经验不限<em class=""vline""></em>学历不限</p>","<p>医疗健康<em class=""vline""></em>不需要融资<em class=""vline""></em>20-99人</p>"
252,中央集成暖通工程师,苏宁电器,7-10K,"<p>天津 和平区 鞍山道<em class=""vline""></em>1-3年<em class=""vline""></em>大专</p>","<p>生活服务<em class=""vline""></em>天使轮<em class=""vline""></em>1000-9999人</p>"
253,数据运营,唯品会,6-7K,"<p>天津 武清区 崔黄口<em class=""vline""></em>3-5年<em class=""vline""></em>大专</p>","<p>物流/仓储<em class=""vline""></em>不需要融资<em class=""vline""></em>10000人以上</p>"
254,活动策划专员,银博,4-5K,"<p>天津 河北区 宜兴埠<em class=""vline""></em>1-3年<em class=""vline""></em>本科</p>","<p>媒体<em class=""vline""></em>0-20人</p>"
255,运营专员,银博,3-4K,"<p>天津 河北区 宜兴埠<em class=""vline""></em>1-3年<em class=""vline""></em>大专</p>","<p>媒体<em class=""vline""></em>0-20人</p>"
256,网络推广,3XAD,4-8K,"<p>天津 南开区 白堤路<em class=""vline""></em>经验不限<em class=""vline""></em>大专</p>","<p>广告营销<em class=""vline""></em>未融资<em class=""vline""></em>20-99人</p>"
257,用户运营,德弈斋,3-5K,"<p>天津 红桥区 大胡同<em class=""vline""></em>经验不限<em class=""vline""></em>大专</p>","<p>移动互联网<em class=""vline""></em>未融资<em class=""vline""></em>20-99人</p>"
258,运营助理/专员,存雨科技,2-3K,"<p>天津  <em class=""vline""></em>应届生<em class=""vline""></em>本科</p>","<p>移动互联网<em class=""vline""></em>未融资<em class=""vline""></em>20-99人</p>"
259,品类主管,孩子王,4-6K,"<p>天津 滨海新区 大港<em class=""vline""></em>1年以内<em class=""vline""></em>大专</p>","<p>生活服务<em class=""vline""></em>C轮<em class=""vline""></em>10000人以上</p>"
260,网络推广,中企云服网络科技,6-10K,"<p>天津 南开区 鼓楼<em class=""vline""></em>1-3年<em class=""vline""></em>本科</p>","<p>移动互联网<em class=""vline""></em>未融资<em class=""vline""></em>20-99人</p>"
261,人力资源主管,闽福隆贸易,6-7K,"<p>天津 西青区 李七庄<em class=""vline""></em>1年以内<em class=""vline""></em>本科</p>","<p>服装/纺织/皮革<em class=""vline""></em>未融资<em class=""vline""></em>100-499人</p>"
262,会计,闽福隆贸易,4-5K,"<p>天津 西青区 李七庄<em class=""vline""></em>1年以内<em class=""vline""></em>本科</p>","<p>服装/纺织/皮革<em class=""vline""></em>未融资<em class=""vline""></em>100-499人</p>"
263,导购,闽福隆贸易,5-6K,"<p>天津 西青区 李七庄<em class=""vline""></em>1-3年<em class=""vline""></em>学历不限</p>","<p>服装/纺织/皮革<em class=""vline""></em>未融资<em class=""vline""></em>100-499人</p>"
264,运营助理/专员,望圆,4-8K,"<p>天津 东丽区 军粮城<em class=""vline""></em>经验不限<em class=""vline""></em>本科</p>","<p>智能硬件<em class=""vline""></em>未融资<em class=""vline""></em>20-99人</p>"
265,网络推广,飘香永嘉乐,5-10K,"<p>天津  <em class=""vline""></em>1年以内<em class=""vline""></em>大专</p>","<p>餐饮<em class=""vline""></em>20-99人</p>"
266,SEO优化师,艺匠,4-6K,"<p>天津 河西区 下瓦房<em class=""vline""></em>1-3年<em class=""vline""></em>大专</p>","<p>互联网<em class=""vline""></em>未融资<em class=""vline""></em>20-99人</p>"
267,电商运营,天津永庆达,3-6K,"<p>天津  <em class=""vline""></em>3-5年<em class=""vline""></em>大专</p>","<p>互联网<em class=""vline""></em>0-20人</p>"
268,电商运营,天地惠,4-6K,"<p>天津 滨海新区 北塘街<em class=""vline""></em>3-5年<em class=""vline""></em>本科</p>","<p>移动互联网<em class=""vline""></em>天使轮<em class=""vline""></em>20-99人</p>"
269,网络推广,北京韶能,5-10K,"<p>天津 津南区 双港<em class=""vline""></em>3-5年<em class=""vline""></em>本科</p>","<p>生活服务<em class=""vline""></em>已上市<em class=""vline""></em>100-499人</p>"
270,招商运营,墨轩文具商店,4-8K,"<p>天津 南开区 南开公园<em class=""vline""></em>经验不限<em class=""vline""></em>大专</p>","<p>生活服务<em class=""vline""></em>100-499人</p>"
271,直通车推广主管,纽莱克,5-10K,"<p>天津 河西区 体院北<em class=""vline""></em>3-5年<em class=""vline""></em>本科</p>","<p>电子商务<em class=""vline""></em>0-20人</p>"
272,网络推广,春露科技,3-6K,"<p>天津 和平区 南市<em class=""vline""></em>1年以内<em class=""vline""></em>大专</p>","<p>互联网<em class=""vline""></em>未融资<em class=""vline""></em>0-20人</p>"
273,SEM,天津市亚豪博业,6-8K,"<p>天津 南开区 王顶堤<em class=""vline""></em>3-5年<em class=""vline""></em>大专</p>","<p>在线教育<em class=""vline""></em>不需要融资<em class=""vline""></em>20-99人</p>"
274,文员,辉煌联合（天津）...,2-4K,"<p>天津 武清区 崔黄口<em class=""vline""></em>1-3年<em class=""vline""></em>大专</p>","<p>食品/饮料/烟酒<em class=""vline""></em>100-499人</p>"
275,店铺经营顾问,恒森健园生物科技,7-8K,"<p>天津 河东区 后广场<em class=""vline""></em>应届生<em class=""vline""></em>高中</p>","<p>医疗健康<em class=""vline""></em>不需要融资<em class=""vline""></em>100-499人</p>"
276,电商运营,大林新材料,6-7K,"<p>天津 滨海新区 北塘街<em class=""vline""></em>3-5年<em class=""vline""></em>本科</p>","<p>汽车生产<em class=""vline""></em>A轮<em class=""vline""></em>100-499人</p>"
277,电商运营,纽莱克,10-15K,"<p>天津 河西区 体院北<em class=""vline""></em>1年以内<em class=""vline""></em>本科</p>","<p>电子商务<em class=""vline""></em>0-20人</p>"
278,品类运营,贝贝迪电子游乐园,3-4K,"<p>天津 河北区 民权门<em class=""vline""></em>1年以内<em class=""vline""></em>中专/中技</p>","<p>音乐/视频/阅读<em class=""vline""></em>未融资<em class=""vline""></em>20-99人</p>"
279,商品部经理,杉杉女装,6-12K,"<p>天津 南开区 嘉陵道街<em class=""vline""></em>经验不限<em class=""vline""></em>大专</p>","<p>服装/纺织/皮革<em class=""vline""></em>未融资<em class=""vline""></em>100-499人</p>"
280,产品运营,裕康达泰,5-6K,"<p>天津 西青区 中北<em class=""vline""></em>1年以内<em class=""vline""></em>大专</p>","<p>批发/零售<em class=""vline""></em>0-20人</p>"
281,财务总监,富瑞隆金属,5-7K,"<p>天津 西青区 侯台<em class=""vline""></em>5-10年<em class=""vline""></em>本科</p>","<p>贸易/进出口<em class=""vline""></em>20-99人</p>"
282,SEM,天津欧菲整形,4-8K,"<p>天津 南开区 六里台<em class=""vline""></em>1年以内<em class=""vline""></em>学历不限</p>","<p>医疗健康<em class=""vline""></em>不需要融资<em class=""vline""></em>100-499人</p>"
283,电商运营,天津钒钧科技,5-10K,"<p>天津 东丽区 张贵庄<em class=""vline""></em>1-3年<em class=""vline""></em>大专</p>","<p>智能硬件<em class=""vline""></em>0-20人</p>"
284,贸易文员/助理,天津兆恒,3-4K,"<p>天津 东丽区 新立<em class=""vline""></em>经验不限<em class=""vline""></em>大专</p>","<p>贸易/进出口<em class=""vline""></em>未融资<em class=""vline""></em>0-20人</p>"
285,商家运营,新艺爱车（天津）...,2-4K,"<p>天津 南开区 白堤路<em class=""vline""></em>经验不限<em class=""vline""></em>学历不限</p>","<p>4S店/后市场<em class=""vline""></em>20-99人</p>"
286,电商运营,天津惠众,5-8K,"<p>天津 南开区 白堤路<em class=""vline""></em>1年以内<em class=""vline""></em>本科</p>","<p>贸易/进出口<em class=""vline""></em>20-99人</p>"
287,数据运营,联通视频,5-10K,"<p>天津 南开区 鼓楼<em class=""vline""></em>1-3年<em class=""vline""></em>本科</p>","<p>音乐/视频/阅读<em class=""vline""></em>未融资<em class=""vline""></em>100-499人</p>"
288,媒介专员,莲花一生,8-16K,"<p>天津 南开区 南开大学<em class=""vline""></em>经验不限<em class=""vline""></em>大专</p>","<p>医疗健康<em class=""vline""></em>不需要融资<em class=""vline""></em>20-99人</p>"
289,活动执行,民信金服,4-5K,"<p>天津 河西区 尖山<em class=""vline""></em>经验不限<em class=""vline""></em>大专</p>","<p>互联网金融<em class=""vline""></em>C轮<em class=""vline""></em>1000-9999人</p>"
290,运营助理/专员,优实公司,3-4K,"<p>天津 西青区 中北<em class=""vline""></em>1年以内<em class=""vline""></em>大专</p>","<p>食品/饮料/烟酒<em class=""vline""></em>0-20人</p>"
291,运营助理/文员,智拓房地产,2-4K,"<p>天津 红桥区 芥园道<em class=""vline""></em>1年以内<em class=""vline""></em>本科</p>","<p>工程施工<em class=""vline""></em>未融资<em class=""vline""></em>20-99人</p>"
292,产品运营,玉罗兰,2-4K,"<p>天津 东丽区 华明<em class=""vline""></em>经验不限<em class=""vline""></em>学历不限</p>","<p>贸易/进出口<em class=""vline""></em>未融资<em class=""vline""></em>0-20人</p>"
293,产品专员,兴邦天和广告,3-4K,"<p>天津 河东区 上杭路<em class=""vline""></em>应届生<em class=""vline""></em>本科</p>","<p>广告营销<em class=""vline""></em>天使轮<em class=""vline""></em>0-20人</p>"
294,电商运营助理,天津市吉好通讯,3-4K,"<p>天津 河西区 尖山<em class=""vline""></em>经验不限<em class=""vline""></em>学历不限</p>","<p>通信/网络设备<em class=""vline""></em>20-99人</p>"
295,企业管理咨询,津户网,10-11K,"<p>天津 西青区 侯台<em class=""vline""></em>1年以内<em class=""vline""></em>本科</p>","<p>企业服务<em class=""vline""></em>未融资<em class=""vline""></em>0-20人</p>"
296,咨询项目管理,烜福工程招标,4-8K,"<p>天津 北辰区 北仓<em class=""vline""></em>1年以内<em class=""vline""></em>大专</p>","<p>其他专业服务<em class=""vline""></em>100-499人</p>"
297,教研员,荣程,6-10K,"<p>天津 津南区 小站<em class=""vline""></em>1-3年<em class=""vline""></em>硕士</p>","<p>在线教育<em class=""vline""></em>20-99人</p>"
