,岗位名称,公司名称,薪资,岗位信息,公司信息
0,数据分析,德伦口腔,9-14K,"<p>广州 越秀区 东风<em class=""vline""></em>5-10年<em class=""vline""></em>本科</p>","<p>医疗健康<em class=""vline""></em>A轮<em class=""vline""></em>500-999人</p>"
1,数据分析专员,钱大妈农产品有限公司,8-9K,"<p>广州 白云区 石井<em class=""vline""></em>1-3年<em class=""vline""></em>本科</p>","<p>物流/仓储<em class=""vline""></em>C轮<em class=""vline""></em>1000-9999人</p>"
2,数据分析,丝域,10-20K,"<p>广州 天河区 珠江新城<em class=""vline""></em>1-3年<em class=""vline""></em>本科</p>","<p>生活服务<em class=""vline""></em>未融资<em class=""vline""></em>1000-9999人</p>"
3,数据分析,网易游戏,12-24K,"<p>广州 天河区 棠下<em class=""vline""></em>经验不限<em class=""vline""></em>本科</p>","<p>游戏<em class=""vline""></em>已上市<em class=""vline""></em>10000人以上</p>"
4,数据分析师,浪潮集团,7-10K,"<p>广州 天河区 珠江新城<em class=""vline""></em>1-3年<em class=""vline""></em>大专</p>","<p>计算机软件<em class=""vline""></em>已上市<em class=""vline""></em>10000人以上</p>"
5,数据分析师（音乐）,酷狗音乐,12-24K·16薪,"<p>广州  <em class=""vline""></em>经验不限<em class=""vline""></em>本科</p>","<p>互联网<em class=""vline""></em>已上市<em class=""vline""></em>1000-9999人</p>"
6,数据分析师,网易游戏,12-24K,"<p>广州 天河区 天河公园<em class=""vline""></em>1-3年<em class=""vline""></em>本科</p>","<p>游戏<em class=""vline""></em>已上市<em class=""vline""></em>10000人以上</p>"
7,数据分析师,昌正实业,7-10K,"<p>广州 白云区 白云大道<em class=""vline""></em>1-3年<em class=""vline""></em>大专</p>","<p>电子商务<em class=""vline""></em>未融资<em class=""vline""></em>500-999人</p>"
8,数据分析,康朝药业(总部),7-12K,"<p>广州 天河区 石牌<em class=""vline""></em>1-3年<em class=""vline""></em>大专</p>","<p>医疗健康<em class=""vline""></em>不需要融资<em class=""vline""></em>1000-9999人</p>"
9,数据分析,骆驼服饰,5-7K,"<p>广州 白云区 同德<em class=""vline""></em>经验不限<em class=""vline""></em>大专</p>","<p>移动互联网<em class=""vline""></em>不需要融资<em class=""vline""></em>1000-9999人</p>"
10,数据分析,百博,3-4K,"<p>广州 天河区 五山<em class=""vline""></em>经验不限<em class=""vline""></em>大专</p>","<p>其他行业<em class=""vline""></em>不需要融资<em class=""vline""></em>20-99人</p>"
11,数据分析师,三福百货,12-13K·13薪,"<p>广州 白云区 同德<em class=""vline""></em>1-3年<em class=""vline""></em>本科</p>","<p>贸易/进出口<em class=""vline""></em>不需要融资<em class=""vline""></em>10000人以上</p>"
12,数据分析,广州神灯,6-12K,"<p>广州 天河区 天河北<em class=""vline""></em>1-3年<em class=""vline""></em>大专</p>","<p>互联网<em class=""vline""></em>未融资<em class=""vline""></em>20-99人</p>"
13,数据分析主管,快尚时装,9-13K,"<p>广州 白云区 机场路<em class=""vline""></em>3-5年<em class=""vline""></em>学历不限</p>","<p>其他行业<em class=""vline""></em>不需要融资<em class=""vline""></em>1000-9999人</p>"
14,数据分析师,一智通供应链,6-10K,"<p>广州 天河区 兴华<em class=""vline""></em>1-3年<em class=""vline""></em>本科</p>","<p>移动互联网<em class=""vline""></em>B轮<em class=""vline""></em>500-999人</p>"
15,数据分析专员,健客,10-15K·13薪,"<p>广州 黄埔区 科学城<em class=""vline""></em>5-10年<em class=""vline""></em>本科</p>","<p>医疗健康<em class=""vline""></em>B轮<em class=""vline""></em>1000-9999人</p>"
16,高级数据分析师,酷狗音乐,20-30K·16薪,"<p>广州 天河区 棠下<em class=""vline""></em>3-5年<em class=""vline""></em>本科</p>","<p>互联网<em class=""vline""></em>已上市<em class=""vline""></em>1000-9999人</p>"
17,数据分析师,广州铭创餐饮,4-6K,"<p>广州 白云区 嘉禾<em class=""vline""></em>1-3年<em class=""vline""></em>学历不限</p>","<p>餐饮<em class=""vline""></em>未融资<em class=""vline""></em>100-499人</p>"
18,数据分析师,蜗蜗化妆品,5-10K,"<p>广州 白云区 新市<em class=""vline""></em>1-3年<em class=""vline""></em>学历不限</p>","<p>电子商务<em class=""vline""></em>天使轮<em class=""vline""></em>500-999人</p>"
19,数据分析师,名创优品,6-9K,"<p>广州 荔湾区 西关<em class=""vline""></em>1-3年<em class=""vline""></em>本科</p>","<p>其他行业<em class=""vline""></em>不需要融资<em class=""vline""></em>10000人以上</p>"
20,数据分析师,广州NǑME,15-30K,"<p>广州 海珠区 江南大道<em class=""vline""></em>3-5年<em class=""vline""></em>本科</p>","<p>生活服务<em class=""vline""></em>1000-9999人</p>"
21,数据分析主管,巴图鲁,16-23K,"<p>广州 海珠区 南洲<em class=""vline""></em>5-10年<em class=""vline""></em>本科</p>","<p>移动互联网<em class=""vline""></em>C轮<em class=""vline""></em>500-999人</p>"
22,中高级数据分析师,巴图鲁,14-20K·13薪,"<p>广州 海珠区 南洲<em class=""vline""></em>3-5年<em class=""vline""></em>本科</p>","<p>移动互联网<em class=""vline""></em>C轮<em class=""vline""></em>500-999人</p>"
23,数据分析,益玩游戏,8-12K,"<p>广州 天河区 员村<em class=""vline""></em>1-3年<em class=""vline""></em>大专</p>","<p>游戏<em class=""vline""></em>B轮<em class=""vline""></em>100-499人</p>"
24,数据分析师,Cyberway,6-11K,"<p>广州 黄埔区 科学城<em class=""vline""></em>1-3年<em class=""vline""></em>本科</p>","<p>计算机软件<em class=""vline""></em>不需要融资<em class=""vline""></em>100-499人</p>"
25,数据分析专员,顺心捷达,5-8K,"<p>广州 白云区 太和<em class=""vline""></em>1-3年<em class=""vline""></em>本科</p>","<p>交通/运输<em class=""vline""></em>未融资<em class=""vline""></em>1000-9999人</p>"
26,数据分析,知一数据,7-10K,"<p>广州 天河区 岑村<em class=""vline""></em>1-3年<em class=""vline""></em>大专</p>","<p>数据服务<em class=""vline""></em>不需要融资<em class=""vline""></em>20-99人</p>"
27,数据分析,麦嗨信息科技,6-10K,"<p>广州 白云区 广园路<em class=""vline""></em>经验不限<em class=""vline""></em>学历不限</p>","<p>电子商务<em class=""vline""></em>500-999人</p>"
28,配货数据分析元,广州绿翠公司,4-6K,"<p>广州 番禺区 市桥<em class=""vline""></em>1-3年<em class=""vline""></em>高中</p>","<p>珠宝/首饰<em class=""vline""></em>1000-9999人</p>"
29,数据分析师,广州茉莉传媒科技...,8-13K,"<p>广州 越秀区 北京路<em class=""vline""></em>1-3年<em class=""vline""></em>本科</p>","<p>广告/公关/会展<em class=""vline""></em>不需要融资<em class=""vline""></em>100-499人</p>"
30,数据分析师,恒企教育,7-10K,"<p>广州 白云区 永平<em class=""vline""></em>1-3年<em class=""vline""></em>本科</p>","<p>在线教育<em class=""vline""></em>已上市<em class=""vline""></em>1000-9999人</p>"
31,数据分析师,酷狗音乐,13-25K·16薪,"<p>广州  <em class=""vline""></em>3-5年<em class=""vline""></em>本科</p>","<p>互联网<em class=""vline""></em>已上市<em class=""vline""></em>1000-9999人</p>"
32,数据分析师,盛盈达电子科技,8-16K,"<p>广州 番禺区 市桥<em class=""vline""></em>1-3年<em class=""vline""></em>大专</p>","<p>电子商务<em class=""vline""></em>未融资<em class=""vline""></em>20-99人</p>"
33,初级数据分析师,佩升前研,4-5K,"<p>广州 越秀区 中山六路<em class=""vline""></em>应届生<em class=""vline""></em>本科</p>","<p>数据服务<em class=""vline""></em>已上市<em class=""vline""></em>100-499人</p>"
34,数据分析,知一数据,9-13K,"<p>广州 天河区 岑村<em class=""vline""></em>3-5年<em class=""vline""></em>大专</p>","<p>数据服务<em class=""vline""></em>不需要融资<em class=""vline""></em>20-99人</p>"
35,高级数据分析师,壹健康科技,12-18K,"<p>广州 荔湾区 芳村<em class=""vline""></em>5-10年<em class=""vline""></em>本科</p>","<p>医疗健康<em class=""vline""></em>不需要融资<em class=""vline""></em>1000-9999人</p>"
36,UC事业部-高级数据分析师,阿里巴巴大文娱,20-40K,"<p>广州 越秀区 火车站<em class=""vline""></em>3-5年<em class=""vline""></em>本科</p>","<p>互联网<em class=""vline""></em>已上市<em class=""vline""></em>1000-9999人</p>"
37,数据分析师,广东智源,4-8K,"<p>广州 越秀区 麓湖公园<em class=""vline""></em>1年以内<em class=""vline""></em>本科</p>","<p>计算机软件<em class=""vline""></em>未融资<em class=""vline""></em>20-99人</p>"
38,高级数据分析师,蓝月亮,13-23K,"<p>广州  <em class=""vline""></em>3-5年<em class=""vline""></em>本科</p>","<p>生活服务<em class=""vline""></em>未融资<em class=""vline""></em>10000人以上</p>"
39,电商数据分析,兰士顿,4-6K,"<p>广州 海珠区 海幢<em class=""vline""></em>1-3年<em class=""vline""></em>学历不限</p>","<p>贸易/进出口<em class=""vline""></em>不需要融资<em class=""vline""></em>100-499人</p>"
40,数据分析培训生,新心金融,10-15K,"<p>广州 天河区 珠江新城<em class=""vline""></em>1-3年<em class=""vline""></em>硕士</p>","<p>互联网金融<em class=""vline""></em>B轮<em class=""vline""></em>100-499人</p>"
41,数据分析师,启合科技,11-20K·14薪,"<p>广州 海珠区 新港<em class=""vline""></em>1-3年<em class=""vline""></em>本科</p>","<p>移动互联网<em class=""vline""></em>A轮<em class=""vline""></em>20-99人</p>"
42,高级数据分析工程师,高奈特,20-25K,"<p>广州 荔湾区 芳村<em class=""vline""></em>3-5年<em class=""vline""></em>本科</p>","<p>互联网<em class=""vline""></em>已上市<em class=""vline""></em>100-499人</p>"
43,服装数据分析助理,上海麦寻服饰有限公司,3-6K,"<p>广州 白云区 同德<em class=""vline""></em>应届生<em class=""vline""></em>大专</p>","<p>贸易/进出口<em class=""vline""></em>未融资<em class=""vline""></em>100-499人</p>"
44,数据分析师,Entrobus,8-15K,"<p>广州 番禺区 大学城<em class=""vline""></em>1-3年<em class=""vline""></em>本科</p>","<p>移动互联网<em class=""vline""></em>不需要融资<em class=""vline""></em>20-99人</p>"
45,数据分析,知一数据,7-10K,"<p>广州 天河区 岑村<em class=""vline""></em>1-3年<em class=""vline""></em>大专</p>","<p>数据服务<em class=""vline""></em>不需要融资<em class=""vline""></em>20-99人</p>"
46,数据分析师,青木科技,10-15K,"<p>广州 海珠区 客村<em class=""vline""></em>1-3年<em class=""vline""></em>本科</p>","<p>电子商务<em class=""vline""></em>不需要融资<em class=""vline""></em>500-999人</p>"
47,经营数据分析师,健客网,8-16K,"<p>广州 黄埔区 科学城<em class=""vline""></em>1-3年<em class=""vline""></em>本科</p>","<p>电子商务<em class=""vline""></em>B轮<em class=""vline""></em>1000-9999人</p>"
48,数据分析,小黑屋,6-12K,"<p>广州 海珠区 琶洲<em class=""vline""></em>经验不限<em class=""vline""></em>本科</p>","<p>互联网<em class=""vline""></em>A轮<em class=""vline""></em>20-99人</p>"
49,高级数据分析师,优路加,20-30K,"<p>广州 天河区 天河公园<em class=""vline""></em>3-5年<em class=""vline""></em>本科</p>","<p>数据服务<em class=""vline""></em>未融资<em class=""vline""></em>100-499人</p>"
50,数据分析,中科军信,4-5K,"<p>广州 越秀区 东风<em class=""vline""></em>经验不限<em class=""vline""></em>学历不限</p>","<p>计算机软件<em class=""vline""></em>未融资<em class=""vline""></em>500-999人</p>"
51,数据分析师,卜蜂莲花超市,8-13K,"<p>广州 白云区 三元里<em class=""vline""></em>1年以内<em class=""vline""></em>本科</p>","<p>其他服务业<em class=""vline""></em>不需要融资<em class=""vline""></em>1000-9999人</p>"
52,数据分析高级经理,天鹏科技,25-30K,"<p>广州 天河区 冼村<em class=""vline""></em>3-5年<em class=""vline""></em>硕士</p>","<p>计算机软件<em class=""vline""></em>A轮<em class=""vline""></em>100-499人</p>"
53,游戏数据分析师,网易游戏,15-20K·13薪,"<p>广州 天河区 珠江新城<em class=""vline""></em>经验不限<em class=""vline""></em>本科</p>","<p>游戏<em class=""vline""></em>已上市<em class=""vline""></em>10000人以上</p>"
54,数据分析师,广州视睿,15-25K,"<p>广州  <em class=""vline""></em>经验不限<em class=""vline""></em>本科</p>","<p>计算机软件<em class=""vline""></em>已上市<em class=""vline""></em>1000-9999人</p>"
55,数据分析师,巴图鲁,6-10K,"<p>广州 海珠区 南洲<em class=""vline""></em>1年以内<em class=""vline""></em>本科</p>","<p>移动互联网<em class=""vline""></em>C轮<em class=""vline""></em>500-999人</p>"
56,数据分析师,视源股份(CVTE),15-30K,"<p>广州  <em class=""vline""></em>3-5年<em class=""vline""></em>本科</p>","<p>其他行业<em class=""vline""></em>已上市<em class=""vline""></em>1000-9999人</p>"
57,推广与数据分析专员,青木科技,4-8K,"<p>广州 海珠区 客村<em class=""vline""></em>经验不限<em class=""vline""></em>大专</p>","<p>电子商务<em class=""vline""></em>不需要融资<em class=""vline""></em>500-999人</p>"
58,数据分析工程师,虎牙直播,15-30K·15薪,"<p>广州  <em class=""vline""></em>3-5年<em class=""vline""></em>本科</p>","<p>互联网<em class=""vline""></em>已上市<em class=""vline""></em>1000-9999人</p>"
59,数据分析师,青木科技,5-10K,"<p>广州 海珠区 客村<em class=""vline""></em>经验不限<em class=""vline""></em>大专</p>","<p>电子商务<em class=""vline""></em>不需要融资<em class=""vline""></em>500-999人</p>"
60,数据分析师,广州财略金融,6-11K,"<p>广州 海珠区 赤岗<em class=""vline""></em>1-3年<em class=""vline""></em>本科</p>","<p>互联网<em class=""vline""></em>A轮<em class=""vline""></em>100-499人</p>"
61,数据分析师,卓越方达,4-6K,"<p>广州 番禺区 石楼<em class=""vline""></em>1-3年<em class=""vline""></em>大专</p>","<p>计算机服务<em class=""vline""></em>未融资<em class=""vline""></em>100-499人</p>"
62,中高级数据分析师,巴图鲁,11-20K,"<p>广州 海珠区 南洲<em class=""vline""></em>3-5年<em class=""vline""></em>本科</p>","<p>移动互联网<em class=""vline""></em>C轮<em class=""vline""></em>500-999人</p>"
63,高级数据分析师,欢聚时代,15-30K,"<p>广州  <em class=""vline""></em>3-5年<em class=""vline""></em>本科</p>","<p>移动互联网<em class=""vline""></em>已上市<em class=""vline""></em>1000-9999人</p>"
64,高级数据分析师,电通数码,10-15K,"<p>广州 天河区 冼村<em class=""vline""></em>3-5年<em class=""vline""></em>学历不限</p>","<p>广告营销<em class=""vline""></em>不需要融资<em class=""vline""></em>100-499人</p>"
65,游戏数据分析,益玩游戏,7-12K,"<p>广州 天河区 员村<em class=""vline""></em>1-3年<em class=""vline""></em>大专</p>","<p>游戏<em class=""vline""></em>B轮<em class=""vline""></em>100-499人</p>"
66,数据分析经理,亚美科技,20-30K,"<p>广州 天河区 岑村<em class=""vline""></em>3-5年<em class=""vline""></em>本科</p>","<p>计算机软件<em class=""vline""></em>不需要融资<em class=""vline""></em>500-999人</p>"
67,数据分析工程师,易莱信,7-10K,"<p>广州 越秀区 东风东<em class=""vline""></em>1-3年<em class=""vline""></em>本科</p>","<p>计算机软件<em class=""vline""></em>不需要融资<em class=""vline""></em>20-99人</p>"
68,数据分析主管,豪森威航空咨询,6-10K,"<p>广州 天河区 沙河<em class=""vline""></em>3-5年<em class=""vline""></em>大专</p>","<p>咨询<em class=""vline""></em>未融资<em class=""vline""></em>20-99人</p>"
69,数据分析主管 ,钱大妈农产品有限公司,9-10K,"<p>广州 白云区 石井<em class=""vline""></em>3-5年<em class=""vline""></em>本科</p>","<p>物流/仓储<em class=""vline""></em>C轮<em class=""vline""></em>1000-9999人</p>"
70,BI数据分析师,季泉,12-18K,"<p>广州 白云区 永平<em class=""vline""></em>5-10年<em class=""vline""></em>本科</p>","<p>互联网<em class=""vline""></em>不需要融资<em class=""vline""></em>500-999人</p>"
71,游戏数据分析师,网易游戏,10-20K,"<p>广州 天河区 天河公园<em class=""vline""></em>1-3年<em class=""vline""></em>本科</p>","<p>游戏<em class=""vline""></em>已上市<em class=""vline""></em>10000人以上</p>"
72,数据分析师,中科军信,4-8K,"<p>广州 越秀区 东风<em class=""vline""></em>经验不限<em class=""vline""></em>本科</p>","<p>计算机软件<em class=""vline""></em>未融资<em class=""vline""></em>500-999人</p>"
73,数据分析师-BI方向,蓝月亮,10-15K,"<p>广州  <em class=""vline""></em>1-3年<em class=""vline""></em>本科</p>","<p>生活服务<em class=""vline""></em>未融资<em class=""vline""></em>10000人以上</p>"
74,爬虫工程师与数据分析师,头文科技,7-12K,"<p>广州 番禺区 南村<em class=""vline""></em>3-5年<em class=""vline""></em>本科</p>","<p>互联网<em class=""vline""></em>天使轮<em class=""vline""></em>100-499人</p>"
75,数据分析专员,苑同电子商务公司,4-6K,"<p>广州 花都区 莲塘<em class=""vline""></em>1-3年<em class=""vline""></em>大专</p>","<p>电子商务<em class=""vline""></em>不需要融资<em class=""vline""></em>20-99人</p>"
76,数据分析师,蓝月亮,10-15K,"<p>广州  <em class=""vline""></em>1-3年<em class=""vline""></em>本科</p>","<p>生活服务<em class=""vline""></em>未融资<em class=""vline""></em>10000人以上</p>"
77,电商数据分析师,广州立成时代有限公司,6-10K,"<p>广州 白云区 景泰<em class=""vline""></em>1-3年<em class=""vline""></em>大专</p>","<p>电子商务<em class=""vline""></em>不需要融资<em class=""vline""></em>100-499人</p>"
78,数据分析师,奥买家,10-15K·14薪,"<p>广州  <em class=""vline""></em>1-3年<em class=""vline""></em>本科</p>","<p>移动互联网<em class=""vline""></em>不需要融资<em class=""vline""></em>100-499人</p>"
79,数据分析经理,PLAY800,11-19K,"<p>广州 天河区 石牌<em class=""vline""></em>1-3年<em class=""vline""></em>本科</p>","<p>游戏<em class=""vline""></em>天使轮<em class=""vline""></em>500-999人</p>"
80,数据分析师,素萃化妆品,5-10K,"<p>广州 白云区 白云大道<em class=""vline""></em>1-3年<em class=""vline""></em>学历不限</p>","<p>电子商务<em class=""vline""></em>不需要融资<em class=""vline""></em>20-99人</p>"
81,数据分析,开思时代,12-18K·13薪,"<p>广州 海珠区 赤岗<em class=""vline""></em>3-5年<em class=""vline""></em>本科</p>","<p>移动互联网<em class=""vline""></em>C轮<em class=""vline""></em>1000-9999人</p>"
82,数据分析师,天维信息,5-10K,"<p>广州 天河区 小新塘<em class=""vline""></em>1-3年<em class=""vline""></em>本科</p>","<p>计算机软件<em class=""vline""></em>已上市<em class=""vline""></em>100-499人</p>"
83,数据分析师（电商）,妮趣,7-10K,"<p>广州 越秀区 东山口<em class=""vline""></em>1-3年<em class=""vline""></em>大专</p>","<p>电子商务<em class=""vline""></em>C轮<em class=""vline""></em>100-499人</p>"
84,数据分析师,恒企教育,6-10K,"<p>广州 白云区 白云大道<em class=""vline""></em>1-3年<em class=""vline""></em>大专</p>","<p>在线教育<em class=""vline""></em>已上市<em class=""vline""></em>1000-9999人</p>"
85,实习生数据分析,广州神灯,3-6K,"<p>广州 天河区 天河北<em class=""vline""></em>经验不限<em class=""vline""></em>大专</p>","<p>互联网<em class=""vline""></em>未融资<em class=""vline""></em>20-99人</p>"
86,运营实施顾问(数据分析方向),青木科技,8-13K,"<p>广州 海珠区 客村<em class=""vline""></em>1-3年<em class=""vline""></em>本科</p>","<p>电子商务<em class=""vline""></em>不需要融资<em class=""vline""></em>500-999人</p>"
87,高级数据分析工程师,荔枝,20-35K·13薪,"<p>广州 天河区 棠下<em class=""vline""></em>5-10年<em class=""vline""></em>本科</p>","<p>移动互联网<em class=""vline""></em>D轮及以上<em class=""vline""></em>500-999人</p>"
88,助理数据分析员,SMR,3-5K,"<p>广州 越秀区 建设<em class=""vline""></em>经验不限<em class=""vline""></em>大专</p>","<p>咨询<em class=""vline""></em>已上市<em class=""vline""></em>100-499人</p>"
89,推广与数据分析经理,青木科技,15-25K·13薪,"<p>广州 海珠区 客村<em class=""vline""></em>5-10年<em class=""vline""></em>本科</p>","<p>电子商务<em class=""vline""></em>不需要融资<em class=""vline""></em>500-999人</p>"
90,数据分析与推广,青木科技,5-8K,"<p>广州 海珠区 客村<em class=""vline""></em>1年以内<em class=""vline""></em>本科</p>","<p>电子商务<em class=""vline""></em>不需要融资<em class=""vline""></em>500-999人</p>"
91,数据分析师,元一茶业,8-16K,"<p>广州 天河区 珠江新城<em class=""vline""></em>3-5年<em class=""vline""></em>本科</p>","<p>生活服务<em class=""vline""></em>不需要融资<em class=""vline""></em>20-99人</p>"
92,数据分析师,优行优远汽车服务有限公司,5-8K,"<p>广州 黄埔区 鱼珠<em class=""vline""></em>1-3年<em class=""vline""></em>大专</p>","<p>运营商/增值服务<em class=""vline""></em>A轮<em class=""vline""></em>500-999人</p>"
93,数据分析师（广州）,佰聆数据,8-13K·13薪,"<p>广州 黄埔区 科学城<em class=""vline""></em>1-3年<em class=""vline""></em>本科</p>","<p>数据服务<em class=""vline""></em>已上市<em class=""vline""></em>100-499人</p>"
94,数据分析员,广州杰恒服饰有限公司,3-7K,"<p>广州 天河区 沙河<em class=""vline""></em>1-3年<em class=""vline""></em>学历不限</p>","<p>贸易/进出口<em class=""vline""></em>B轮<em class=""vline""></em>20-99人</p>"
95,BI数据分析师,迪柯尼,12-20K,"<p>广州 天河区 珠江新城<em class=""vline""></em>3-5年<em class=""vline""></em>本科</p>","<p>服装/纺织/皮革<em class=""vline""></em>不需要融资<em class=""vline""></em>1000-9999人</p>"
96,数据分析专员,三福百货,5-8K,"<p>广州 白云区 同德<em class=""vline""></em>经验不限<em class=""vline""></em>本科</p>","<p>贸易/进出口<em class=""vline""></em>不需要融资<em class=""vline""></em>10000人以上</p>"
97,经营分析岗/数据分析岗,京邦达,8-13K·14薪,"<p>广州 黄埔区 南岗<em class=""vline""></em>1-3年<em class=""vline""></em>大专</p>","<p>物流/仓储<em class=""vline""></em>已上市<em class=""vline""></em>10000人以上</p>"
98,数据分析员,秒购,4-5K,"<p>广州 白云区 新市<em class=""vline""></em>1-3年<em class=""vline""></em>本科</p>","<p>电子商务<em class=""vline""></em>不需要融资<em class=""vline""></em>100-499人</p>"
99,数据分析师,趣丸,12-20K,"<p>广州 天河区 石牌<em class=""vline""></em>1-3年<em class=""vline""></em>本科</p>","<p>移动互联网<em class=""vline""></em>不需要融资<em class=""vline""></em>100-499人</p>"
100,数据分析师,君集贸易有限公司,6-11K,"<p>广州 白云区 白云大道<em class=""vline""></em>1-3年<em class=""vline""></em>大专</p>","<p>广告营销<em class=""vline""></em>不需要融资<em class=""vline""></em>20-99人</p>"
101,数据分析师,数说故事,9-12K,"<p>广州 天河区 冼村<em class=""vline""></em>1-3年<em class=""vline""></em>本科</p>","<p>互联网<em class=""vline""></em>B轮<em class=""vline""></em>100-499人</p>"
102,推广与数据分析,青木科技,4-6K,"<p>广州 海珠区 客村<em class=""vline""></em>1年以内<em class=""vline""></em>本科</p>","<p>电子商务<em class=""vline""></em>不需要融资<em class=""vline""></em>500-999人</p>"
103,数据分析师,上海麦寻服饰有限公司,5-8K,"<p>广州 白云区 石井<em class=""vline""></em>3-5年<em class=""vline""></em>大专</p>","<p>贸易/进出口<em class=""vline""></em>未融资<em class=""vline""></em>100-499人</p>"
104,数据分析员,广州昌钰文化有限公司,4-5K,"<p>广州 白云区 景泰<em class=""vline""></em>1年以内<em class=""vline""></em>大专</p>","<p>音乐/视频/阅读<em class=""vline""></em>未融资<em class=""vline""></em>100-499人</p>"
105,数据分析（供应连方向）,SHEIN（深圳）,7-9K,"<p>广州 番禺区 南村<em class=""vline""></em>1-3年<em class=""vline""></em>本科</p>","<p>电子商务<em class=""vline""></em>C轮<em class=""vline""></em>1000-9999人</p>"
106,数据分析师,中科,9-14K,"<p>广州 番禺区 大学城<em class=""vline""></em>1-3年<em class=""vline""></em>本科</p>","<p>计算机软件<em class=""vline""></em>未融资<em class=""vline""></em>20-99人</p>"
107,BI数据分析总监/高级分析师,健客网,20-30K,"<p>广州 黄埔区 科学城<em class=""vline""></em>3-5年<em class=""vline""></em>本科</p>","<p>电子商务<em class=""vline""></em>B轮<em class=""vline""></em>1000-9999人</p>"
108,数据分析师（bi工程师,广电运通,15-25K,"<p>广州  <em class=""vline""></em>3-5年<em class=""vline""></em>本科</p>","<p>互联网金融<em class=""vline""></em>已上市<em class=""vline""></em>10000人以上</p>"
109,数据分析师,至尊宝科技,9-14K,"<p>广州 荔湾区 芳村<em class=""vline""></em>3-5年<em class=""vline""></em>大专</p>","<p>电子商务<em class=""vline""></em>A轮<em class=""vline""></em>20-99人</p>"
110,天猫淘宝电商数据分析师,广州立成时代有限公司,6-11K,"<p>广州 白云区 景泰<em class=""vline""></em>1-3年<em class=""vline""></em>大专</p>","<p>电子商务<em class=""vline""></em>不需要融资<em class=""vline""></em>100-499人</p>"
111,数据分析师,数说故事,10-15K·13薪,"<p>广州 天河区 冼村<em class=""vline""></em>1-3年<em class=""vline""></em>本科</p>","<p>互联网<em class=""vline""></em>B轮<em class=""vline""></em>100-499人</p>"
112,数据分析实习生,Entrobus,100-150/天,"<p>广州 番禺区 大学城<em class=""vline""></em>4天/周<em class=""vline""></em>12个月<em class=""vline""></em>本科</p>","<p>移动互联网<em class=""vline""></em>不需要融资<em class=""vline""></em>20-99人</p>"
113,服装销售数据分析,升顺贸易有限公司,6-11K,"<p>广州 荔湾区 七八路<em class=""vline""></em>1-3年<em class=""vline""></em>大专</p>","<p>企业服务<em class=""vline""></em>不需要融资<em class=""vline""></em>100-499人</p>"
114,数据分析（实习生）,中科,2-4K,"<p>广州 番禺区 大学城<em class=""vline""></em>经验不限<em class=""vline""></em>本科</p>","<p>计算机软件<em class=""vline""></em>未融资<em class=""vline""></em>20-99人</p>"
115,推广与数据分析专员,青木科技,5-8K,"<p>广州 海珠区 客村<em class=""vline""></em>1-3年<em class=""vline""></em>本科</p>","<p>电子商务<em class=""vline""></em>不需要融资<em class=""vline""></em>500-999人</p>"
116,数据分析师-供应链方向,蓝月亮,10-15K,"<p>广州  <em class=""vline""></em>1-3年<em class=""vline""></em>本科</p>","<p>生活服务<em class=""vline""></em>未融资<em class=""vline""></em>10000人以上</p>"
117,数据分析师,视源股份(CVTE),13-25K,"<p>广州  <em class=""vline""></em>3-5年<em class=""vline""></em>本科</p>","<p>其他行业<em class=""vline""></em>已上市<em class=""vline""></em>1000-9999人</p>"
118,数据分析师,奥腾体育发展有限公司,8-10K,"<p>广州 天河区 黄村<em class=""vline""></em>1-3年<em class=""vline""></em>本科</p>","<p>医疗健康<em class=""vline""></em>未融资<em class=""vline""></em>100-499人</p>"
119,数据分析师助理,兆丰恒业,6-11K,"<p>广州 天河区 体育中心<em class=""vline""></em>1-3年<em class=""vline""></em>中专/中技</p>","<p>互联网金融<em class=""vline""></em>D轮及以上<em class=""vline""></em>500-999人</p>"
120,商业数据分析,吉图咨询,5-6K,"<p>广州 天河区 体育中心<em class=""vline""></em>3-5年<em class=""vline""></em>大专</p>","<p>企业服务<em class=""vline""></em>未融资<em class=""vline""></em>20-99人</p>"
121,高级数据分析师,广州神灯,8-15K,"<p>广州 天河区 天河北<em class=""vline""></em>1-3年<em class=""vline""></em>大专</p>","<p>互联网<em class=""vline""></em>未融资<em class=""vline""></em>20-99人</p>"
122,基础研发部-高级数据分析师-BI,阿里巴巴大文娱,12-24K,"<p>广州 天河区 员村<em class=""vline""></em>经验不限<em class=""vline""></em>本科</p>","<p>互联网<em class=""vline""></em>已上市<em class=""vline""></em>1000-9999人</p>"
123,数据分析师,泰容亿,5-10K,"<p>广州 白云区 白云大道<em class=""vline""></em>经验不限<em class=""vline""></em>大专</p>","<p>电子商务<em class=""vline""></em>未融资<em class=""vline""></em>20-99人</p>"
124,数据分析,优兰达国际,5-10K,"<p>广州 白云区 均禾<em class=""vline""></em>1年以内<em class=""vline""></em>本科</p>","<p>物流/仓储<em class=""vline""></em>未融资<em class=""vline""></em>100-499人</p>"
125,高级数据分析师,佰聆数据,13-19K·13薪,"<p>广州 黄埔区 科学城<em class=""vline""></em>3-5年<em class=""vline""></em>本科</p>","<p>数据服务<em class=""vline""></em>已上市<em class=""vline""></em>100-499人</p>"
126,高级数据分析师,信用生活,20-40K,"<p>广州 天河区 珠江新城<em class=""vline""></em>3-5年<em class=""vline""></em>本科</p>","<p>互联网金融<em class=""vline""></em>A轮<em class=""vline""></em>20-99人</p>"
127,高级数据分析师,欢聚时代,15-30K,"<p>广州  <em class=""vline""></em>3-5年<em class=""vline""></em>本科</p>","<p>移动互联网<em class=""vline""></em>已上市<em class=""vline""></em>1000-9999人</p>"
128,人事实习生(数据分析),青木科技,2-3K,"<p>广州  <em class=""vline""></em>经验不限<em class=""vline""></em>本科</p>","<p>电子商务<em class=""vline""></em>不需要融资<em class=""vline""></em>500-999人</p>"
129,数据分析员,广垦绿色,4-5K,"<p>广州 越秀区 三元里<em class=""vline""></em>1-3年<em class=""vline""></em>大专</p>","<p>生活服务<em class=""vline""></em>未融资<em class=""vline""></em>100-499人</p>"
130,高级数据分析师,绿瘦集团,14-25K,"<p>广州 越秀区 东风东<em class=""vline""></em>5-10年<em class=""vline""></em>本科</p>","<p>医疗健康<em class=""vline""></em>不需要融资<em class=""vline""></em>1000-9999人</p>"
131,数据分析师（BI）,餐道,11-20K,"<p>广州 荔湾区 芳村<em class=""vline""></em>3-5年<em class=""vline""></em>本科</p>","<p>移动互联网<em class=""vline""></em>A轮<em class=""vline""></em>100-499人</p>"
132,数据分析师,宝龙智能,6-8K,"<p>广州 天河区 石牌<em class=""vline""></em>1-3年<em class=""vline""></em>本科</p>","<p>智能硬件<em class=""vline""></em>未融资<em class=""vline""></em>20-99人</p>"
133,CRM数据分析主管,快尚时装,10-15K,"<p>广州 白云区 机场路<em class=""vline""></em>1-3年<em class=""vline""></em>本科</p>","<p>其他行业<em class=""vline""></em>不需要融资<em class=""vline""></em>1000-9999人</p>"
134,ERP数据分析,三傻黑狗电子商务,4-6K,"<p>广州 白云区 黄石<em class=""vline""></em>1年以内<em class=""vline""></em>中专/中技</p>","<p>电子商务<em class=""vline""></em>20-99人</p>"
135,推广与数据分析专员,青木科技,4-6K,"<p>广州 海珠区 南洲<em class=""vline""></em>3-5年<em class=""vline""></em>本科</p>","<p>电子商务<em class=""vline""></em>不需要融资<em class=""vline""></em>500-999人</p>"
136,数据分析师主管,同鑫智,20-30K,"<p>广州 天河区 珠江新城<em class=""vline""></em>5-10年<em class=""vline""></em>本科</p>","<p>计算机服务<em class=""vline""></em>20-99人</p>"
137,UC事业部-高级数据分析师-BI-广州,阿里巴巴大文娱,20-40K,"<p>广州 越秀区 火车站<em class=""vline""></em>3-5年<em class=""vline""></em>本科</p>","<p>互联网<em class=""vline""></em>已上市<em class=""vline""></em>1000-9999人</p>"
138,数据分析/数据挖掘实习生,广州泰迪,2-3K,"<p>广州 黄埔区 万达广场<em class=""vline""></em>经验不限<em class=""vline""></em>本科</p>","<p>计算机软件<em class=""vline""></em>未融资<em class=""vline""></em>100-499人</p>"
139,产品经理（数据分析）,前实科技,10-15K,"<p>广州 白云区 新市<em class=""vline""></em>3-5年<em class=""vline""></em>大专</p>","<p>移动互联网<em class=""vline""></em>A轮<em class=""vline""></em>20-99人</p>"
140,金融/数据分析师,辰荣,3-6K,"<p>广州 天河区 珠江新城<em class=""vline""></em>经验不限<em class=""vline""></em>学历不限</p>","<p>互联网金融<em class=""vline""></em>不需要融资<em class=""vline""></em>100-499人</p>"
141,游戏运营-数据分析助理,至劲网络,4-8K,"<p>广州 天河区 天河公园<em class=""vline""></em>1-3年<em class=""vline""></em>本科</p>","<p>游戏<em class=""vline""></em>未融资<em class=""vline""></em>20-99人</p>"
142,健康数据分析师,奥腾体育发展有限公司,6-10K,"<p>广州 天河区 黄村<em class=""vline""></em>经验不限<em class=""vline""></em>本科</p>","<p>医疗健康<em class=""vline""></em>未融资<em class=""vline""></em>100-499人</p>"
143,数据分析实习生,Cyberway,2-4K,"<p>广州 黄埔区 科学城<em class=""vline""></em>经验不限<em class=""vline""></em>大专</p>","<p>计算机软件<em class=""vline""></em>不需要融资<em class=""vline""></em>100-499人</p>"
144,数据分析高级专员,顺心捷达,6-9K,"<p>广州 白云区 太和<em class=""vline""></em>1-3年<em class=""vline""></em>本科</p>","<p>交通/运输<em class=""vline""></em>未融资<em class=""vline""></em>1000-9999人</p>"
145,商品专员/数据分析,吸引力文化传播,5-7K,"<p>广州 番禺区 洛溪<em class=""vline""></em>1-3年<em class=""vline""></em>中专/中技</p>","<p>电子商务<em class=""vline""></em>不需要融资<em class=""vline""></em>100-499人</p>"
146,BI工程师（数据分析方向）,民贷天下,15-22K,"<p>广州 越秀区 建设<em class=""vline""></em>3-5年<em class=""vline""></em>大专</p>","<p>互联网<em class=""vline""></em>未融资<em class=""vline""></em>100-499人</p>"
147,数据分析主管/经理 (MJ001206),PPmoney,15-30K·13薪,"<p>广州 天河区 冼村<em class=""vline""></em>1年以内<em class=""vline""></em>学历不限</p>","<p>互联网金融<em class=""vline""></em>C轮<em class=""vline""></em>1000-9999人</p>"
148,合同管理及数据分析主管,Locals路客,8-10K,"<p>广州 海珠区 赤岗<em class=""vline""></em>1-3年<em class=""vline""></em>本科</p>","<p>互联网<em class=""vline""></em>B轮<em class=""vline""></em>500-999人</p>"
149,数据分析师,广州链能,8-11K,"<p>广州 天河区 龙口<em class=""vline""></em>1-3年<em class=""vline""></em>本科</p>","<p>互联网<em class=""vline""></em>天使轮<em class=""vline""></em>20-99人</p>"
150,医学数据分析师,天鹏科技,10-12K,"<p>广州 天河区 冼村<em class=""vline""></em>3-5年<em class=""vline""></em>硕士</p>","<p>计算机软件<em class=""vline""></em>A轮<em class=""vline""></em>100-499人</p>"
151,数据分析师,德雷滋,4-5K,"<p>广州 番禺区 沙湾<em class=""vline""></em>1年以内<em class=""vline""></em>本科</p>","<p>机械设备/机电/重工<em class=""vline""></em>不需要融资<em class=""vline""></em>20-99人</p>"
152,数据分析师,民贷天下,8-15K,"<p>广州 越秀区 建设<em class=""vline""></em>1-3年<em class=""vline""></em>本科</p>","<p>互联网<em class=""vline""></em>未融资<em class=""vline""></em>100-499人</p>"
153,Facebook广告优化师（广告投放与数据分析）,天拓海汇,7-14K,"<p>广州  <em class=""vline""></em>1-3年<em class=""vline""></em>大专</p>","<p>电子商务<em class=""vline""></em>未融资<em class=""vline""></em>100-499人</p>"
154,商品数据分析专员,爱丁服饰,5-7K,"<p>广州 海珠区 华洲<em class=""vline""></em>1年以内<em class=""vline""></em>大专</p>","<p>新零售<em class=""vline""></em>未融资<em class=""vline""></em>20-99人</p>"
155,数据分析师,棒谷科技,8-15K,"<p>广州 番禺区 大石<em class=""vline""></em>3-5年<em class=""vline""></em>本科</p>","<p>电子商务<em class=""vline""></em>未融资<em class=""vline""></em>1000-9999人</p>"
156,数据分析师,华资软件,10-15K,"<p>广州 天河区 天河公园<em class=""vline""></em>3-5年<em class=""vline""></em>本科</p>","<p>计算机软件<em class=""vline""></em>已上市<em class=""vline""></em>1000-9999人</p>"
157,服装数据分析员,广州杰恒服饰有限公司,4-8K,"<p>广州 天河区 沙河<em class=""vline""></em>1-3年<em class=""vline""></em>学历不限</p>","<p>贸易/进出口<em class=""vline""></em>B轮<em class=""vline""></em>20-99人</p>"
158,业务运营（数据分析） (MJ001253),PPmoney,12-24K·13薪,"<p>广州 天河区 冼村<em class=""vline""></em>3-5年<em class=""vline""></em>本科</p>","<p>互联网金融<em class=""vline""></em>C轮<em class=""vline""></em>1000-9999人</p>"
159,数据分析专员,棒谷科技,4-8K,"<p>广州 番禺区 大石<em class=""vline""></em>1-3年<em class=""vline""></em>本科</p>","<p>电子商务<em class=""vline""></em>未融资<em class=""vline""></em>1000-9999人</p>"
160,跨境电商数据分析员,泰稳贸易,4-6K,"<p>广州 白云区 白云大道<em class=""vline""></em>1-3年<em class=""vline""></em>本科</p>","<p>贸易/进出口<em class=""vline""></em>20-99人</p>"
161,海外业务数据分析师,虎牙直播,11-18K,"<p>广州  <em class=""vline""></em>1-3年<em class=""vline""></em>本科</p>","<p>互联网<em class=""vline""></em>已上市<em class=""vline""></em>1000-9999人</p>"
162,跨境电子商务亚马逊运营 德语日语数据分析,易亚百,4-5K,"<p>广州 白云区 黄石<em class=""vline""></em>经验不限<em class=""vline""></em>本科</p>","<p>电子商务<em class=""vline""></em>天使轮<em class=""vline""></em>20-99人</p>"
163,业务运营（数据分析） (MJ001253),PPmoney,15-16K,"<p>广州 天河区 冼村<em class=""vline""></em>1-3年<em class=""vline""></em>学历不限</p>","<p>互联网金融<em class=""vline""></em>C轮<em class=""vline""></em>1000-9999人</p>"
164,数据分析师,酷狗音乐,16-30K,"<p>广州 天河区 棠下<em class=""vline""></em>3-5年<em class=""vline""></em>本科</p>","<p>互联网<em class=""vline""></em>已上市<em class=""vline""></em>1000-9999人</p>"
165,数据分析师,好又贷,6-8K,"<p>广州 天河区 猎德<em class=""vline""></em>1-3年<em class=""vline""></em>大专</p>","<p>互联网金融<em class=""vline""></em>B轮<em class=""vline""></em>100-499人</p>"
166,高级数据分析,汤臣倍健,8-12K,"<p>广州 天河区 <em class=""vline""></em>3-5年<em class=""vline""></em>本科</p>","<p>互联网<em class=""vline""></em>已上市<em class=""vline""></em>1000-9999人</p>"
167,媒介数据-数据分析实习生,新意互动,2-4K,"<p>广州 天河区 珠江新城<em class=""vline""></em>经验不限<em class=""vline""></em>本科</p>","<p>互联网<em class=""vline""></em>不需要融资<em class=""vline""></em>1000-9999人</p>"
168,京东物流数据分析,京邦达,6-8K,"<p>广州 黄埔区 南岗<em class=""vline""></em>3-5年<em class=""vline""></em>本科</p>","<p>物流/仓储<em class=""vline""></em>已上市<em class=""vline""></em>10000人以上</p>"
169,数据分析师,瑞天欣实,8-13K,"<p>广州  <em class=""vline""></em>经验不限<em class=""vline""></em>本科</p>","<p>数据服务<em class=""vline""></em>A轮<em class=""vline""></em>20-99人</p>"
170,数据分析师,GIMC省广集团,5-6K,"<p>广州  <em class=""vline""></em>1年以内<em class=""vline""></em>本科</p>","<p>广告营销<em class=""vline""></em>已上市<em class=""vline""></em>1000-9999人</p>"
171,数据分析师,马宫化妆品,6-7K,"<p>广州 番禺区 市桥<em class=""vline""></em>经验不限<em class=""vline""></em>学历不限</p>","<p>批发/零售<em class=""vline""></em>未融资<em class=""vline""></em>20-99人</p>"
172,数据分析师,睿智合创,10-15K·13薪,"<p>广州 天河区 冼村<em class=""vline""></em>1年以内<em class=""vline""></em>硕士</p>","<p>互联网金融<em class=""vline""></em>A轮<em class=""vline""></em>100-499人</p>"
173,数据分析师,泰迪智慧,5-10K,"<p>广州 黄埔区 万达广场<em class=""vline""></em>1年以内<em class=""vline""></em>本科</p>","<p>计算机软件<em class=""vline""></em>未融资<em class=""vline""></em>20-99人</p>"
174,金融产品网络营销数据分析师,吉信科技,7-14K,"<p>广州 天河区 天河公园<em class=""vline""></em>1-3年<em class=""vline""></em>大专</p>","<p>移动互联网<em class=""vline""></em>未融资<em class=""vline""></em>20-99人</p>"
175,金融产品营销数据分析及建模,吉信科技,8-13K,"<p>广州 天河区 天河公园<em class=""vline""></em>1-3年<em class=""vline""></em>大专</p>","<p>移动互联网<em class=""vline""></em>未融资<em class=""vline""></em>20-99人</p>"
176,数据分析师,吉兆餐饮,5-8K,"<p>广州 天河区 冼村<em class=""vline""></em>1-3年<em class=""vline""></em>本科</p>","<p>广告营销<em class=""vline""></em>未融资<em class=""vline""></em>500-999人</p>"
177,数据分析专员,广州三七网络,8-14K,"<p>广州 天河区 棠下<em class=""vline""></em>1-3年<em class=""vline""></em>本科</p>","<p>游戏<em class=""vline""></em>已上市<em class=""vline""></em>1000-9999人</p>"
178,运营数据分析师,广州三七网络,8-13K,"<p>广州 天河区 员村<em class=""vline""></em>1-3年<em class=""vline""></em>本科</p>","<p>游戏<em class=""vline""></em>已上市<em class=""vline""></em>1000-9999人</p>"
179,数据分析员,同步投资,5-6K,"<p>广州 天河区 体育中心<em class=""vline""></em>1-3年<em class=""vline""></em>大专</p>","<p>生活服务<em class=""vline""></em>已上市<em class=""vline""></em>1000-9999人</p>"
180,数据分析师,麦嗨信息科技,6-10K,"<p>广州 白云区 景泰<em class=""vline""></em>1-3年<em class=""vline""></em>大专</p>","<p>电子商务<em class=""vline""></em>500-999人</p>"
181,数据分析专员,棒谷科技,3-4K,"<p>广州 白云区 石井<em class=""vline""></em>经验不限<em class=""vline""></em>本科</p>","<p>电子商务<em class=""vline""></em>未融资<em class=""vline""></em>1000-9999人</p>"
182,小程序数据分析（广州）,腾讯,14-28K,"<p>广州 海珠区 赤岗<em class=""vline""></em>经验不限<em class=""vline""></em>本科</p>","<p>互联网<em class=""vline""></em>已上市<em class=""vline""></em>10000人以上</p>"
183,数据分析师,广州尚德机构,6-10K,"<p>广州 天河区 棠下<em class=""vline""></em>1-3年<em class=""vline""></em>本科</p>","<p>在线教育<em class=""vline""></em>已上市<em class=""vline""></em>10000人以上</p>"
184,业务数据分析师,名创优品,6-10K,"<p>广州 荔湾区 西关<em class=""vline""></em>1-3年<em class=""vline""></em>大专</p>","<p>其他行业<em class=""vline""></em>不需要融资<em class=""vline""></em>10000人以上</p>"
185,推广与数据分析经理,青木数字技术,15-25K,"<p>广州 海珠区 客村<em class=""vline""></em>5-10年<em class=""vline""></em>大专</p>","<p>电子商务<em class=""vline""></em>不需要融资<em class=""vline""></em>500-999人</p>"
186,数据分析工程师,数字广东,15-30K,"<p>广州 天河区 猎德<em class=""vline""></em>3-5年<em class=""vline""></em>本科</p>","<p>计算机软件<em class=""vline""></em>未融资<em class=""vline""></em>1000-9999人</p>"
187,推广与数据分析,青木数字技术,5-8K,"<p>广州 海珠区 广州大道南<em class=""vline""></em>经验不限<em class=""vline""></em>本科</p>","<p>电子商务<em class=""vline""></em>不需要融资<em class=""vline""></em>500-999人</p>"
188,供应链主任（数据分析）,屈臣氏,4-5K·13薪,"<p>广州 越秀区 东风东<em class=""vline""></em>1-3年<em class=""vline""></em>大专</p>","<p>新零售<em class=""vline""></em>不需要融资<em class=""vline""></em>10000人以上</p>"
189,数据分析员,狮之谦服装有限公司,5-8K,"<p>广州 海珠区 赤岗<em class=""vline""></em>1-3年<em class=""vline""></em>大专</p>","<p>电子商务<em class=""vline""></em>未融资<em class=""vline""></em>100-499人</p>"
190,数据分析工程师,立白集团,15-25K,"<p>广州 荔湾区 芳村<em class=""vline""></em>3-5年<em class=""vline""></em>本科</p>","<p>贸易/进出口<em class=""vline""></em>不需要融资<em class=""vline""></em>10000人以上</p>"
191,数据分析师（偏财务方向）,一智通供应链,7-10K,"<p>广州 天河区 沙东<em class=""vline""></em>1-3年<em class=""vline""></em>本科</p>","<p>移动互联网<em class=""vline""></em>B轮<em class=""vline""></em>500-999人</p>"
192,数据分析,一路时尚,5-10K,"<p>广州 白云区 永平<em class=""vline""></em>1-3年<em class=""vline""></em>本科</p>","<p>培训机构<em class=""vline""></em>不需要融资<em class=""vline""></em>100-499人</p>"
193,数据分析专员,优宿企业管理,5-8K,"<p>广州 越秀区 东风<em class=""vline""></em>1-3年<em class=""vline""></em>大专</p>","<p>生活服务<em class=""vline""></em>未融资<em class=""vline""></em>100-499人</p>"
194,数据分析(和飞信),中移互联网,15-20K·15薪,"<p>广州 天河区 岑村<em class=""vline""></em>3-5年<em class=""vline""></em>本科</p>","<p>移动互联网<em class=""vline""></em>不需要融资<em class=""vline""></em>1000-9999人</p>"
195,数据分析,优宿企业管理,4-7K,"<p>广州 越秀区 东风<em class=""vline""></em>1-3年<em class=""vline""></em>大专</p>","<p>生活服务<em class=""vline""></em>未融资<em class=""vline""></em>100-499人</p>"
196,数据分析师,歌莉娅,10-11K,"<p>广州 白云区 均禾<em class=""vline""></em>3-5年<em class=""vline""></em>本科</p>","<p>服装/纺织/皮革<em class=""vline""></em>未融资<em class=""vline""></em>1000-9999人</p>"
197,数据分析师,静瞳海外投资,13-26K,"<p>广州 天河区 冼村<em class=""vline""></em>3-5年<em class=""vline""></em>本科</p>","<p>其他专业服务<em class=""vline""></em>未融资<em class=""vline""></em>20-99人</p>"
198,数据分析实习生,静瞳海外投资,3-4K,"<p>广州 天河区 冼村<em class=""vline""></em>经验不限<em class=""vline""></em>本科</p>","<p>其他专业服务<em class=""vline""></em>未融资<em class=""vline""></em>20-99人</p>"
199,数据分析产品经理,南方新媒体,11-18K,"<p>广州 越秀区 火车站<em class=""vline""></em>3-5年<em class=""vline""></em>本科</p>","<p>文化/体育/娱乐<em class=""vline""></em>C轮<em class=""vline""></em>100-499人</p>"
200,商品数据分析师,众成服饰有限公司,6-8K,"<p>广州 番禺区 南村<em class=""vline""></em>3-5年<em class=""vline""></em>高中</p>","<p>企业服务<em class=""vline""></em>C轮<em class=""vline""></em>100-499人</p>"
201,数据分析师（社会化媒体）,AdMaster,6-8K,"<p>广州 天河区 猎德<em class=""vline""></em>经验不限<em class=""vline""></em>本科</p>","<p>移动互联网<em class=""vline""></em>不需要融资<em class=""vline""></em>500-999人</p>"
202,数据分析（和金融）,中移互联网,12-24K,"<p>广州 天河区 岑村<em class=""vline""></em>3-5年<em class=""vline""></em>本科</p>","<p>移动互联网<em class=""vline""></em>不需要融资<em class=""vline""></em>1000-9999人</p>"
203,数据分析师,北京尚德机构,5-8K,"<p>广州 黄埔区 科学城<em class=""vline""></em>经验不限<em class=""vline""></em>本科</p>","<p>在线教育<em class=""vline""></em>已上市<em class=""vline""></em>10000人以上</p>"
204,数据分析师,蓝色时空企业管理,4-8K,"<p>广州 天河区 天河北<em class=""vline""></em>1-3年<em class=""vline""></em>大专</p>","<p>咨询<em class=""vline""></em>不需要融资<em class=""vline""></em>0-20人</p>"
205,数据分析师 数据产品经理,好莱客,13-18K,"<p>广州  <em class=""vline""></em>5-10年<em class=""vline""></em>本科</p>","<p>家具/家电/家居<em class=""vline""></em>已上市<em class=""vline""></em>1000-9999人</p>"
206,产品数据分析,名创优品,5-8K,"<p>广州 荔湾区 西关<em class=""vline""></em>经验不限<em class=""vline""></em>本科</p>","<p>其他行业<em class=""vline""></em>不需要融资<em class=""vline""></em>10000人以上</p>"
207,数据分析负责人,Fordeal,30-50K,"<p>广州 海珠区 客村<em class=""vline""></em>5-10年<em class=""vline""></em>本科</p>","<p>电子商务<em class=""vline""></em>C轮<em class=""vline""></em>500-999人</p>"
208,数据分析,宸量科技,4-7K,"<p>广州 黄埔区 <em class=""vline""></em>1-3年<em class=""vline""></em>大专</p>","<p>计算机软件<em class=""vline""></em>未融资<em class=""vline""></em>20-99人</p>"
209,数据分析,移网汇,6-10K,"<p>广州 黄埔区 科学城<em class=""vline""></em>1-3年<em class=""vline""></em>大专</p>","<p>移动互联网<em class=""vline""></em>未融资<em class=""vline""></em>20-99人</p>"
210,数据分析,知一数据,5-6K,"<p>广州 天河区 岑村<em class=""vline""></em>1-3年<em class=""vline""></em>大专</p>","<p>数据服务<em class=""vline""></em>不需要融资<em class=""vline""></em>20-99人</p>"
211,数据分析实习生,秒针系统,2-3K,"<p>广州 天河区 珠江新城<em class=""vline""></em>1年以内<em class=""vline""></em>本科</p>","<p>互联网<em class=""vline""></em>D轮及以上<em class=""vline""></em>1000-9999人</p>"
212,数据分析师,易莱信,7-10K,"<p>广州 越秀区 东风东<em class=""vline""></em>经验不限<em class=""vline""></em>本科</p>","<p>计算机软件<em class=""vline""></em>不需要融资<em class=""vline""></em>20-99人</p>"
213,数据分析工程师,易莱信,8-16K,"<p>广州 越秀区 东风东<em class=""vline""></em>1-3年<em class=""vline""></em>硕士</p>","<p>计算机软件<em class=""vline""></em>不需要融资<em class=""vline""></em>20-99人</p>"
214,数据分析员,德伦口腔,4-6K,"<p>广州 越秀区 东风<em class=""vline""></em>1年以内<em class=""vline""></em>大专</p>","<p>医疗健康<em class=""vline""></em>A轮<em class=""vline""></em>500-999人</p>"
215,微信数据分析师（广州）,腾讯,15-20K,"<p>广州 海珠区 赤岗<em class=""vline""></em>1-3年<em class=""vline""></em>本科</p>","<p>互联网<em class=""vline""></em>已上市<em class=""vline""></em>10000人以上</p>"
216,数据分析工程师,数字广东,15-30K,"<p>广州 天河区 猎德<em class=""vline""></em>5-10年<em class=""vline""></em>本科</p>","<p>计算机软件<em class=""vline""></em>未融资<em class=""vline""></em>1000-9999人</p>"
217,技术支持工程师（数据分析方向）,易莱信,6-8K·13薪,"<p>广州 越秀区 东风东<em class=""vline""></em>经验不限<em class=""vline""></em>本科</p>","<p>计算机软件<em class=""vline""></em>不需要融资<em class=""vline""></em>20-99人</p>"
218,中级数据分析,中科金审,12-24K,"<p>广州 越秀区 东风东<em class=""vline""></em>1-3年<em class=""vline""></em>本科</p>","<p>数据服务<em class=""vline""></em>B轮<em class=""vline""></em>100-499人</p>"
219,数据分析（挖掘）,中移互联网,10-20K,"<p>广州 天河区 岑村<em class=""vline""></em>3-5年<em class=""vline""></em>本科</p>","<p>移动互联网<em class=""vline""></em>不需要融资<em class=""vline""></em>1000-9999人</p>"
220,数据分析师,BIGO,15-30K,"<p>广州  <em class=""vline""></em>3-5年<em class=""vline""></em>本科</p>","<p>移动互联网<em class=""vline""></em>已上市<em class=""vline""></em>1000-9999人</p>"
221,商品数据分析,尚谷,6-10K,"<p>广州 番禺区 大石<em class=""vline""></em>3-5年<em class=""vline""></em>大专</p>","<p>服装/纺织/皮革<em class=""vline""></em>500-999人</p>"
222,商品数据分析,威尔逊时尚旅行用品,4-8K,"<p>广州 白云区 三元里<em class=""vline""></em>1-3年<em class=""vline""></em>大专</p>","<p>服装/纺织/皮革<em class=""vline""></em>不需要融资<em class=""vline""></em>20-99人</p>"
223,资深数据分析师,荔枝,16-30K,"<p>广州 天河区 棠下<em class=""vline""></em>5-10年<em class=""vline""></em>本科</p>","<p>移动互联网<em class=""vline""></em>D轮及以上<em class=""vline""></em>500-999人</p>"
224,广告数据分析专员,广州诺特软件开发...,3-5K,"<p>广州 越秀区 东风东<em class=""vline""></em>1年以内<em class=""vline""></em>本科</p>","<p>互联网<em class=""vline""></em>已上市<em class=""vline""></em>100-499人</p>"
225,数据分析工程师,中赢智数,7-14K,"<p>广州 越秀区 建设<em class=""vline""></em>3-5年<em class=""vline""></em>本科</p>","<p>数据服务<em class=""vline""></em>未融资<em class=""vline""></em>20-99人</p>"
226,数据分析师,中赢智数,3-6K,"<p>广州 天河区 林和<em class=""vline""></em>1-3年<em class=""vline""></em>本科</p>","<p>数据服务<em class=""vline""></em>未融资<em class=""vline""></em>20-99人</p>"
227,数据分析员,网达软件,6-8K,"<p>广州 天河区 珠江新城<em class=""vline""></em>1-3年<em class=""vline""></em>本科</p>","<p>计算机软件<em class=""vline""></em>已上市<em class=""vline""></em>1000-9999人</p>"
228,数据分析师,巴图鲁,7-10K,"<p>广州 海珠区 南洲<em class=""vline""></em>经验不限<em class=""vline""></em>本科</p>","<p>移动互联网<em class=""vline""></em>C轮<em class=""vline""></em>500-999人</p>"
229,数据分析员,微咨精博,4-6K,"<p>广州 番禺区 南村<em class=""vline""></em>1年以内<em class=""vline""></em>大专</p>","<p>咨询<em class=""vline""></em>未融资<em class=""vline""></em>20-99人</p>"
230,数据分析助理,微咨精博,4-6K,"<p>广州 番禺区 南村<em class=""vline""></em>1-3年<em class=""vline""></em>大专</p>","<p>咨询<em class=""vline""></em>未融资<em class=""vline""></em>20-99人</p>"
231,数据分析员,三头六臂,5-6K,"<p>广州 白云区 均禾<em class=""vline""></em>1-3年<em class=""vline""></em>大专</p>","<p>汽车生产<em class=""vline""></em>A轮<em class=""vline""></em>100-499人</p>"
232,规划专员（数据分析方向）,蓝月亮（中国）有限公司,5-7K,"<p>广州 黄埔区 大沙<em class=""vline""></em>经验不限<em class=""vline""></em>本科</p>","<p>生活服务<em class=""vline""></em>不需要融资<em class=""vline""></em>1000-9999人</p>"
233,数据分析专员,朵以,5-7K,"<p>广州 荔湾区 西村<em class=""vline""></em>1-3年<em class=""vline""></em>大专</p>","<p>贸易/进出口<em class=""vline""></em>不需要融资<em class=""vline""></em>10000人以上</p>"
234,数据分析主管,名创优品,6-8K,"<p>广州 荔湾区 西关<em class=""vline""></em>1-3年<em class=""vline""></em>大专</p>","<p>其他行业<em class=""vline""></em>不需要融资<em class=""vline""></em>10000人以上</p>"
235,商业数据分析,广州市陆骏贸易有...,10-20K,"<p>广州 越秀区 小北<em class=""vline""></em>3-5年<em class=""vline""></em>本科</p>","<p>建筑设计<em class=""vline""></em>未融资<em class=""vline""></em>20-99人</p>"
236,高级数据分析师,云算力网络科技,12-13K,"<p>广州 海珠区 江南大道<em class=""vline""></em>3-5年<em class=""vline""></em>本科</p>","<p>计算机软件<em class=""vline""></em>未融资<em class=""vline""></em>20-99人</p>"
237,产品经理（数据分析方向）,广州多融,15-20K,"<p>广州 天河区 猎德<em class=""vline""></em>3-5年<em class=""vline""></em>本科</p>","<p>互联网<em class=""vline""></em>未融资<em class=""vline""></em>100-499人</p>"
238,医保数据分析师（广州）,广东海虹,4-8K,"<p>广州 越秀区 沿江路<em class=""vline""></em>经验不限<em class=""vline""></em>大专</p>","<p>数据服务<em class=""vline""></em>不需要融资<em class=""vline""></em>100-499人</p>"
239,中级、高级数据分析师,合众投资,10-15K,"<p>广州 天河区 猎德<em class=""vline""></em>3-5年<em class=""vline""></em>本科</p>","<p>互联网<em class=""vline""></em>不需要融资<em class=""vline""></em>500-999人</p>"
240,数据分析培训生,新心金融,10-12K,"<p>广州 天河区 珠江新城<em class=""vline""></em>1年以内<em class=""vline""></em>硕士</p>","<p>互联网金融<em class=""vline""></em>B轮<em class=""vline""></em>100-499人</p>"
241,首席数据分析师,圣火科技,11-20K,"<p>广州 天河区 珠江新城<em class=""vline""></em>5-10年<em class=""vline""></em>本科</p>","<p>广告/公关/会展<em class=""vline""></em>已上市<em class=""vline""></em>100-499人</p>"
242,数据分析师,集鱼区块链,15-20K,"<p>广州 天河区 华景新城<em class=""vline""></em>3-5年<em class=""vline""></em>大专</p>","<p>互联网<em class=""vline""></em>20-99人</p>"
243,数据分析专员,亿昊,4-5K,"<p>广州 白云区 同德<em class=""vline""></em>1-3年<em class=""vline""></em>本科</p>","<p>电子商务<em class=""vline""></em>20-99人</p>"
244,合同数据分析管理专员,力通网络,6-8K,"<p>广州 天河区 龙口<em class=""vline""></em>1-3年<em class=""vline""></em>大专</p>","<p>互联网<em class=""vline""></em>不需要融资<em class=""vline""></em>100-499人</p>"
245,助理数据分析师,佰聆数据,6-9K,"<p>广州 黄埔区 科学城<em class=""vline""></em>1-3年<em class=""vline""></em>本科</p>","<p>数据服务<em class=""vline""></em>已上市<em class=""vline""></em>100-499人</p>"
246,数据分析师,蓝宝诺德,10-20K,"<p>广州 天河区 棠下<em class=""vline""></em>1年以内<em class=""vline""></em>本科</p>","<p>互联网金融<em class=""vline""></em>天使轮<em class=""vline""></em>0-20人</p>"
247,数据分析师,数说故事,10-20K,"<p>广州 天河区 猎德<em class=""vline""></em>3-5年<em class=""vline""></em>本科</p>","<p>互联网<em class=""vline""></em>B轮<em class=""vline""></em>100-499人</p>"
248,运维开发工程师（数据分析方向）,网易游戏,15-20K,"<p>广州 天河区 天河公园<em class=""vline""></em>1-3年<em class=""vline""></em>本科</p>","<p>游戏<em class=""vline""></em>已上市<em class=""vline""></em>10000人以上</p>"
249,数据分析师,北京尚德机构,7-12K,"<p>广州 黄埔区 科学城<em class=""vline""></em>经验不限<em class=""vline""></em>本科</p>","<p>在线教育<em class=""vline""></em>已上市<em class=""vline""></em>10000人以上</p>"
250,数据分析专员,尚凝集团,5-8K,"<p>广州 白云区 黄石<em class=""vline""></em>1-3年<em class=""vline""></em>大专</p>","<p>互联网<em class=""vline""></em>未融资<em class=""vline""></em>100-499人</p>"
251,数据分析员,广州银行卡,12-24K,"<p>广州 天河区 天河城<em class=""vline""></em>1-3年<em class=""vline""></em>本科</p>","<p>互联网金融<em class=""vline""></em>不需要融资<em class=""vline""></em>1000-9999人</p>"
252,数据分析师,信安数据,10-11K,"<p>广州 天河区 龙口<em class=""vline""></em>1-3年<em class=""vline""></em>本科</p>","<p>数据服务<em class=""vline""></em>A轮<em class=""vline""></em>20-99人</p>"
253,数据分析专员,涌智,6-7K,"<p>广州 天河区 天河北<em class=""vline""></em>1年以内<em class=""vline""></em>大专</p>","<p>互联网<em class=""vline""></em>D轮及以上<em class=""vline""></em>500-999人</p>"
254,数据分析师（Excel）,北京尚德机构,7-12K,"<p>广州 黄埔区 科学城<em class=""vline""></em>经验不限<em class=""vline""></em>本科</p>","<p>在线教育<em class=""vline""></em>已上市<em class=""vline""></em>10000人以上</p>"
255,数据分析员,德伦口腔,4-6K,"<p>广州 越秀区 东风<em class=""vline""></em>1-3年<em class=""vline""></em>大专</p>","<p>医疗健康<em class=""vline""></em>A轮<em class=""vline""></em>500-999人</p>"
256,数据分析师,柏视医疗,7-14K,"<p>广州 海珠区 滨江<em class=""vline""></em>1-3年<em class=""vline""></em>本科</p>","<p>医疗健康<em class=""vline""></em>A轮<em class=""vline""></em>20-99人</p>"
257,数据分析师,尚德机构,4-8K,"<p>广州 天河区 棠下<em class=""vline""></em>1-3年<em class=""vline""></em>本科</p>","<p>在线教育<em class=""vline""></em>已上市<em class=""vline""></em>10000人以上</p>"
258,数据分析师,恒大园林集团,10-15K,"<p>广州 天河区 珠江新城<em class=""vline""></em>3-5年<em class=""vline""></em>本科</p>","<p>工程施工<em class=""vline""></em>1000-9999人</p>"
259,数据分析工程师,广州心娱,10-15K,"<p>广州 天河区 棠下<em class=""vline""></em>3-5年<em class=""vline""></em>本科</p>","<p>互联网<em class=""vline""></em>A轮<em class=""vline""></em>100-499人</p>"
260,数据分析,时代大数据,5-10K,"<p>广州 天河区 体育中心<em class=""vline""></em>经验不限<em class=""vline""></em>本科</p>","<p>数据服务<em class=""vline""></em>A轮<em class=""vline""></em>100-499人</p>"
261,数据分析师,时代大数据,5-8K,"<p>广州 天河区 体育中心<em class=""vline""></em>经验不限<em class=""vline""></em>硕士</p>","<p>数据服务<em class=""vline""></em>A轮<em class=""vline""></em>100-499人</p>"
262,数据分析师,尚德机构,5-10K,"<p>广州 天河区 棠下<em class=""vline""></em>经验不限<em class=""vline""></em>大专</p>","<p>在线教育<em class=""vline""></em>已上市<em class=""vline""></em>10000人以上</p>"
263,资深数据分析师,唯品会,20-30K,"<p>广州 荔湾区 芳村<em class=""vline""></em>5-10年<em class=""vline""></em>本科</p>","<p>互联网<em class=""vline""></em>已上市<em class=""vline""></em>10000人以上</p>"
264,数据分析,香江集团,10-15K,"<p>广州  <em class=""vline""></em>3-5年<em class=""vline""></em>本科</p>","<p>房地产开发<em class=""vline""></em>1000-9999人</p>"
265,数据分析,谷城集团有限公司,4-6K,"<p>广州 白云区 永平<em class=""vline""></em>1-3年<em class=""vline""></em>大专</p>","<p>医疗健康<em class=""vline""></em>未融资<em class=""vline""></em>1000-9999人</p>"
266,数据分析师,尚德机构,6-9K,"<p>广州 天河区 棠下<em class=""vline""></em>1-3年<em class=""vline""></em>本科</p>","<p>在线教育<em class=""vline""></em>已上市<em class=""vline""></em>10000人以上</p>"
267,数据分析师,银汉游戏,10-16K,"<p>广州 天河区 天河公园<em class=""vline""></em>3-5年<em class=""vline""></em>本科</p>","<p>互联网<em class=""vline""></em>不需要融资<em class=""vline""></em>500-999人</p>"
268,数据分析经理,Esmartwave,15-25K,"<p>广州 天河区 员村<em class=""vline""></em>5-10年<em class=""vline""></em>本科</p>","<p>O2O<em class=""vline""></em>未融资<em class=""vline""></em>100-499人</p>"
269,电商数据分析师,广州浩坤,6-7K,"<p>广州 海珠区 客村<em class=""vline""></em>1-3年<em class=""vline""></em>本科</p>","<p>电子商务<em class=""vline""></em>0-20人</p>"
270,数据分析专员,广州时易中,6-10K,"<p>广州 荔湾区 西村<em class=""vline""></em>1-3年<em class=""vline""></em>学历不限</p>","<p>电子商务<em class=""vline""></em>不需要融资<em class=""vline""></em>100-499人</p>"
271,资深数据分析师,唯品会,15-30K,"<p>广州 荔湾区 芳村<em class=""vline""></em>5-10年<em class=""vline""></em>本科</p>","<p>互联网<em class=""vline""></em>已上市<em class=""vline""></em>10000人以上</p>"
272,数据分析师,网易游戏,15-30K,"<p>广州 天河区 天河公园<em class=""vline""></em>经验不限<em class=""vline""></em>本科</p>","<p>游戏<em class=""vline""></em>已上市<em class=""vline""></em>10000人以上</p>"
273,数据分析师,魔瘦电商,5-6K,"<p>广州 黄埔区 鱼珠<em class=""vline""></em>1-3年<em class=""vline""></em>大专</p>","<p>食品/饮料/烟酒<em class=""vline""></em>未融资<em class=""vline""></em>20-99人</p>"
274,数据分析师,恒企教育,8-16K,"<p>广州 白云区 白云大道<em class=""vline""></em>应届生<em class=""vline""></em>大专</p>","<p>在线教育<em class=""vline""></em>已上市<em class=""vline""></em>1000-9999人</p>"
275,数据分析经理,火石互动,12-15K,"<p>广州 番禺区 市桥<em class=""vline""></em>3-5年<em class=""vline""></em>本科</p>","<p>数据服务<em class=""vline""></em>未融资<em class=""vline""></em>100-499人</p>"
276,数据分析主管,顺兴物流,5-8K,"<p>广州 白云区 太和<em class=""vline""></em>1-3年<em class=""vline""></em>大专</p>","<p>交通/运输<em class=""vline""></em>不需要融资<em class=""vline""></em>20-99人</p>"
277,数据分析工程师,精点数据,4-8K,"<p>广州 天河区 龙口<em class=""vline""></em>1-3年<em class=""vline""></em>本科</p>","<p>计算机软件<em class=""vline""></em>已上市<em class=""vline""></em>100-499人</p>"
278,初级数据分析工程师,宜通世纪,3-6K,"<p>广州 天河区 天河公园<em class=""vline""></em>1年以内<em class=""vline""></em>大专</p>","<p>通信/网络设备<em class=""vline""></em>已上市<em class=""vline""></em>10000人以上</p>"
279,数据分析师,易幻网络efun,6-12K,"<p>广州 天河区 天河北<em class=""vline""></em>1年以内<em class=""vline""></em>本科</p>","<p>游戏<em class=""vline""></em>已上市<em class=""vline""></em>500-999人</p>"
280,数据分析师,酷狗音乐,10-15K,"<p>广州 天河区 棠下<em class=""vline""></em>3-5年<em class=""vline""></em>本科</p>","<p>互联网<em class=""vline""></em>已上市<em class=""vline""></em>1000-9999人</p>"
281,运营数据分析助理,宜通世纪,4-6K,"<p>广州 天河区 天河公园<em class=""vline""></em>1-3年<em class=""vline""></em>本科</p>","<p>通信/网络设备<em class=""vline""></em>已上市<em class=""vline""></em>10000人以上</p>"
282,资深数据分析专家（行业专家）-基础研发部,华通正泰,35-50K,"<p>广州 海珠区 新港<em class=""vline""></em>5-10年<em class=""vline""></em>本科</p>","<p>信息安全<em class=""vline""></em>已上市<em class=""vline""></em>500-999人</p>"
283,数据分析员（品质检验）,好莱客,5-6K,"<p>广州 黄埔区 南岗<em class=""vline""></em>1-3年<em class=""vline""></em>大专</p>","<p>家具/家电/家居<em class=""vline""></em>已上市<em class=""vline""></em>1000-9999人</p>"
284,数据分析师,欢聚时代,10-20K,"<p>广州 番禺区 钟村<em class=""vline""></em>3-5年<em class=""vline""></em>学历不限</p>","<p>移动互联网<em class=""vline""></em>已上市<em class=""vline""></em>1000-9999人</p>"
285,数据分析,广州美菜网,5-6K,"<p>广州 白云区 人和<em class=""vline""></em>1-3年<em class=""vline""></em>大专</p>","<p>移动互联网<em class=""vline""></em>D轮及以上<em class=""vline""></em>10000人以上</p>"
286,数据分析师（实习生优先）,图灵科技,3-5K,"<p>广州 越秀区 黄花岗<em class=""vline""></em>应届生<em class=""vline""></em>本科</p>","<p>数据服务<em class=""vline""></em>A轮<em class=""vline""></em>20-99人</p>"
287,数据分析师,中移互联网,10-20K,"<p>广州 天河区 岑村<em class=""vline""></em>3-5年<em class=""vline""></em>本科</p>","<p>移动互联网<em class=""vline""></em>不需要融资<em class=""vline""></em>1000-9999人</p>"
288,数据分析师,云锐网络科技,6-12K,"<p>广州 花都区 新华<em class=""vline""></em>1-3年<em class=""vline""></em>本科</p>","<p>移动互联网<em class=""vline""></em>天使轮<em class=""vline""></em>20-99人</p>"
289,数据分析师,广州创品,4-8K,"<p>广州 天河区 珠江新城<em class=""vline""></em>1-3年<em class=""vline""></em>本科</p>","<p>咨询<em class=""vline""></em>不需要融资<em class=""vline""></em>100-499人</p>"
290,数据分析员,锦兔皮具,4-8K,"<p>广州 白云区 嘉禾<em class=""vline""></em>3-5年<em class=""vline""></em>大专</p>","<p>物流/仓储<em class=""vline""></em>100-499人</p>"
291,数据分析工程师,指舞网络-互联网服务,7-11K,"<p>广州 天河区 五山<em class=""vline""></em>3-5年<em class=""vline""></em>大专</p>","<p>计算机软件<em class=""vline""></em>不需要融资<em class=""vline""></em>20-99人</p>"
292,Python 后端开发工程师及数据分析师,华楠科技,10-15K,"<p>广州 天河区 珠江新城<em class=""vline""></em>3-5年<em class=""vline""></em>本科</p>","<p>数据服务<em class=""vline""></em>0-20人</p>"
293,数据分析员,中科智云,4-6K,"<p>广州 黄埔区 科学城<em class=""vline""></em>经验不限<em class=""vline""></em>高中</p>","<p>计算机服务<em class=""vline""></em>未融资<em class=""vline""></em>20-99人</p>"
294,数据分析师,飞猪科技,7-14K,"<p>广州 天河区 珠江新城<em class=""vline""></em>1-3年<em class=""vline""></em>本科</p>","<p>互联网<em class=""vline""></em>未融资<em class=""vline""></em>20-99人</p>"
295,数据分析师,达森购物广场,5-10K,"<p>广州 南沙区 大岗<em class=""vline""></em>3-5年<em class=""vline""></em>本科</p>","<p>企业服务<em class=""vline""></em>未融资<em class=""vline""></em>100-499人</p>"
296,数据分析师,宏海咨询,3-4K,"<p>广州 天河区 龙口<em class=""vline""></em>1年以内<em class=""vline""></em>本科</p>","<p>企业服务<em class=""vline""></em>20-99人</p>"
297,区域体验运营专家-数据分析方向 J180118020,滴滴,5-10K,"<p>广州 越秀区 人民北<em class=""vline""></em>3-5年<em class=""vline""></em>本科</p>","<p>移动互联网<em class=""vline""></em>D轮及以上<em class=""vline""></em>1000-9999人</p>"
298,亚马逊运营,古声色,5-10K,"<p>广州 番禺区 大石<em class=""vline""></em>经验不限<em class=""vline""></em>学历不限</p>","<p>电子/半导体/集成电路<em class=""vline""></em>未融资<em class=""vline""></em>0-20人</p>"
299,BI数据开发工程师,尼莫鱼科技,20-40K,"<p>广州  <em class=""vline""></em>3-5年<em class=""vline""></em>本科</p>","<p>音乐/视频/阅读<em class=""vline""></em>不需要融资<em class=""vline""></em>100-499人</p>"
