,岗位名称,公司名称,薪资,岗位信息,公司信息
0,数据分析师,科沃斯机器人有限公司,10-20K,"<p>苏州 吴中区 越溪<em class=""vline""></em>3-5年<em class=""vline""></em>本科</p>","<p>其他行业<em class=""vline""></em>已上市<em class=""vline""></em>1000-9999人</p>"
1,数据分析,苏州爱拍文化产权交易,5-8K,"<p>苏州 虎丘区 狮山<em class=""vline""></em>1-3年<em class=""vline""></em>大专</p>","<p>租赁/拍卖/典当/担保<em class=""vline""></em>未融资<em class=""vline""></em>100-499人</p>"
2,资深数据分析师,苏州瑞鹏,12-20K·16薪,"<p>苏州 吴中区 独墅湖<em class=""vline""></em>1-3年<em class=""vline""></em>硕士</p>","<p>移动互联网<em class=""vline""></em>未融资<em class=""vline""></em>100-499人</p>"
3,数据分析专员,心流之光商业管理,4-6K,"<p>苏州 吴中区 木渎<em class=""vline""></em>1年以内<em class=""vline""></em>大专</p>","<p>企业服务<em class=""vline""></em>不需要融资<em class=""vline""></em>100-499人</p>"
4,高级数据分析师,大脑银行,8-12K,"<p>苏州 吴中区 木渎<em class=""vline""></em>3-5年<em class=""vline""></em>大专</p>","<p>企业服务<em class=""vline""></em>不需要融资<em class=""vline""></em>500-999人</p>"
5,数据分析师,花无缺,5-8K,"<p>苏州  <em class=""vline""></em>1-3年<em class=""vline""></em>本科</p>","<p>电子商务<em class=""vline""></em>未融资<em class=""vline""></em>100-499人</p>"
6,数据分析师,苏州瑞翼,10-15K,"<p>苏州 吴中区 独墅湖<em class=""vline""></em>3-5年<em class=""vline""></em>本科</p>","<p>互联网<em class=""vline""></em>不需要融资<em class=""vline""></em>100-499人</p>"
7,数据分析师,苏州爱拍文化产权交易,5-8K,"<p>苏州 虎丘区 狮山<em class=""vline""></em>1-3年<em class=""vline""></em>本科</p>","<p>租赁/拍卖/典当/担保<em class=""vline""></em>未融资<em class=""vline""></em>100-499人</p>"
8,数据分析师,江苏华莱士,15-20K,"<p>苏州 姑苏区 火车站<em class=""vline""></em>1-3年<em class=""vline""></em>本科</p>","<p>餐饮<em class=""vline""></em>1000-9999人</p>"
9,游戏数据分析师,玩友时代,5-10K,"<p>苏州 吴中区 娄葑<em class=""vline""></em>经验不限<em class=""vline""></em>本科</p>","<p>游戏<em class=""vline""></em>未融资<em class=""vline""></em>1000-9999人</p>"
10,数据分析师,通办服务,12-20K,"<p>苏州 姑苏区 火车站<em class=""vline""></em>3-5年<em class=""vline""></em>本科</p>","<p>计算机软件<em class=""vline""></em>未融资<em class=""vline""></em>20-99人</p>"
11,数据分析,众言网络,4-9K,"<p>苏州 吴中区 独墅湖<em class=""vline""></em>1-3年<em class=""vline""></em>本科</p>","<p>互联网<em class=""vline""></em>已上市<em class=""vline""></em>100-499人</p>"
12,数据分析师,苏州瑞翼,15-30K,"<p>苏州 吴中区 独墅湖<em class=""vline""></em>1-3年<em class=""vline""></em>本科</p>","<p>互联网<em class=""vline""></em>不需要融资<em class=""vline""></em>100-499人</p>"
13,数据分析师,智慧芽,15-23K,"<p>苏州 吴中区 独墅湖<em class=""vline""></em>1-3年<em class=""vline""></em>硕士</p>","<p>互联网<em class=""vline""></em>D轮及以上<em class=""vline""></em>500-999人</p>"
14,资深数据分析师,智慧芽,15-30K,"<p>苏州 吴中区 独墅湖<em class=""vline""></em>5-10年<em class=""vline""></em>本科</p>","<p>互联网<em class=""vline""></em>D轮及以上<em class=""vline""></em>500-999人</p>"
15,数据分析师,玩友时代,6-10K,"<p>苏州 吴中区 娄葑<em class=""vline""></em>1-3年<em class=""vline""></em>本科</p>","<p>游戏<em class=""vline""></em>未融资<em class=""vline""></em>1000-9999人</p>"
16,数据分析师,苏州美莱美容,6-10K,"<p>苏州 姑苏区 石路<em class=""vline""></em>3-5年<em class=""vline""></em>本科</p>","<p>医疗健康<em class=""vline""></em>不需要融资<em class=""vline""></em>100-499人</p>"
17,手游数据分析师,玩友时代,6-12K,"<p>苏州 吴中区 娄葑<em class=""vline""></em>经验不限<em class=""vline""></em>本科</p>","<p>游戏<em class=""vline""></em>未融资<em class=""vline""></em>1000-9999人</p>"
18,数据分析主管,美菜网,4-7K,"<p>苏州 姑苏区 石路<em class=""vline""></em>1-3年<em class=""vline""></em>大专</p>","<p>移动互联网<em class=""vline""></em>D轮及以上<em class=""vline""></em>10000人以上</p>"
19,数据分析师,苏州玩蜂,10-15K,"<p>苏州 吴中区 独墅湖<em class=""vline""></em>3-5年<em class=""vline""></em>本科</p>","<p>游戏<em class=""vline""></em>天使轮<em class=""vline""></em>100-499人</p>"
20,数据分析专员,苏州爱拍文化产权交易,5-6K,"<p>苏州 虎丘区 狮山<em class=""vline""></em>1-3年<em class=""vline""></em>本科</p>","<p>租赁/拍卖/典当/担保<em class=""vline""></em>未融资<em class=""vline""></em>100-499人</p>"
21,数据分析师,瑞小云,15-25K,"<p>苏州 吴中区 独墅湖<em class=""vline""></em>3-5年<em class=""vline""></em>本科</p>","<p>移动互联网<em class=""vline""></em>不需要融资<em class=""vline""></em>20-99人</p>"
22,数据分析师,玩蜂,12-21K·14薪,"<p>苏州 吴中区 独墅湖<em class=""vline""></em>1年以内<em class=""vline""></em>本科</p>","<p>游戏<em class=""vline""></em>100-499人</p>"
23,数据分析师,苏州瑞翼,20-40K,"<p>苏州 吴中区 独墅湖<em class=""vline""></em>3-5年<em class=""vline""></em>本科</p>","<p>互联网<em class=""vline""></em>不需要融资<em class=""vline""></em>100-499人</p>"
24,数据分析,51VISA,8-13K·13薪,"<p>苏州 吴中区 左岸商业街<em class=""vline""></em>1-3年<em class=""vline""></em>本科</p>","<p>互联网<em class=""vline""></em>20-99人</p>"
25,数据分析师,苏州瑞翼,12-20K,"<p>苏州 吴中区 独墅湖<em class=""vline""></em>3-5年<em class=""vline""></em>本科</p>","<p>互联网<em class=""vline""></em>不需要融资<em class=""vline""></em>100-499人</p>"
26,数据分析专员,苏州小棉袄信息技术,4-7K,"<p>苏州  <em class=""vline""></em>1-3年<em class=""vline""></em>本科</p>","<p>电子商务<em class=""vline""></em>已上市<em class=""vline""></em>100-499人</p>"
27,数据分析专家,饿了么,20-30K,"<p>苏州 吴中区 左岸商业街<em class=""vline""></em>3-5年<em class=""vline""></em>本科</p>","<p>O2O<em class=""vline""></em>不需要融资<em class=""vline""></em>10000人以上</p>"
28,数据分析师,五一互联,6-8K,"<p>苏州 吴中区 苏苑<em class=""vline""></em>1-3年<em class=""vline""></em>本科</p>","<p>电子商务<em class=""vline""></em>A轮<em class=""vline""></em>100-499人</p>"
29,游戏数据分析主管,玩友时代,20-35K,"<p>苏州 吴中区 娄葑<em class=""vline""></em>5-10年<em class=""vline""></em>本科</p>","<p>游戏<em class=""vline""></em>未融资<em class=""vline""></em>1000-9999人</p>"
30,数据分析师,苏州玩蜂软件科技公司,15-25K·14薪,"<p>苏州 吴中区 独墅湖<em class=""vline""></em>3-5年<em class=""vline""></em>大专</p>","<p>游戏<em class=""vline""></em>未融资<em class=""vline""></em>100-499人</p>"
31,数据分析,通办服务,8-15K,"<p>苏州 姑苏区 娄门<em class=""vline""></em>3-5年<em class=""vline""></em>大专</p>","<p>计算机软件<em class=""vline""></em>未融资<em class=""vline""></em>20-99人</p>"
32,研究员（数据分析部）,众言网络,4-9K,"<p>苏州  <em class=""vline""></em>经验不限<em class=""vline""></em>本科</p>","<p>互联网<em class=""vline""></em>已上市<em class=""vline""></em>100-499人</p>"
33,数据分析师,江苏华莱士,6-8K,"<p>苏州 姑苏区 火车站<em class=""vline""></em>3-5年<em class=""vline""></em>本科</p>","<p>餐饮<em class=""vline""></em>1000-9999人</p>"
34,数据分析师,振畅耘博智能科技,4-5K,"<p>苏州 相城区 太平<em class=""vline""></em>经验不限<em class=""vline""></em>大专</p>","<p>计算机软件<em class=""vline""></em>不需要融资<em class=""vline""></em>0-20人</p>"
35,数据分析专员,美佳电器销售,2-4K,"<p>苏州 相城区 元和<em class=""vline""></em>经验不限<em class=""vline""></em>大专</p>","<p>批发/零售<em class=""vline""></em>不需要融资<em class=""vline""></em>100-499人</p>"
36,女装品牌数据分析师,可赛尔服饰,6-9K,"<p>苏州  <em class=""vline""></em>1-3年<em class=""vline""></em>高中</p>","<p>服装/纺织/皮革<em class=""vline""></em>未融资<em class=""vline""></em>20-99人</p>"
37,运营数据分析专员,衣尚品,8-12K,"<p>苏州 昆山市 花桥<em class=""vline""></em>1年以内<em class=""vline""></em>本科</p>","<p>电子商务<em class=""vline""></em>20-99人</p>"
38,数据分析师,苏州畅微科技有限公司,8-12K,"<p>苏州 昆山市 花桥<em class=""vline""></em>1-3年<em class=""vline""></em>本科</p>","<p>移动互联网<em class=""vline""></em>20-99人</p>"
39,高级数据分析师,瑞小云,10-20K,"<p>苏州 吴中区 独墅湖<em class=""vline""></em>3-5年<em class=""vline""></em>本科</p>","<p>移动互联网<em class=""vline""></em>不需要融资<em class=""vline""></em>20-99人</p>"
40,商业数据分析师,玩蜂,15-30K,"<p>苏州 吴中区 独墅湖<em class=""vline""></em>5-10年<em class=""vline""></em>本科</p>","<p>游戏<em class=""vline""></em>100-499人</p>"
41,数据运营/数据分析师,瑞小云,15-20K,"<p>苏州 吴中区 独墅湖<em class=""vline""></em>3-5年<em class=""vline""></em>本科</p>","<p>移动互联网<em class=""vline""></em>不需要融资<em class=""vline""></em>20-99人</p>"
42,运营数据分析助理,衣尚品,4-6K,"<p>苏州 昆山市 花桥<em class=""vline""></em>经验不限<em class=""vline""></em>本科</p>","<p>电子商务<em class=""vline""></em>20-99人</p>"
43,数据分析师/网络推广数据分析,维多利亚,5-10K,"<p>苏州 吴中区 长桥<em class=""vline""></em>1-3年<em class=""vline""></em>本科</p>","<p>医疗/护理/卫生<em class=""vline""></em>不需要融资<em class=""vline""></em>20-99人</p>"
44,数据分析,美菜网,4-6K,"<p>苏州 虎丘区 狮山<em class=""vline""></em>1-3年<em class=""vline""></em>大专</p>","<p>移动互联网<em class=""vline""></em>D轮及以上<em class=""vline""></em>10000人以上</p>"
45,数据分析,天可电讯,4-6K,"<p>苏州  <em class=""vline""></em>经验不限<em class=""vline""></em>大专</p>","<p>通信/网络设备<em class=""vline""></em>已上市<em class=""vline""></em>100-499人</p>"
46,数据分析师,锦天地文化传播,3-7K,"<p>苏州 虎丘区 狮山<em class=""vline""></em>经验不限<em class=""vline""></em>高中</p>","<p>媒体<em class=""vline""></em>未融资<em class=""vline""></em>20-99人</p>"
47,数据分析师,锦天地文化传播,5-10K,"<p>苏州 虎丘区 狮山<em class=""vline""></em>3-5年<em class=""vline""></em>本科</p>","<p>媒体<em class=""vline""></em>未融资<em class=""vline""></em>20-99人</p>"
48,数据分析师,锦天地文化传播,8-13K,"<p>苏州 虎丘区 狮山<em class=""vline""></em>1-3年<em class=""vline""></em>大专</p>","<p>媒体<em class=""vline""></em>未融资<em class=""vline""></em>20-99人</p>"
49,数据分析师,同程艺龙,12-24K,"<p>苏州 吴中区 独墅湖<em class=""vline""></em>3-5年<em class=""vline""></em>本科</p>","<p>互联网<em class=""vline""></em>已上市<em class=""vline""></em>1000-9999人</p>"
50,高级数据分析师,同程艺龙,18-30K,"<p>苏州 吴中区 独墅湖<em class=""vline""></em>5-10年<em class=""vline""></em>本科</p>","<p>互联网<em class=""vline""></em>已上市<em class=""vline""></em>1000-9999人</p>"
51,商业数据分析师,同程艺龙,12-20K,"<p>苏州 吴中区 独墅湖<em class=""vline""></em>3-5年<em class=""vline""></em>本科</p>","<p>互联网<em class=""vline""></em>已上市<em class=""vline""></em>1000-9999人</p>"
52,数据分析师,昆山千金电子有限公司,8-10K,"<p>苏州 昆山市 玉山<em class=""vline""></em>1-3年<em class=""vline""></em>大专</p>","<p>贸易/进出口<em class=""vline""></em>未融资<em class=""vline""></em>20-99人</p>"
53,数据分析师,太虚信息,4-9K,"<p>苏州  <em class=""vline""></em>经验不限<em class=""vline""></em>本科</p>","<p>数据服务<em class=""vline""></em>天使轮<em class=""vline""></em>0-20人</p>"
54,数据分析实习生,微软中国,3-4K,"<p>苏州 吴中区 独墅湖<em class=""vline""></em>经验不限<em class=""vline""></em>本科</p>","<p>计算机软件<em class=""vline""></em>不需要融资<em class=""vline""></em>10000人以上</p>"
55,数据分析,同程艺龙,15-25K,"<p>苏州 吴中区 独墅湖<em class=""vline""></em>3-5年<em class=""vline""></em>本科</p>","<p>互联网<em class=""vline""></em>已上市<em class=""vline""></em>1000-9999人</p>"
56,数据分析主管,苏州工品汇,15-25K,"<p>苏州 吴中区 娄葑<em class=""vline""></em>5-10年<em class=""vline""></em>本科</p>","<p>电子商务<em class=""vline""></em>B轮<em class=""vline""></em>500-999人</p>"
57,数据分析师,苏州工品汇,10-15K,"<p>苏州 吴中区 娄葑<em class=""vline""></em>经验不限<em class=""vline""></em>本科</p>","<p>电子商务<em class=""vline""></em>B轮<em class=""vline""></em>500-999人</p>"
58,数据分析师,南讯传媒,7-9K,"<p>苏州 吴中区 独墅湖<em class=""vline""></em>3-5年<em class=""vline""></em>本科</p>","<p>移动互联网<em class=""vline""></em>未融资<em class=""vline""></em>100-499人</p>"
59,数据分析,利星行,8-10K,"<p>苏州  <em class=""vline""></em>1年以内<em class=""vline""></em>本科</p>","<p>机械设备/机电/重工<em class=""vline""></em>未融资<em class=""vline""></em>1000-9999人</p>"
60,数据分析师,江苏远大,10-12K,"<p>苏州  <em class=""vline""></em>1-3年<em class=""vline""></em>本科</p>","<p>计算机软件<em class=""vline""></em>已上市<em class=""vline""></em>100-499人</p>"
61,数据分析,瑞小云,10-15K,"<p>苏州 吴中区 独墅湖<em class=""vline""></em>1-3年<em class=""vline""></em>本科</p>","<p>移动互联网<em class=""vline""></em>不需要融资<em class=""vline""></em>20-99人</p>"
62,数据分析师,szmylike,8-12K,"<p>苏州 姑苏区 三香路<em class=""vline""></em>3-5年<em class=""vline""></em>本科</p>","<p>医疗健康<em class=""vline""></em>不需要融资<em class=""vline""></em>100-499人</p>"
63,商业数据分析,szmylike,5-8K,"<p>苏州 姑苏区 三香路<em class=""vline""></em>1-3年<em class=""vline""></em>本科</p>","<p>医疗健康<em class=""vline""></em>不需要融资<em class=""vline""></em>100-499人</p>"
64,数据分析,东吴黄金,4-5K,"<p>苏州 吴中区 青剑湖<em class=""vline""></em>1年以内<em class=""vline""></em>大专</p>","<p>其他行业<em class=""vline""></em>未融资<em class=""vline""></em>100-499人</p>"
65,信息数据分析师,苏州云磐,6-11K,"<p>苏州 吴中区 白塘<em class=""vline""></em>经验不限<em class=""vline""></em>大专</p>","<p>计算机软件<em class=""vline""></em>0-20人</p>"
66,数据分析研究员实习生,众言网络,1-3K,"<p>苏州 吴中区 独墅湖<em class=""vline""></em>应届生<em class=""vline""></em>本科</p>","<p>互联网<em class=""vline""></em>已上市<em class=""vline""></em>100-499人</p>"
67,数据分析,苏州高信资产,6-8K,"<p>苏州 姑苏区 桃花坞<em class=""vline""></em>3-5年<em class=""vline""></em>本科</p>","<p>互联网金融<em class=""vline""></em>已上市<em class=""vline""></em>1000-9999人</p>"
68,数据分析师,米梅高,4-6K,"<p>苏州 常熟市 常熟<em class=""vline""></em>1-3年<em class=""vline""></em>大专</p>","<p>批发/零售<em class=""vline""></em>未融资<em class=""vline""></em>20-99人</p>"
69,数据分析师,同程艺龙,8-12K,"<p>苏州 吴中区 独墅湖<em class=""vline""></em>1-3年<em class=""vline""></em>本科</p>","<p>互联网<em class=""vline""></em>已上市<em class=""vline""></em>1000-9999人</p>"
70,数据分析,众言网络,4-6K,"<p>苏州 吴中区 独墅湖<em class=""vline""></em>应届生<em class=""vline""></em>本科</p>","<p>互联网<em class=""vline""></em>已上市<em class=""vline""></em>100-499人</p>"
71,数据分析员,众言网络,4-6K,"<p>苏州 吴中区 独墅湖<em class=""vline""></em>应届生<em class=""vline""></em>本科</p>","<p>互联网<em class=""vline""></em>已上市<em class=""vline""></em>100-499人</p>"
72,数据分析员,众言网络,4-6K,"<p>苏州 吴中区 独墅湖<em class=""vline""></em>经验不限<em class=""vline""></em>本科</p>","<p>互联网<em class=""vline""></em>已上市<em class=""vline""></em>100-499人</p>"
73,小微金融数据分析师,盈天地,9-14K,"<p>苏州 吴中区 湖东<em class=""vline""></em>1-3年<em class=""vline""></em>本科</p>","<p>电子商务<em class=""vline""></em>未融资<em class=""vline""></em>100-499人</p>"
74,数据分析师,同程旅游,6-9K,"<p>苏州 吴中区 独墅湖<em class=""vline""></em>1年以内<em class=""vline""></em>大专</p>","<p>旅游<em class=""vline""></em>已上市<em class=""vline""></em>1000-9999人</p>"
75,数据分析师,九地投资,4-5K,"<p>苏州 吴中区 长桥<em class=""vline""></em>1年以内<em class=""vline""></em>大专</p>","<p>证券/期货<em class=""vline""></em>0-20人</p>"
76,数据分析师,同程艺龙,7-14K,"<p>苏州 吴中区 独墅湖<em class=""vline""></em>1-3年<em class=""vline""></em>本科</p>","<p>互联网<em class=""vline""></em>已上市<em class=""vline""></em>1000-9999人</p>"
77,数据分析师,百贝宝公司,5-10K,"<p>苏州 昆山市 花桥<em class=""vline""></em>3-5年<em class=""vline""></em>本科</p>","<p>电子商务<em class=""vline""></em>未融资<em class=""vline""></em>100-499人</p>"
78,数据分析员,美宜佳便利店,6-8K,"<p>苏州 吴中区 左岸商业街<em class=""vline""></em>1年以内<em class=""vline""></em>大专</p>","<p>生活服务<em class=""vline""></em>不需要融资<em class=""vline""></em>10000人以上</p>"
79,数据分析师,百贝宝公司,5-10K,"<p>苏州 昆山市 花桥<em class=""vline""></em>3-5年<em class=""vline""></em>本科</p>","<p>电子商务<em class=""vline""></em>未融资<em class=""vline""></em>100-499人</p>"
80,数据分析师,中咨城建,8-12K,"<p>苏州 吴中区 独墅湖<em class=""vline""></em>经验不限<em class=""vline""></em>本科</p>","<p>交通/运输<em class=""vline""></em>100-499人</p>"
81,实习商业数据分析,苏州优渥瑞,3-6K,"<p>苏州 虎丘区 狮山<em class=""vline""></em>应届生<em class=""vline""></em>本科</p>","<p>电子商务<em class=""vline""></em>0-20人</p>"
82,商业数据分析,丁香精品酒店,4-7K,"<p>苏州 姑苏区 观前街<em class=""vline""></em>3-5年<em class=""vline""></em>本科</p>","<p>旅游<em class=""vline""></em>未融资<em class=""vline""></em>0-20人</p>"
83,运营管培生,丝路互联,4-6K,"<p>苏州 姑苏区 苏锦<em class=""vline""></em>1年以内<em class=""vline""></em>大专</p>","<p>互联网<em class=""vline""></em>不需要融资<em class=""vline""></em>100-499人</p>"
84,亚马逊运营助理,丝路互联,3-5K,"<p>苏州 姑苏区 火车站<em class=""vline""></em>经验不限<em class=""vline""></em>学历不限</p>","<p>互联网<em class=""vline""></em>不需要融资<em class=""vline""></em>100-499人</p>"
85,外贸专员,丝路互联,4-8K,"<p>苏州 姑苏区 苏锦<em class=""vline""></em>经验不限<em class=""vline""></em>大专</p>","<p>互联网<em class=""vline""></em>不需要融资<em class=""vline""></em>100-499人</p>"
86,管培生,丝路互联,5-10K,"<p>苏州 姑苏区 火车站<em class=""vline""></em>经验不限<em class=""vline""></em>学历不限</p>","<p>互联网<em class=""vline""></em>不需要融资<em class=""vline""></em>100-499人</p>"
87,运营管培生,丝路互联,3-6K,"<p>苏州 姑苏区 火车站<em class=""vline""></em>经验不限<em class=""vline""></em>学历不限</p>","<p>互联网<em class=""vline""></em>不需要融资<em class=""vline""></em>100-499人</p>"
88,英语实习生,丝路互联,3-6K,"<p>苏州 姑苏区 火车站<em class=""vline""></em>经验不限<em class=""vline""></em>学历不限</p>","<p>互联网<em class=""vline""></em>不需要融资<em class=""vline""></em>100-499人</p>"
89,英语实习生,丝路互联,4-6K,"<p>苏州 姑苏区 火车站<em class=""vline""></em>经验不限<em class=""vline""></em>大专</p>","<p>互联网<em class=""vline""></em>不需要融资<em class=""vline""></em>100-499人</p>"
90,产品开发专员（亚马逊）,丝路互联,3-6K,"<p>苏州 姑苏区 火车站<em class=""vline""></em>经验不限<em class=""vline""></em>学历不限</p>","<p>互联网<em class=""vline""></em>不需要融资<em class=""vline""></em>100-499人</p>"
91,亚马逊运营专员,Aerlan,4-8K,"<p>苏州 吴中区 郭巷<em class=""vline""></em>经验不限<em class=""vline""></em>学历不限</p>","<p>电子商务<em class=""vline""></em>未融资<em class=""vline""></em>0-20人</p>"
92,亚马逊运营专员,丝路互联,3-6K,"<p>苏州 姑苏区 火车站<em class=""vline""></em>经验不限<em class=""vline""></em>学历不限</p>","<p>互联网<em class=""vline""></em>不需要融资<em class=""vline""></em>100-499人</p>"
93,实习生,丝路互联,4-6K,"<p>苏州 姑苏区 火车站<em class=""vline""></em>经验不限<em class=""vline""></em>大专</p>","<p>互联网<em class=""vline""></em>不需要融资<em class=""vline""></em>100-499人</p>"
94,行政文员/助理,云网通,3-5K,"<p>苏州 姑苏区 枫桥<em class=""vline""></em>1年以内<em class=""vline""></em>中专/中技</p>","<p>互联网<em class=""vline""></em>B轮<em class=""vline""></em>100-499人</p>"
95,客服助理,云网通,3-5K,"<p>苏州 姑苏区 西园<em class=""vline""></em>1年以内<em class=""vline""></em>大专</p>","<p>互联网<em class=""vline""></em>B轮<em class=""vline""></em>100-499人</p>"
96,数据运营专员,云网通,4-5K,"<p>苏州 姑苏区 枫桥<em class=""vline""></em>1年以内<em class=""vline""></em>大专</p>","<p>互联网<em class=""vline""></em>B轮<em class=""vline""></em>100-499人</p>"
97,店铺运营,苏州共田,7-12K·13薪,"<p>苏州  <em class=""vline""></em>1-3年<em class=""vline""></em>本科</p>","<p>电子商务<em class=""vline""></em>未融资<em class=""vline""></em>20-99人</p>"
98,行政专员/助理,碧桂园,5-8K,"<p>苏州 常熟市 常熟<em class=""vline""></em>1年以内<em class=""vline""></em>本科</p>","<p>房地产开发<em class=""vline""></em>已上市<em class=""vline""></em>10000人以上</p>"
99,总经理助理,三立方,7-12K,"<p>苏州 吴中区 独墅湖<em class=""vline""></em>经验不限<em class=""vline""></em>本科</p>","<p>计算机软件<em class=""vline""></em>A轮<em class=""vline""></em>20-99人</p>"
100,产品经理,悦腾装饰,20-30K,"<p>苏州 吴江区 吴江<em class=""vline""></em>1年以内<em class=""vline""></em>本科</p>","<p>工程施工<em class=""vline""></em>B轮<em class=""vline""></em>100-499人</p>"
101,亚马逊专员（美国站）,丝路互联,6-8K,"<p>苏州 姑苏区 苏锦<em class=""vline""></em>1年以内<em class=""vline""></em>大专</p>","<p>互联网<em class=""vline""></em>不需要融资<em class=""vline""></em>100-499人</p>"
102,图像处理工程师,LechenTek,10-14K,"<p>苏州  <em class=""vline""></em>1年以内<em class=""vline""></em>本科</p>","<p>通信/网络设备<em class=""vline""></em>未融资<em class=""vline""></em>20-99人</p>"
103,电商运营专员,江苏诺翔,4-8K,"<p>苏州 相城区 元和<em class=""vline""></em>经验不限<em class=""vline""></em>大专</p>","<p>运营商/增值服务<em class=""vline""></em>不需要融资<em class=""vline""></em>20-99人</p>"
104,选品专员,伊索文化传播,5-8K,"<p>苏州 吴中区 湖东<em class=""vline""></em>1年以内<em class=""vline""></em>高中</p>","<p>生活服务<em class=""vline""></em>未融资<em class=""vline""></em>100-499人</p>"
105,采购经理,Jst,5-7K,"<p>苏州 昆山市 玉山<em class=""vline""></em>1-3年<em class=""vline""></em>中专/中技</p>","<p>贸易/进出口<em class=""vline""></em>不需要融资<em class=""vline""></em>0-20人</p>"
106,微信运营,钉来了,5-10K,"<p>苏州 吴中区 李公堤<em class=""vline""></em>1-3年<em class=""vline""></em>本科</p>","<p>企业服务<em class=""vline""></em>未融资<em class=""vline""></em>100-499人</p>"
107,电商运营经理,药师帮,6-10K,"<p>苏州 昆山市 玉山<em class=""vline""></em>1-3年<em class=""vline""></em>本科</p>","<p>互联网<em class=""vline""></em>D轮及以上<em class=""vline""></em>1000-9999人</p>"
108,数据运营,今锦上食品,6-7K,"<p>苏州 昆山市 玉山<em class=""vline""></em>1年以内<em class=""vline""></em>本科</p>","<p>食品/饮料/烟酒<em class=""vline""></em>A轮<em class=""vline""></em>100-499人</p>"
109,亚马逊助理,丝路互联,4-8K,"<p>苏州 姑苏区 苏锦<em class=""vline""></em>1年以内<em class=""vline""></em>大专</p>","<p>互联网<em class=""vline""></em>不需要融资<em class=""vline""></em>100-499人</p>"
110,高薪诚聘阿里运营,域途户外,4-6K,"<p>苏州 昆山市 千灯<em class=""vline""></em>1年以内<em class=""vline""></em>中专/中技</p>","<p>文化/体育/娱乐<em class=""vline""></em>不需要融资<em class=""vline""></em>20-99人</p>"
111,电商运营,上海鹜瀚,4-6K,"<p>苏州 昆山市 花桥<em class=""vline""></em>经验不限<em class=""vline""></em>大专</p>","<p>电子商务<em class=""vline""></em>0-20人</p>"
112,直通车推广,传禧,5-10K,"<p>苏州 吴中区 青剑湖<em class=""vline""></em>1-3年<em class=""vline""></em>大专</p>","<p>电子商务<em class=""vline""></em>不需要融资<em class=""vline""></em>20-99人</p>"
113,amazon运营,宕舜贸易,6-12K,"<p>苏州 昆山市 花桥<em class=""vline""></em>经验不限<em class=""vline""></em>本科</p>","<p>贸易/进出口<em class=""vline""></em>0-20人</p>"
114,电商运营,优益生物,5-10K,"<p>苏州 吴中区 太湖新城<em class=""vline""></em>1-3年<em class=""vline""></em>大专</p>","<p>医疗健康<em class=""vline""></em>不需要融资<em class=""vline""></em>20-99人</p>"
115,直通车推广,瑞明科技,5-10K,"<p>苏州 吴中区 青剑湖<em class=""vline""></em>1年以内<em class=""vline""></em>大专</p>","<p>电子商务<em class=""vline""></em>不需要融资<em class=""vline""></em>20-99人</p>"
116,活动策划,孩子王,3-4K,"<p>苏州 相城区 元和<em class=""vline""></em>1年以内<em class=""vline""></em>本科</p>","<p>互联网<em class=""vline""></em>C轮<em class=""vline""></em>10000人以上</p>"
117,策划经理,门道广告,6-12K,"<p>苏州 吴中区 东环<em class=""vline""></em>1年以内<em class=""vline""></em>本科</p>","<p>广告营销<em class=""vline""></em>不需要融资<em class=""vline""></em>20-99人</p>"
118,京东自营运营经理,欢享商贸,6-11K,"<p>苏州 吴中区 独墅湖<em class=""vline""></em>经验不限<em class=""vline""></em>本科</p>","<p>电子商务<em class=""vline""></em>不需要融资<em class=""vline""></em>20-99人</p>"
119,产品运营,上海鹜瀚,4-6K,"<p>苏州 昆山市 花桥<em class=""vline""></em>1-3年<em class=""vline""></em>大专</p>","<p>电子商务<em class=""vline""></em>0-20人</p>"
120,电商推广,香识,5-8K,"<p>苏州 虎丘区 浒墅关<em class=""vline""></em>1-3年<em class=""vline""></em>学历不限</p>","<p>电子商务<em class=""vline""></em>20-99人</p>"
121,战略咨询师,崛起品牌营销,30-40K,"<p>苏州 姑苏区 西园<em class=""vline""></em>5-10年<em class=""vline""></em>硕士</p>","<p>广告营销<em class=""vline""></em>不需要融资<em class=""vline""></em>20-99人</p>"
122,电商运营经理,优益生物,5-10K,"<p>苏州 吴中区 太湖新城<em class=""vline""></em>3-5年<em class=""vline""></em>大专</p>","<p>医疗健康<em class=""vline""></em>不需要融资<em class=""vline""></em>20-99人</p>"
123,广告雕刻师傅,恒盛广告,5-10K,"<p>苏州 姑苏区 枫桥<em class=""vline""></em>3-5年<em class=""vline""></em>本科</p>","<p>广告/公关/会展<em class=""vline""></em>未融资<em class=""vline""></em>0-20人</p>"
124,拼多多运营,井龙玉台茶,10-20K,"<p>苏州 吴中区 木渎<em class=""vline""></em>1年以内<em class=""vline""></em>本科</p>","<p>电子商务<em class=""vline""></em>不需要融资<em class=""vline""></em>0-20人</p>"
125,运营专员,江苏途客网络科技,5-6K,"<p>苏州 吴中区 左岸商业街<em class=""vline""></em>经验不限<em class=""vline""></em>高中</p>","<p>其他行业<em class=""vline""></em>不需要融资<em class=""vline""></em>20-99人</p>"
126,品类招商营运管理,张家港曼巴特购物...,4-7K,"<p>苏州  <em class=""vline""></em>1-3年<em class=""vline""></em>大专</p>","<p>生活服务<em class=""vline""></em>1000-9999人</p>"
127,运营助理,巴客纺织,4-8K,"<p>苏州  <em class=""vline""></em>1-3年<em class=""vline""></em>学历不限</p>","<p>电子商务<em class=""vline""></em>未融资<em class=""vline""></em>20-99人</p>"
128,运营助理,清心湖电子商务,3-5K,"<p>苏州 吴中区 娄葑<em class=""vline""></em>经验不限<em class=""vline""></em>大专</p>","<p>电子商务<em class=""vline""></em>天使轮<em class=""vline""></em>20-99人</p>"
129,市场主管,拇指教育,8-15K,"<p>苏州 昆山市 玉山<em class=""vline""></em>3-5年<em class=""vline""></em>大专</p>","<p>在线教育<em class=""vline""></em>20-99人</p>"
130,淘宝运营,臻易拍,8-13K,"<p>苏州 姑苏区 南门<em class=""vline""></em>经验不限<em class=""vline""></em>学历不限</p>","<p>电子商务<em class=""vline""></em>未融资<em class=""vline""></em>0-20人</p>"
131,电商运营,香识,6-10K,"<p>苏州 虎丘区 浒墅关<em class=""vline""></em>1-3年<em class=""vline""></em>大专</p>","<p>电子商务<em class=""vline""></em>20-99人</p>"
132,产品运营,苏州奥凯高分子材...,7-12K,"<p>苏州 虎丘区 阳山<em class=""vline""></em>1年以内<em class=""vline""></em>本科</p>","<p>原材料及加工/模具<em class=""vline""></em>不需要融资<em class=""vline""></em>100-499人</p>"
133,淘宝运营,域途户外,4-6K,"<p>苏州 昆山市 千灯<em class=""vline""></em>1年以内<em class=""vline""></em>大专</p>","<p>文化/体育/娱乐<em class=""vline""></em>不需要融资<em class=""vline""></em>20-99人</p>"
134,电商运营,苏州罗伯克,5-10K,"<p>苏州 相城区 元和<em class=""vline""></em>1-3年<em class=""vline""></em>学历不限</p>","<p>互联网<em class=""vline""></em>0-20人</p>"
135,外贸业务员,贝司德,4-9K,"<p>苏州 张家港市 <em class=""vline""></em>经验不限<em class=""vline""></em>大专</p>","<p>机械设备/机电/重工<em class=""vline""></em>未融资<em class=""vline""></em>20-99人</p>"
136,网站运营,酷信网络,5-8K,"<p>苏州 昆山市 玉山<em class=""vline""></em>3-5年<em class=""vline""></em>大专</p>","<p>人力资源服务<em class=""vline""></em>未融资<em class=""vline""></em>20-99人</p>"
137,财务助理/专员,甲骨文纺织,4-5K,"<p>苏州 吴江区 盛泽<em class=""vline""></em>1年以内<em class=""vline""></em>本科</p>","<p>服装/纺织/皮革<em class=""vline""></em>未融资<em class=""vline""></em>100-499人</p>"
138,跨境电商运营专员,忆苏颜婚礼用品,3-8K,"<p>苏州 吴中区 长桥<em class=""vline""></em>经验不限<em class=""vline""></em>本科</p>","<p>电子商务<em class=""vline""></em>不需要融资<em class=""vline""></em>20-99人</p>"
139,亚马逊运营,忆苏颜婚礼用品,5-10K,"<p>苏州 吴中区 长桥<em class=""vline""></em>经验不限<em class=""vline""></em>本科</p>","<p>电子商务<em class=""vline""></em>不需要融资<em class=""vline""></em>20-99人</p>"
140,电商售后客服,莱克电气股份有限公司,3-5K,"<p>苏州 虎丘区 狮山<em class=""vline""></em>1年以内<em class=""vline""></em>大专</p>","<p>其他行业<em class=""vline""></em>已上市<em class=""vline""></em>1000-9999人</p>"
141,技术总监,小城大爱,15-20K,"<p>苏州 姑苏区 石路<em class=""vline""></em>1-3年<em class=""vline""></em>本科</p>","<p>互联网<em class=""vline""></em>100-499人</p>"
142,销售助理,菲速,4-7K,"<p>苏州 昆山市 玉山<em class=""vline""></em>经验不限<em class=""vline""></em>大专</p>","<p>其他专业服务<em class=""vline""></em>未融资<em class=""vline""></em>20-99人</p>"
143,商务渠道,贝业新兄弟物流,15-20K,"<p>苏州 吴中区 胥口<em class=""vline""></em>5-10年<em class=""vline""></em>本科</p>","<p>物流/仓储<em class=""vline""></em>未融资<em class=""vline""></em>100-499人</p>"
144,运营助理,易淘电商,4-5K,"<p>苏州 吴中区 木渎<em class=""vline""></em>应届生<em class=""vline""></em>大专</p>","<p>互联网<em class=""vline""></em>不需要融资<em class=""vline""></em>100-499人</p>"
145,可视化产品经理,无限愿景,6-12K,"<p>苏州  <em class=""vline""></em>1-3年<em class=""vline""></em>本科</p>","<p>数据服务<em class=""vline""></em>未融资<em class=""vline""></em>20-99人</p>"
146,数据研究员（MSP项目）,奥深调研,5-8K,"<p>苏州 姑苏区 石路<em class=""vline""></em>1年以内<em class=""vline""></em>本科</p>","<p>咨询<em class=""vline""></em>未融资<em class=""vline""></em>0-20人</p>"
147,电商运营助理,易淘电商,4-5K,"<p>苏州 吴中区 木渎<em class=""vline""></em>应届生<em class=""vline""></em>大专</p>","<p>互联网<em class=""vline""></em>不需要融资<em class=""vline""></em>100-499人</p>"
148,电商运营,企优托,4-5K,"<p>苏州 虎丘区 浒墅关<em class=""vline""></em>1年以内<em class=""vline""></em>本科</p>","<p>移动互联网<em class=""vline""></em>天使轮<em class=""vline""></em>500-999人</p>"
149,房产自媒体编辑,小胖看房,8-13K,"<p>苏州 吴中区 独墅湖<em class=""vline""></em>3-5年<em class=""vline""></em>本科</p>","<p>移动互联网<em class=""vline""></em>不需要融资<em class=""vline""></em>20-99人</p>"
150,数据运营,力合连拓,4-7K,"<p>苏州 昆山市 玉山<em class=""vline""></em>1-3年<em class=""vline""></em>本科</p>","<p>电子商务<em class=""vline""></em>未融资<em class=""vline""></em>0-20人</p>"
151,网店客服,康钛厨具,3-4K,"<p>苏州 相城区 黄埭<em class=""vline""></em>1年以内<em class=""vline""></em>大专</p>","<p>生活服务<em class=""vline""></em>未融资<em class=""vline""></em>20-99人</p>"
152,算法工程师,正载信息,10-20K,"<p>苏州 吴中区 娄葑<em class=""vline""></em>1-3年<em class=""vline""></em>本科</p>","<p>计算机软件<em class=""vline""></em>不需要融资<em class=""vline""></em>20-99人</p>"
153,德语客服,花无缺,5-8K,"<p>苏州  <em class=""vline""></em>1-3年<em class=""vline""></em>本科</p>","<p>电子商务<em class=""vline""></em>未融资<em class=""vline""></em>100-499人</p>"
154,淘宝运营,苏州九星,8-12K,"<p>苏州 相城区 元和<em class=""vline""></em>3-5年<em class=""vline""></em>大专</p>","<p>贸易/进出口<em class=""vline""></em>不需要融资<em class=""vline""></em>20-99人</p>"
155,销售运营,瑞孚恒标,4-6K,"<p>苏州 吴中区 左岸商业街<em class=""vline""></em>1-3年<em class=""vline""></em>本科</p>","<p>石油/石化<em class=""vline""></em>不需要融资<em class=""vline""></em>0-20人</p>"
156,运营助理/专员,美奥口腔,4-7K,"<p>苏州 姑苏区 三香路<em class=""vline""></em>经验不限<em class=""vline""></em>本科</p>","<p>医疗健康<em class=""vline""></em>不需要融资<em class=""vline""></em>100-499人</p>"
157,市场研展专员,苏州同策房地产,5-10K,"<p>苏州 吴中区 独墅湖<em class=""vline""></em>1-3年<em class=""vline""></em>本科</p>","<p>地产经纪/中介<em class=""vline""></em>未融资<em class=""vline""></em>500-999人</p>"
158,日语运营,花无缺,7-12K,"<p>苏州  <em class=""vline""></em>3-5年<em class=""vline""></em>大专</p>","<p>电子商务<em class=""vline""></em>未融资<em class=""vline""></em>100-499人</p>"
159,外贸SEO,花无缺,10-15K,"<p>苏州 吴中区 独墅湖<em class=""vline""></em>5-10年<em class=""vline""></em>本科</p>","<p>电子商务<em class=""vline""></em>未融资<em class=""vline""></em>100-499人</p>"
160,销售顾问,新康众,4-6K,"<p>苏州 常熟市 常熟<em class=""vline""></em>经验不限<em class=""vline""></em>大专</p>","<p>新零售<em class=""vline""></em>D轮及以上<em class=""vline""></em>1000-9999人</p>"
161,无机分析技术员,锦诚检测科技,4-6K,"<p>苏州 姑苏区 西园<em class=""vline""></em>经验不限<em class=""vline""></em>大专</p>","<p>检测/认证<em class=""vline""></em>未融资<em class=""vline""></em>20-99人</p>"
162,电商运营,星脉网络科技,5-10K,"<p>苏州  <em class=""vline""></em>1年以内<em class=""vline""></em>本科</p>","<p>互联网<em class=""vline""></em>天使轮<em class=""vline""></em>0-20人</p>"
163,诚聘天猫经理,凯诗风尚,12-20K,"<p>苏州 吴中区 娄葑<em class=""vline""></em>3-5年<em class=""vline""></em>大专</p>","<p>电子商务<em class=""vline""></em>已上市<em class=""vline""></em>20-99人</p>"
164,产品运营,新联众汇,4-8K,"<p>苏州 吴中区 独墅湖<em class=""vline""></em>1-3年<em class=""vline""></em>本科</p>","<p>O2O<em class=""vline""></em>天使轮<em class=""vline""></em>20-99人</p>"
165,电商运营,苏州爬山虎,5-10K,"<p>苏州 姑苏区 西园<em class=""vline""></em>1-3年<em class=""vline""></em>大专</p>","<p>电子商务<em class=""vline""></em>未融资<em class=""vline""></em>0-20人</p>"
166,电商运营,大城小镇家具,20-30K,"<p>苏州 相城区 元和<em class=""vline""></em>5-10年<em class=""vline""></em>本科</p>","<p>互联网<em class=""vline""></em>未融资<em class=""vline""></em>0-20人</p>"
167,数据算法工程师,智慧芽,10-20K,"<p>苏州 吴中区 独墅湖<em class=""vline""></em>经验不限<em class=""vline""></em>本科</p>","<p>互联网<em class=""vline""></em>D轮及以上<em class=""vline""></em>500-999人</p>"
168,竞价专员,王森集团,4-8K,"<p>苏州  <em class=""vline""></em>1-3年<em class=""vline""></em>大专</p>","<p>互联网<em class=""vline""></em>天使轮<em class=""vline""></em>500-999人</p>"
169,市场专员,一起教育科技,7-10K,"<p>苏州 吴中区 独墅湖<em class=""vline""></em>1年以内<em class=""vline""></em>本科</p>","<p>互联网<em class=""vline""></em>D轮及以上<em class=""vline""></em>1000-9999人</p>"
170,机器人研发工程师,西门子研究院,10-15K,"<p>苏州 吴中区 独墅湖<em class=""vline""></em>3-5年<em class=""vline""></em>硕士</p>","<p>计算机软件<em class=""vline""></em>已上市<em class=""vline""></em>10000人以上</p>"
171,电商运营,卡林森,5-10K,"<p>苏州  <em class=""vline""></em>1-3年<em class=""vline""></em>大专</p>","<p>家具/家电/家居<em class=""vline""></em>不需要融资<em class=""vline""></em>20-99人</p>"
172,产品经理,锦天地文化传播,4-9K,"<p>苏州 虎丘区 狮山<em class=""vline""></em>1年以内<em class=""vline""></em>本科</p>","<p>媒体<em class=""vline""></em>未融资<em class=""vline""></em>20-99人</p>"
173,油品总监,优玖信息科技,11-20K·13薪,"<p>苏州 吴中区 木渎<em class=""vline""></em>5-10年<em class=""vline""></em>大专</p>","<p>互联网<em class=""vline""></em>B轮<em class=""vline""></em>100-499人</p>"
174,机器人研发工程师,西门子研究院,10-15K,"<p>苏州 吴中区 独墅湖<em class=""vline""></em>3-5年<em class=""vline""></em>硕士</p>","<p>计算机软件<em class=""vline""></em>已上市<em class=""vline""></em>10000人以上</p>"
175,京东运营,金峰俊杰,6-8K,"<p>苏州 吴中区 湖东<em class=""vline""></em>3-5年<em class=""vline""></em>大专</p>","<p>电子商务<em class=""vline""></em>未融资<em class=""vline""></em>0-20人</p>"
176,天猫店长,SOCUS尚客仕,6-7K,"<p>苏州 姑苏区 观前街<em class=""vline""></em>1年以内<em class=""vline""></em>大专</p>","<p>企业服务<em class=""vline""></em>未融资<em class=""vline""></em>0-20人</p>"
177,电商运营,金峰俊杰,6-8K,"<p>苏州 吴中区 湖东<em class=""vline""></em>3-5年<em class=""vline""></em>大专</p>","<p>电子商务<em class=""vline""></em>未融资<em class=""vline""></em>0-20人</p>"
178,产品实习生,魔门塔科技,5-8K,"<p>苏州  <em class=""vline""></em>1年以内<em class=""vline""></em>本科</p>","<p>计算机软件<em class=""vline""></em>B轮<em class=""vline""></em>500-999人</p>"
179,产品经理,卓塔工具,8-12K,"<p>苏州 吴中区 青剑湖<em class=""vline""></em>3-5年<em class=""vline""></em>本科</p>","<p>贸易/进出口<em class=""vline""></em>未融资<em class=""vline""></em>0-20人</p>"
180,电商运营,大城小镇家具,8-13K,"<p>苏州 相城区 元和<em class=""vline""></em>5-10年<em class=""vline""></em>大专</p>","<p>互联网<em class=""vline""></em>未融资<em class=""vline""></em>0-20人</p>"
181,产品营销策划,群鹰影视,10-15K,"<p>苏州 相城区 元和<em class=""vline""></em>5-10年<em class=""vline""></em>本科</p>","<p>媒体<em class=""vline""></em>未融资<em class=""vline""></em>20-99人</p>"
182,App产品经理,科沃斯机器人有限公司,10-15K,"<p>苏州 吴中区 越溪<em class=""vline""></em>5-10年<em class=""vline""></em>本科</p>","<p>其他行业<em class=""vline""></em>已上市<em class=""vline""></em>1000-9999人</p>"
183,商家运营助理,益路文化,3-4K,"<p>苏州 昆山市 周庄<em class=""vline""></em>应届生<em class=""vline""></em>大专</p>","<p>旅游<em class=""vline""></em>未融资<em class=""vline""></em>0-20人</p>"
184,运营助理,华车,2-3K,"<p>苏州  <em class=""vline""></em>经验不限<em class=""vline""></em>本科</p>","<p>电子商务<em class=""vline""></em>未融资<em class=""vline""></em>20-99人</p>"
185,运营经理/主管,慕摄影,8-9K,"<p>苏州 姑苏区 盘门<em class=""vline""></em>3-5年<em class=""vline""></em>本科</p>","<p>互联网<em class=""vline""></em>未融资<em class=""vline""></em>20-99人</p>"
186,网络推广,慕摄影,4-6K,"<p>苏州 姑苏区 景德路沿线<em class=""vline""></em>1年以内<em class=""vline""></em>本科</p>","<p>互联网<em class=""vline""></em>未融资<em class=""vline""></em>20-99人</p>"
187,淘宝客服,苏州鑫尚汇商贸,3-5K,"<p>苏州 吴中区 <em class=""vline""></em>经验不限<em class=""vline""></em>学历不限</p>","<p>电子商务<em class=""vline""></em>不需要融资<em class=""vline""></em>0-20人</p>"
188,数据运营,锦天地文化传播,5-10K,"<p>苏州 虎丘区 狮山<em class=""vline""></em>1-3年<em class=""vline""></em>本科</p>","<p>媒体<em class=""vline""></em>未融资<em class=""vline""></em>20-99人</p>"
189,摄像师,锦天地文化传播,7-11K,"<p>苏州 虎丘区 狮山<em class=""vline""></em>1-3年<em class=""vline""></em>本科</p>","<p>媒体<em class=""vline""></em>未融资<em class=""vline""></em>20-99人</p>"
190,品牌策划,锦天地文化传播,8-12K,"<p>苏州 虎丘区 狮山<em class=""vline""></em>1-3年<em class=""vline""></em>本科</p>","<p>媒体<em class=""vline""></em>未融资<em class=""vline""></em>20-99人</p>"
191,品牌策划,锦天地文化传播,4-9K,"<p>苏州 虎丘区 狮山<em class=""vline""></em>1年以内<em class=""vline""></em>本科</p>","<p>媒体<em class=""vline""></em>未融资<em class=""vline""></em>20-99人</p>"
192,平面设计师,锦天地文化传播,5-7K,"<p>苏州 虎丘区 狮山<em class=""vline""></em>1年以内<em class=""vline""></em>本科</p>","<p>媒体<em class=""vline""></em>未融资<em class=""vline""></em>20-99人</p>"
193,策划助理,锦天地文化传播,5-8K,"<p>苏州 姑苏区 拙政园<em class=""vline""></em>1年以内<em class=""vline""></em>本科</p>","<p>媒体<em class=""vline""></em>未融资<em class=""vline""></em>20-99人</p>"
194,内容运营,锦天地文化传播,5-8K,"<p>苏州 虎丘区 狮山<em class=""vline""></em>1-3年<em class=""vline""></em>本科</p>","<p>媒体<em class=""vline""></em>未融资<em class=""vline""></em>20-99人</p>"
195,抖音运营,锦天地文化传播,5-8K,"<p>苏州 姑苏区 拙政园<em class=""vline""></em>经验不限<em class=""vline""></em>高中</p>","<p>媒体<em class=""vline""></em>未融资<em class=""vline""></em>20-99人</p>"
196,新媒体运营,锦天地文化传播,4-9K,"<p>苏州 姑苏区 拙政园<em class=""vline""></em>1年以内<em class=""vline""></em>学历不限</p>","<p>媒体<em class=""vline""></em>未融资<em class=""vline""></em>20-99人</p>"
197,咨询助理,苏州闻政,5-7K,"<p>苏州 吴中区 独墅湖<em class=""vline""></em>1年以内<em class=""vline""></em>本科</p>","<p>咨询<em class=""vline""></em>100-499人</p>"
198,电商运营,羊子珠宝,10-20K,"<p>苏州  <em class=""vline""></em>5-10年<em class=""vline""></em>大专</p>","<p>电子商务<em class=""vline""></em>未融资<em class=""vline""></em>0-20人</p>"
199,在线英语课程产品经理,途课外语,10-15K,"<p>苏州  <em class=""vline""></em>1年以内<em class=""vline""></em>本科</p>","<p>培训机构<em class=""vline""></em>不需要融资<em class=""vline""></em>20-99人</p>"
200,抖音创意策划,锦天地文化传播,5-8K,"<p>苏州 姑苏区 拙政园<em class=""vline""></em>经验不限<em class=""vline""></em>学历不限</p>","<p>媒体<em class=""vline""></em>未融资<em class=""vline""></em>20-99人</p>"
201,阿里店铺电商运营,觉世行,4-8K,"<p>苏州 吴中区 木渎<em class=""vline""></em>1-3年<em class=""vline""></em>大专</p>","<p>互联网<em class=""vline""></em>未融资<em class=""vline""></em>20-99人</p>"
202,创业合伙人,锦天地文化传播,10-15K,"<p>苏州 虎丘区 狮山<em class=""vline""></em>5-10年<em class=""vline""></em>本科</p>","<p>媒体<em class=""vline""></em>未融资<em class=""vline""></em>20-99人</p>"
203,电商运营专员,百佳惠瑞丰,4-6K,"<p>苏州 昆山市 玉山<em class=""vline""></em>1-3年<em class=""vline""></em>大专</p>","<p>医疗健康<em class=""vline""></em>未融资<em class=""vline""></em>1000-9999人</p>"
204,直通车专员,苏州图威,4-5K,"<p>苏州 常熟市 常熟<em class=""vline""></em>1年以内<em class=""vline""></em>本科</p>","<p>电子商务<em class=""vline""></em>不需要融资<em class=""vline""></em>0-20人</p>"
205,国际站运营,企优托科技集团,5-10K,"<p>苏州 吴中区 木渎<em class=""vline""></em>1年以内<em class=""vline""></em>学历不限</p>","<p>电子商务<em class=""vline""></em>不需要融资<em class=""vline""></em>500-999人</p>"
206,微信运营助理,奇天大胜,2-4K,"<p>苏州 相城区 元和<em class=""vline""></em>1年以内<em class=""vline""></em>大专</p>","<p>移动互联网<em class=""vline""></em>未融资<em class=""vline""></em>20-99人</p>"
207,淘宝运营,轩昂办公,4-8K,"<p>苏州 相城区 元和<em class=""vline""></em>1-3年<em class=""vline""></em>学历不限</p>","<p>电子商务<em class=""vline""></em>0-20人</p>"
208,网络推广,尊尚,6-10K,"<p>苏州 相城区 元和<em class=""vline""></em>1-3年<em class=""vline""></em>本科</p>","<p>电子商务<em class=""vline""></em>未融资<em class=""vline""></em>0-20人</p>"
209,淘宝运营,轩昂办公,15-20K,"<p>苏州 相城区 元和<em class=""vline""></em>1-3年<em class=""vline""></em>学历不限</p>","<p>电子商务<em class=""vline""></em>0-20人</p>"
210,产品经理助理（需求分析）,久道,5-10K,"<p>苏州  <em class=""vline""></em>1年以内<em class=""vline""></em>本科</p>","<p>计算机软件<em class=""vline""></em>未融资<em class=""vline""></em>0-20人</p>"
211,电子商务，网店运营,贝瑞特,4-8K,"<p>苏州 吴中区 城南<em class=""vline""></em>1年以内<em class=""vline""></em>大专</p>","<p>人力资源服务<em class=""vline""></em>100-499人</p>"
212,数信运营,万科物业,3-5K,"<p>苏州  <em class=""vline""></em>经验不限<em class=""vline""></em>本科</p>","<p>工程施工<em class=""vline""></em>不需要融资<em class=""vline""></em>10000人以上</p>"
213,网站运营,卡奇通,4-8K,"<p>苏州 吴中区 木渎<em class=""vline""></em>经验不限<em class=""vline""></em>学历不限</p>","<p>企业服务<em class=""vline""></em>未融资<em class=""vline""></em>20-99人</p>"
214,二恶英实验室分析,江苏国测,5-8K,"<p>苏州 昆山市 玉山<em class=""vline""></em>1-3年<em class=""vline""></em>本科</p>","<p>其他行业<em class=""vline""></em>100-499人</p>"
215,电商运营,绣裳花,4-5K,"<p>苏州 虎丘区 镇湖<em class=""vline""></em>1年以内<em class=""vline""></em>大专</p>","<p>服装/纺织/皮革<em class=""vline""></em>0-20人</p>"
216,财务,坎伯通,4-9K,"<p>苏州 昆山市 千灯<em class=""vline""></em>1年以内<em class=""vline""></em>高中</p>","<p>电子商务<em class=""vline""></em>0-20人</p>"
217,网络推广,瑞赛科,4-6K,"<p>苏州 吴江区 吴江<em class=""vline""></em>1-3年<em class=""vline""></em>大专</p>","<p>印刷/包装/造纸<em class=""vline""></em>100-499人</p>"
218,运营主管,坎伯通,6-11K,"<p>苏州  <em class=""vline""></em>1-3年<em class=""vline""></em>大专</p>","<p>电子商务<em class=""vline""></em>0-20人</p>"
219,策划经理,江苏教育服务,7-8K,"<p>苏州 吴中区 独墅湖<em class=""vline""></em>1年以内<em class=""vline""></em>本科</p>","<p>在线教育<em class=""vline""></em>已上市<em class=""vline""></em>100-499人</p>"
220,资深店长 意大利设计师女装品牌,深圳麦娇奴服饰,7-12K,"<p>苏州 姑苏区 观前街<em class=""vline""></em>3-5年<em class=""vline""></em>高中</p>","<p>其他行业<em class=""vline""></em>不需要融资<em class=""vline""></em>100-499人</p>"
221,新媒体运营,云川影视,5-6K,"<p>苏州 吴中区 长桥<em class=""vline""></em>3-5年<em class=""vline""></em>本科</p>","<p>广播/影视<em class=""vline""></em>未融资<em class=""vline""></em>0-20人</p>"
222,网络推广,乖乖虎网络,3-8K,"<p>苏州  <em class=""vline""></em>1-3年<em class=""vline""></em>大专</p>","<p>移动互联网<em class=""vline""></em>未融资<em class=""vline""></em>0-20人</p>"
223,产品运营,顺治,6-10K,"<p>苏州 吴中区 娄葑<em class=""vline""></em>1-3年<em class=""vline""></em>本科</p>","<p>移动互联网<em class=""vline""></em>未融资<em class=""vline""></em>20-99人</p>"
224,亚马逊运营,箴全健身,4-8K,"<p>苏州 吴中区 独墅湖<em class=""vline""></em>1年以内<em class=""vline""></em>大专</p>","<p>电子商务<em class=""vline""></em>未融资<em class=""vline""></em>100-499人</p>"
225,电商运营,明清阁家具有限公司,10-20K,"<p>苏州 相城区 元和<em class=""vline""></em>3-5年<em class=""vline""></em>学历不限</p>","<p>电子商务<em class=""vline""></em>不需要融资<em class=""vline""></em>100-499人</p>"
226,淘宝运营,佳人有约服饰有限公司,5-10K,"<p>苏州  <em class=""vline""></em>1年以内<em class=""vline""></em>大专</p>","<p>电子商务<em class=""vline""></em>未融资<em class=""vline""></em>20-99人</p>"
227,今日头条优化师,紫博蓝,4-9K,"<p>苏州 姑苏区 三香路<em class=""vline""></em>1年以内<em class=""vline""></em>本科</p>","<p>互联网<em class=""vline""></em>不需要融资<em class=""vline""></em>100-499人</p>"
228,信息流优化师,紫博蓝,4-9K,"<p>苏州 姑苏区 三香路<em class=""vline""></em>1年以内<em class=""vline""></em>本科</p>","<p>互联网<em class=""vline""></em>不需要融资<em class=""vline""></em>100-499人</p>"
229,企策划专员,孢子管理,6-8K,"<p>苏州  <em class=""vline""></em>1-3年<em class=""vline""></em>大专</p>","<p>其他专业服务<em class=""vline""></em>不需要融资<em class=""vline""></em>20-99人</p>"
230,运营助理,苏州企优托公司,3-4K,"<p>苏州 吴中区 木渎<em class=""vline""></em>应届生<em class=""vline""></em>大专</p>","<p>互联网<em class=""vline""></em>B轮<em class=""vline""></em>100-499人</p>"
231,网店运营,苏州企优托公司,5-8K,"<p>苏州 吴中区 木渎<em class=""vline""></em>1年以内<em class=""vline""></em>大专</p>","<p>互联网<em class=""vline""></em>B轮<em class=""vline""></em>100-499人</p>"
232,电商运营,苏州企优托,3-6K,"<p>苏州 吴中区 木渎<em class=""vline""></em>1年以内<em class=""vline""></em>大专</p>","<p>移动互联网<em class=""vline""></em>不需要融资<em class=""vline""></em>500-999人</p>"
233,电商运营经理,邻邻团,15-20K,"<p>苏州 吴中区 娄葑<em class=""vline""></em>3-5年<em class=""vline""></em>大专</p>","<p>电子商务<em class=""vline""></em>B轮<em class=""vline""></em>500-999人</p>"
234,数据运营,花生好车,6-8K,"<p>苏州 吴中区 苏苑<em class=""vline""></em>3-5年<em class=""vline""></em>本科</p>","<p>互联网<em class=""vline""></em>B轮<em class=""vline""></em>1000-9999人</p>"
235,电商运营,宜玥家具,5-10K,"<p>苏州 相城区 元和<em class=""vline""></em>1年以内<em class=""vline""></em>中专/中技</p>","<p>电子商务<em class=""vline""></em>0-20人</p>"
236,阿里网店运营店长,苏州企优托公司,5-9K,"<p>苏州 吴中区 木渎<em class=""vline""></em>经验不限<em class=""vline""></em>大专</p>","<p>互联网<em class=""vline""></em>B轮<em class=""vline""></em>100-499人</p>"
237,淘宝运营 阿里巴巴运营,企优托,4-8K,"<p>苏州 吴中区 木渎<em class=""vline""></em>应届生<em class=""vline""></em>大专</p>","<p>移动互联网<em class=""vline""></em>天使轮<em class=""vline""></em>500-999人</p>"
238,天猫运营,慕恩家具,8-16K,"<p>苏州 相城区 元和<em class=""vline""></em>1-3年<em class=""vline""></em>大专</p>","<p>家具/家电/家居<em class=""vline""></em>未融资<em class=""vline""></em>20-99人</p>"
239,阿里运营专员,商企飞科技,4-8K,"<p>苏州 吴中区 木渎<em class=""vline""></em>3-5年<em class=""vline""></em>学历不限</p>","<p>电子商务<em class=""vline""></em>未融资<em class=""vline""></em>20-99人</p>"
240,电商运营,澳泰医美,5-10K,"<p>苏州 相城区 元和<em class=""vline""></em>1年以内<em class=""vline""></em>大专</p>","<p>医疗设备/器械<em class=""vline""></em>20-99人</p>"
241,品类运营,永辉云创,7-14K,"<p>苏州 姑苏区 南门<em class=""vline""></em>经验不限<em class=""vline""></em>大专</p>","<p>生活服务<em class=""vline""></em>已上市<em class=""vline""></em>10000人以上</p>"
242,阿里巴巴拼多多网店运营,常熟九鼎,5-10K,"<p>苏州  <em class=""vline""></em>3-5年<em class=""vline""></em>学历不限</p>","<p>印刷/包装/造纸<em class=""vline""></em>20-99人</p>"
243,淘宝天猫运营,老司机汽车改装,5-10K,"<p>苏州 吴中区 独墅湖<em class=""vline""></em>3-5年<em class=""vline""></em>学历不限</p>","<p>汽车零部件<em class=""vline""></em>不需要融资<em class=""vline""></em>0-20人</p>"
244,运营总监,大显国际设计,10-15K,"<p>苏州 姑苏区 景德路沿线<em class=""vline""></em>经验不限<em class=""vline""></em>学历不限</p>","<p>企业服务<em class=""vline""></em>未融资<em class=""vline""></em>100-499人</p>"
245,新媒体运营,塑品优学,4-6K,"<p>苏州 姑苏区 十全街<em class=""vline""></em>经验不限<em class=""vline""></em>大专</p>","<p>在线教育<em class=""vline""></em>0-20人</p>"
246,网络推广总监,创饰美,10-11K,"<p>苏州 吴中区 横泾<em class=""vline""></em>3-5年<em class=""vline""></em>本科</p>","<p>广告/公关/会展<em class=""vline""></em>未融资<em class=""vline""></em>20-99人</p>"
247,文员,兆民信息,4-6K,"<p>苏州 吴中区 苏苑<em class=""vline""></em>1-3年<em class=""vline""></em>大专</p>","<p>信息安全<em class=""vline""></em>20-99人</p>"
248,质量工程师,凯格汽配,5-6K,"<p>苏州 太仓市 <em class=""vline""></em>1年以内<em class=""vline""></em>本科</p>","<p>汽车零部件<em class=""vline""></em>不需要融资<em class=""vline""></em>20-99人</p>"
249,信号处理工程师,特军装备,5-10K,"<p>苏州 常熟市 常熟<em class=""vline""></em>经验不限<em class=""vline""></em>学历不限</p>","<p>互联网<em class=""vline""></em>未融资<em class=""vline""></em>0-20人</p>"
250,电商运营,壹蔓形象设计,4-6K,"<p>苏州 吴中区 湖东<em class=""vline""></em>1年以内<em class=""vline""></em>本科</p>","<p>服装/纺织/皮革<em class=""vline""></em>不需要融资<em class=""vline""></em>20-99人</p>"
251,后端开发,百码科技,12-24K,"<p>苏州 吴中区 独墅湖<em class=""vline""></em>1-3年<em class=""vline""></em>大专</p>","<p>互联网<em class=""vline""></em>未融资<em class=""vline""></em>20-99人</p>"
252,运营经理,苏州闻道,10-20K,"<p>苏州 吴中区 湖东<em class=""vline""></em>3-5年<em class=""vline""></em>本科</p>","<p>互联网<em class=""vline""></em>不需要融资<em class=""vline""></em>100-499人</p>"
253,APP开发软件工程师,特军装备,5-10K,"<p>苏州 常熟市 常熟<em class=""vline""></em>经验不限<em class=""vline""></em>学历不限</p>","<p>互联网<em class=""vline""></em>未融资<em class=""vline""></em>0-20人</p>"
254,外贸专员,苏州鑫利通,5-8K,"<p>苏州 相城区 阳澄湖<em class=""vline""></em>3-5年<em class=""vline""></em>本科</p>","<p>原材料及加工/模具<em class=""vline""></em>20-99人</p>"
255,民宿运营,沃礼乡酒店管理,3-5K,"<p>苏州 姑苏区 火车站<em class=""vline""></em>1年以内<em class=""vline""></em>大专</p>","<p>酒店<em class=""vline""></em>0-20人</p>"
256,货运代理经理,富泰隆供应链,8-15K,"<p>苏州 吴中区 东沙湖<em class=""vline""></em>5-10年<em class=""vline""></em>大专</p>","<p>物流/仓储<em class=""vline""></em>未融资<em class=""vline""></em>100-499人</p>"
257,网店运营,洋葱之恋,15-30K,"<p>苏州 相城区 渭塘<em class=""vline""></em>1年以内<em class=""vline""></em>学历不限</p>","<p>电子商务<em class=""vline""></em>0-20人</p>"
258,EPM,苏州美盈森环保科...,5-8K,"<p>苏州 吴江区 松陵<em class=""vline""></em>经验不限<em class=""vline""></em>大专</p>","<p>印刷/包装/造纸<em class=""vline""></em>已上市<em class=""vline""></em>500-999人</p>"
259,电商运营,赞先纺织,3-5K,"<p>苏州 吴江区 盛泽<em class=""vline""></em>1年以内<em class=""vline""></em>本科</p>","<p>服装/纺织/皮革<em class=""vline""></em>0-20人</p>"
260,店铺运营推广,招兴机电,3-5K,"<p>苏州  <em class=""vline""></em>1-3年<em class=""vline""></em>本科</p>","<p>批发/零售<em class=""vline""></em>0-20人</p>"
261,网店运营,威爵家具,7-10K,"<p>苏州 相城区 元和<em class=""vline""></em>1-3年<em class=""vline""></em>高中</p>","<p>家具/家电/家居<em class=""vline""></em>0-20人</p>"
262,数据运营,苏州颜氏,6-12K,"<p>苏州 相城区 元和<em class=""vline""></em>1-3年<em class=""vline""></em>学历不限</p>","<p>电子商务<em class=""vline""></em>0-20人</p>"
263,文案,壹号果仓,3-4K,"<p>苏州 相城区 渭塘<em class=""vline""></em>经验不限<em class=""vline""></em>大专</p>","<p>O2O<em class=""vline""></em>A轮<em class=""vline""></em>100-499人</p>"
264,网络推广,派菲克,4-8K,"<p>苏州 姑苏区 拙政园<em class=""vline""></em>1-3年<em class=""vline""></em>大专</p>","<p>广告/公关/会展<em class=""vline""></em>不需要融资<em class=""vline""></em>0-20人</p>"
265,微信社群运营专员,壹号果仓,4-6K,"<p>苏州 相城区 渭塘<em class=""vline""></em>1年以内<em class=""vline""></em>大专</p>","<p>O2O<em class=""vline""></em>A轮<em class=""vline""></em>100-499人</p>"
266,网站运营,壹号果仓,4-6K,"<p>苏州 相城区 渭塘<em class=""vline""></em>1-3年<em class=""vline""></em>大专</p>","<p>O2O<em class=""vline""></em>A轮<em class=""vline""></em>100-499人</p>"
267,百度竞价专员,三七二一网络互联,5-6K,"<p>苏州 吴中区 青剑湖<em class=""vline""></em>1年以内<em class=""vline""></em>本科</p>","<p>互联网<em class=""vline""></em>未融资<em class=""vline""></em>0-20人</p>"
268,网站运营,三七二一网络互联,10-11K,"<p>苏州 吴中区 青剑湖<em class=""vline""></em>1-3年<em class=""vline""></em>本科</p>","<p>互联网<em class=""vline""></em>未融资<em class=""vline""></em>0-20人</p>"
269,网络推广,苏州暖阳洋电子科技,4-8K,"<p>苏州 吴中区 青剑湖<em class=""vline""></em>经验不限<em class=""vline""></em>大专</p>","<p>工程施工<em class=""vline""></em>未融资<em class=""vline""></em>20-99人</p>"
270,商家运营,绚睿广告,9-10K,"<p>苏州 昆山市 花桥<em class=""vline""></em>1-3年<em class=""vline""></em>本科</p>","<p>广告营销<em class=""vline""></em>0-20人</p>"
271,网络推广,康仁工程科技,4-6K,"<p>苏州  <em class=""vline""></em>1年以内<em class=""vline""></em>大专</p>","<p>工程施工<em class=""vline""></em>未融资<em class=""vline""></em>0-20人</p>"
272,大数据工程师,海赛,10-20K,"<p>苏州 吴中区 独墅湖<em class=""vline""></em>3-5年<em class=""vline""></em>本科</p>","<p>计算机软件<em class=""vline""></em>天使轮<em class=""vline""></em>20-99人</p>"
273,产品运营,乔杉咨询,4-6K,"<p>苏州 相城区 元和<em class=""vline""></em>1年以内<em class=""vline""></em>高中</p>","<p>互联网金融<em class=""vline""></em>未融资<em class=""vline""></em>100-499人</p>"
274,推荐产品经理,同程艺龙,12-24K,"<p>苏州 吴中区 独墅湖<em class=""vline""></em>3-5年<em class=""vline""></em>本科</p>","<p>互联网<em class=""vline""></em>已上市<em class=""vline""></em>1000-9999人</p>"
275,电商运营,苏州暖阳洋电子科技,4-7K,"<p>苏州 吴中区 青剑湖<em class=""vline""></em>1-3年<em class=""vline""></em>大专</p>","<p>工程施工<em class=""vline""></em>未融资<em class=""vline""></em>20-99人</p>"
276,电商运营,迅淘电商,6-7K,"<p>苏州 昆山市 千灯<em class=""vline""></em>1-3年<em class=""vline""></em>学历不限</p>","<p>电子商务<em class=""vline""></em>未融资<em class=""vline""></em>0-20人</p>"
277,客户代表,君银投顾苏州分公司,6-10K,"<p>苏州 姑苏区 石路<em class=""vline""></em>1年以内<em class=""vline""></em>大专</p>","<p>互联网金融<em class=""vline""></em>不需要融资<em class=""vline""></em>100-499人</p>"
278,客户经理,君银投顾苏州分公司,6-10K,"<p>苏州 姑苏区 石路<em class=""vline""></em>经验不限<em class=""vline""></em>大专</p>","<p>互联网金融<em class=""vline""></em>不需要融资<em class=""vline""></em>100-499人</p>"
279,电商运营,企优托集团,4-8K,"<p>苏州  <em class=""vline""></em>1年以内<em class=""vline""></em>大专</p>","<p>电子商务<em class=""vline""></em>不需要融资<em class=""vline""></em>500-999人</p>"
280,客服经理,大纛金服,10-15K,"<p>苏州 吴江区 松陵<em class=""vline""></em>1年以内<em class=""vline""></em>大专</p>","<p>互联网金融<em class=""vline""></em>未融资<em class=""vline""></em>100-499人</p>"
281,游戏制作人,飞龙良子动漫,10-20K,"<p>苏州 吴中区 苏苑<em class=""vline""></em>3-5年<em class=""vline""></em>本科</p>","<p>广播/影视<em class=""vline""></em>100-499人</p>"
282,淘宝、天猫、唯品会运营,荣忠纺织,4-8K,"<p>苏州 常熟市 常熟<em class=""vline""></em>1-3年<em class=""vline""></em>大专</p>","<p>服装/纺织/皮革<em class=""vline""></em>20-99人</p>"
283,淘宝/天猫运营,迅淘电商,6-7K,"<p>苏州 昆山市 千灯<em class=""vline""></em>1-3年<em class=""vline""></em>学历不限</p>","<p>电子商务<em class=""vline""></em>未融资<em class=""vline""></em>0-20人</p>"
284,微信运营,苏州华墨展览有限公司,5-9K,"<p>苏州 吴中区 娄门<em class=""vline""></em>1-3年<em class=""vline""></em>学历不限</p>","<p>其他服务业<em class=""vline""></em>未融资<em class=""vline""></em>100-499人</p>"
285,阿里运营,企优托集团,4-8K,"<p>苏州 吴中区 木渎<em class=""vline""></em>1年以内<em class=""vline""></em>大专</p>","<p>电子商务<em class=""vline""></em>不需要融资<em class=""vline""></em>500-999人</p>"
286,网络推广,冉熙咨询,4-8K,"<p>苏州 虎丘区 狮山<em class=""vline""></em>1-3年<em class=""vline""></em>大专</p>","<p>投资/融资<em class=""vline""></em>不需要融资<em class=""vline""></em>20-99人</p>"
287,淘宝运营,企优托集团,4-8K,"<p>苏州 吴中区 木渎<em class=""vline""></em>应届生<em class=""vline""></em>大专</p>","<p>电子商务<em class=""vline""></em>不需要融资<em class=""vline""></em>500-999人</p>"
288,淘宝运营,企优托集团,4-8K,"<p>苏州 吴中区 木渎<em class=""vline""></em>1年以内<em class=""vline""></em>大专</p>","<p>电子商务<em class=""vline""></em>不需要融资<em class=""vline""></em>500-999人</p>"
289,用户运营,苏州马上科技,8-10K,"<p>苏州 吴中区 越溪<em class=""vline""></em>3-5年<em class=""vline""></em>本科</p>","<p>移动互联网<em class=""vline""></em>天使轮<em class=""vline""></em>100-499人</p>"
290,阿里运营,企优托集团,4-8K,"<p>苏州 吴中区 木渎<em class=""vline""></em>应届生<em class=""vline""></em>大专</p>","<p>电子商务<em class=""vline""></em>不需要融资<em class=""vline""></em>500-999人</p>"
291,阿里巴巴运营店长,企优托集团,4-8K,"<p>苏州 吴中区 木渎<em class=""vline""></em>1年以内<em class=""vline""></em>大专</p>","<p>电子商务<em class=""vline""></em>不需要融资<em class=""vline""></em>500-999人</p>"
292,SEO,领军足球,4-7K,"<p>苏州 吴中区 东环<em class=""vline""></em>1-3年<em class=""vline""></em>本科</p>","<p>在线教育<em class=""vline""></em>未融资<em class=""vline""></em>0-20人</p>"
293,电商运营主管,暹罗猫,10-15K,"<p>苏州 吴中区 独墅湖<em class=""vline""></em>1-3年<em class=""vline""></em>大专</p>","<p>电子商务<em class=""vline""></em>未融资<em class=""vline""></em>20-99人</p>"
294,跟单文员/客服,统业物流,3-4K,"<p>苏州 相城区 黄埭<em class=""vline""></em>1-3年<em class=""vline""></em>中专/中技</p>","<p>物流/仓储<em class=""vline""></em>未融资<em class=""vline""></em>100-499人</p>"
295,ae客户执行,丘麟信息科技,4-6K,"<p>苏州 吴中区 湖东<em class=""vline""></em>1年以内<em class=""vline""></em>大专</p>","<p>广告营销<em class=""vline""></em>不需要融资<em class=""vline""></em>20-99人</p>"
296,网站运营,上海一卓服饰有限...,2-3K,"<p>苏州 吴江区 汾湖<em class=""vline""></em>5-10年<em class=""vline""></em>学历不限</p>","<p>企业服务<em class=""vline""></em>未融资<em class=""vline""></em>20-99人</p>"
297,客服经理,卓成科技,4-8K,"<p>苏州 张家港市 城北<em class=""vline""></em>1年以内<em class=""vline""></em>本科</p>","<p>广告营销<em class=""vline""></em>不需要融资<em class=""vline""></em>20-99人</p>"
298,淘宝运营,泰佰兴,3-4K,"<p>苏州 吴中区 苏苑<em class=""vline""></em>1-3年<em class=""vline""></em>学历不限</p>","<p>服装/纺织/皮革<em class=""vline""></em>未融资<em class=""vline""></em>20-99人</p>"
299,网络推广,墅安电梯,4-8K,"<p>苏州 昆山市 花桥<em class=""vline""></em>经验不限<em class=""vline""></em>大专</p>","<p>机械设备/机电/重工<em class=""vline""></em>0-20人</p>"
