,岗位名称,公司名称,薪资,岗位信息,公司信息
0,数据分析助理,福建恒安集团有限...,4-7K,"<p>厦门 湖里区 五缘湾<em class=""vline""></em>1年以内<em class=""vline""></em>本科</p>","<p>食品/饮料/烟酒<em class=""vline""></em>已上市<em class=""vline""></em>10000人以上</p>"
1,数据分析师,易联众,13-18K,"<p>厦门 思明区 软件园<em class=""vline""></em>1-3年<em class=""vline""></em>本科</p>","<p>计算机软件<em class=""vline""></em>已上市<em class=""vline""></em>1000-9999人</p>"
2,数据分析,大学无疆,4-8K,"<p>厦门 湖里区 塘边<em class=""vline""></em>经验不限<em class=""vline""></em>学历不限</p>","<p>互联网<em class=""vline""></em>天使轮<em class=""vline""></em>0-20人</p>"
3,数据分析师,美亚柏科,15-25K,"<p>厦门 思明区 软件园<em class=""vline""></em>3-5年<em class=""vline""></em>本科</p>","<p>信息安全<em class=""vline""></em>已上市<em class=""vline""></em>1000-9999人</p>"
4,数据分析师,唯你网,12-24K,"<p>厦门  <em class=""vline""></em>5-10年<em class=""vline""></em>本科</p>","<p>计算机软件<em class=""vline""></em>B轮<em class=""vline""></em>500-999人</p>"
5,数据分析师,瑞幸咖啡,15-30K,"<p>厦门 思明区 会展中心<em class=""vline""></em>3-5年<em class=""vline""></em>本科</p>","<p>互联网<em class=""vline""></em>已上市<em class=""vline""></em>10000人以上</p>"
6,数据分析师,趣店,20-40K,"<p>厦门 思明区 会展中心<em class=""vline""></em>1-3年<em class=""vline""></em>本科</p>","<p>互联网金融<em class=""vline""></em>已上市<em class=""vline""></em>1000-9999人</p>"
7,数据分析工程师,网宿科技,6-10K,"<p>厦门  <em class=""vline""></em>3-5年<em class=""vline""></em>本科</p>","<p>互联网<em class=""vline""></em>已上市<em class=""vline""></em>1000-9999人</p>"
8,高级数据分析师,趣店集团,10-20K,"<p>厦门 思明区 会展中心<em class=""vline""></em>经验不限<em class=""vline""></em>本科</p>","<p>互联网<em class=""vline""></em>已上市<em class=""vline""></em>1000-9999人</p>"
9,初级数据分析师,同步天成,4-9K,"<p>厦门 思明区 鹭江<em class=""vline""></em>经验不限<em class=""vline""></em>本科</p>","<p>计算机软件<em class=""vline""></em>已上市<em class=""vline""></em>100-499人</p>"
10,数据分析师（etl）,先进数通,8-15K,"<p>厦门 思明区 厦门大学<em class=""vline""></em>3-5年<em class=""vline""></em>本科</p>","<p>计算机软件<em class=""vline""></em>已上市<em class=""vline""></em>1000-9999人</p>"
11,数据分析工程师,贝电,5-7K,"<p>厦门 湖里区 江头<em class=""vline""></em>1年以内<em class=""vline""></em>大专</p>","<p>计算机软件<em class=""vline""></em>未融资<em class=""vline""></em>1000-9999人</p>"
12,数据分析工程师,况客科技,5-10K,"<p>厦门 思明区 观音山<em class=""vline""></em>3-5年<em class=""vline""></em>本科</p>","<p>数据服务<em class=""vline""></em>B轮<em class=""vline""></em>20-99人</p>"
13,数据分析师,美了么信息科技,8-13K,"<p>厦门 思明区 火车站<em class=""vline""></em>1-3年<em class=""vline""></em>本科</p>","<p>互联网<em class=""vline""></em>未融资<em class=""vline""></em>100-499人</p>"
14,商品数据分析专员,三福百货,3-5K·13薪,"<p>厦门 思明区 火车站<em class=""vline""></em>经验不限<em class=""vline""></em>大专</p>","<p>批发/零售<em class=""vline""></em>未融资<em class=""vline""></em>10000人以上</p>"
15,数据分析师(游戏）,摩多科技游戏,4-9K,"<p>厦门 思明区 观音山<em class=""vline""></em>1-3年<em class=""vline""></em>本科</p>","<p>游戏<em class=""vline""></em>未融资<em class=""vline""></em>100-499人</p>"
16,商业数据分析,欧梵臣,8-13K,"<p>厦门 集美区 石鼓路<em class=""vline""></em>1-3年<em class=""vline""></em>本科</p>","<p>电子商务<em class=""vline""></em>未融资<em class=""vline""></em>100-499人</p>"
17,商品数据分析专员,福建利讯集团,4-7K,"<p>厦门 思明区 观音山<em class=""vline""></em>1-3年<em class=""vline""></em>学历不限</p>","<p>互联网<em class=""vline""></em>不需要融资<em class=""vline""></em>20-99人</p>"
18,数据分析专员,依思有限公司,3-5K,"<p>厦门 湖里区 五缘湾<em class=""vline""></em>经验不限<em class=""vline""></em>大专</p>","<p>服装/纺织/皮革<em class=""vline""></em>未融资<em class=""vline""></em>1000-9999人</p>"
19,数据分析师,美了么信息科技,8-13K,"<p>厦门 思明区 火车站<em class=""vline""></em>3-5年<em class=""vline""></em>大专</p>","<p>互联网<em class=""vline""></em>未融资<em class=""vline""></em>100-499人</p>"
20,高级数据分析专家（工业分析方向）,科技谷,20-35K,"<p>厦门 湖里区 五缘湾<em class=""vline""></em>3-5年<em class=""vline""></em>本科</p>","<p>计算机软件<em class=""vline""></em>A轮<em class=""vline""></em>20-99人</p>"
21,营销数据分析师,厦门科拓股份,4-6K,"<p>厦门 思明区 观音山<em class=""vline""></em>1-3年<em class=""vline""></em>大专</p>","<p>智能硬件<em class=""vline""></em>D轮及以上<em class=""vline""></em>1000-9999人</p>"
22,数据分析师,厦门掌酷科技,15-21K,"<p>厦门 思明区 松柏<em class=""vline""></em>5-10年<em class=""vline""></em>本科</p>","<p>移动互联网<em class=""vline""></em>不需要融资<em class=""vline""></em>100-499人</p>"
23,数据分析员,厦门胜泓,4-8K,"<p>厦门 思明区 开元<em class=""vline""></em>经验不限<em class=""vline""></em>大专</p>","<p>工程施工<em class=""vline""></em>未融资<em class=""vline""></em>20-99人</p>"
24,高级数据分析工程师,科技谷,18-30K,"<p>厦门 湖里区 五缘湾<em class=""vline""></em>3-5年<em class=""vline""></em>本科</p>","<p>计算机软件<em class=""vline""></em>A轮<em class=""vline""></em>20-99人</p>"
25,计划专员（数据分析）,强力巨彩,4-6K,"<p>厦门 翔安区 马巷<em class=""vline""></em>经验不限<em class=""vline""></em>大专</p>","<p>智能硬件<em class=""vline""></em>不需要融资<em class=""vline""></em>1000-9999人</p>"
26,数据分析工程师,泉州百顺家具贸易...,10-20K,"<p>厦门 湖里区 万达广场<em class=""vline""></em>1年以内<em class=""vline""></em>本科</p>","<p>电子商务<em class=""vline""></em>0-20人</p>"
27,Python数据分析·培训师,大数匠,10-15K,"<p>厦门 湖里区 五缘湾<em class=""vline""></em>3-5年<em class=""vline""></em>本科</p>","<p>数据服务<em class=""vline""></em>未融资<em class=""vline""></em>20-99人</p>"
28,高级数据分析师,厦门趣店科技有限公司,20-40K,"<p>厦门 思明区 会展中心<em class=""vline""></em>3-5年<em class=""vline""></em>本科</p>","<p>互联网<em class=""vline""></em>已上市<em class=""vline""></em>1000-9999人</p>"
29,成本数据分析员,澳丽尔国际,5-7K,"<p>厦门 湖里区 五缘湾<em class=""vline""></em>1-3年<em class=""vline""></em>大专</p>","<p>电子商务<em class=""vline""></em>未融资<em class=""vline""></em>500-999人</p>"
30,网络工程师/数据分析/SEO优化,诺兰,5-8K,"<p>厦门 湖里区 禾山<em class=""vline""></em>1年以内<em class=""vline""></em>本科</p>","<p>电子商务<em class=""vline""></em>未融资<em class=""vline""></em>0-20人</p>"
31,高级数据分析师,趣店,20-30K,"<p>厦门 思明区 会展中心<em class=""vline""></em>5-10年<em class=""vline""></em>本科</p>","<p>互联网金融<em class=""vline""></em>已上市<em class=""vline""></em>1000-9999人</p>"
32,数据分析师,DJS,4-5K,"<p>厦门  <em class=""vline""></em>1-3年<em class=""vline""></em>大专</p>","<p>生活服务<em class=""vline""></em>未融资<em class=""vline""></em>100-499人</p>"
33,运营专员（数据分析方向）,美菜网,4-6K,"<p>厦门  <em class=""vline""></em>1-3年<em class=""vline""></em>本科</p>","<p>移动互联网<em class=""vline""></em>D轮及以上<em class=""vline""></em>10000人以上</p>"
34,数据分析师/算法工程师,易联众,8-13K·14薪,"<p>厦门 思明区 软件园<em class=""vline""></em>1-3年<em class=""vline""></em>硕士</p>","<p>计算机软件<em class=""vline""></em>已上市<em class=""vline""></em>1000-9999人</p>"
35,风险高级数据分析师,云脑科技,15-30K,"<p>厦门 思明区 软件园<em class=""vline""></em>5-10年<em class=""vline""></em>本科</p>","<p>数据服务<em class=""vline""></em>A轮<em class=""vline""></em>20-99人</p>"
36,高级数据分析师,美团点评,25-35K,"<p>厦门 思明区 厦门大学<em class=""vline""></em>3-5年<em class=""vline""></em>本科</p>","<p>O2O<em class=""vline""></em>已上市<em class=""vline""></em>10000人以上</p>"
37,数据分析师,平安普惠分公司,4-6K,"<p>厦门 思明区 仙岳路<em class=""vline""></em>1年以内<em class=""vline""></em>本科</p>","<p>咨询<em class=""vline""></em>已上市<em class=""vline""></em>10000人以上</p>"
38,数据分析师,金银海文化传媒,8-12K,"<p>厦门 湖里区 大唐世家<em class=""vline""></em>经验不限<em class=""vline""></em>本科</p>","<p>音乐/视频/阅读<em class=""vline""></em>A轮<em class=""vline""></em>20-99人</p>"
39,数据分析,尚酷网络科技,4-5K,"<p>厦门 思明区 莲前<em class=""vline""></em>1年以内<em class=""vline""></em>大专</p>","<p>电子商务<em class=""vline""></em>未融资<em class=""vline""></em>20-99人</p>"
40,数据分析专员,俊亿供应链,4-6K,"<p>厦门 湖里区 五缘湾<em class=""vline""></em>1年以内<em class=""vline""></em>本科</p>","<p>电子商务<em class=""vline""></em>不需要融资<em class=""vline""></em>20-99人</p>"
41,数据分析师,美了么信息科技,8-13K,"<p>厦门 思明区 火车站<em class=""vline""></em>1-3年<em class=""vline""></em>大专</p>","<p>互联网<em class=""vline""></em>未融资<em class=""vline""></em>100-499人</p>"
42,数据分析师,助推器文化传播,3-6K,"<p>厦门 思明区 火车站<em class=""vline""></em>1年以内<em class=""vline""></em>本科</p>","<p>广告营销<em class=""vline""></em>0-20人</p>"
43,数据分析师,姚明集团,5-7K,"<p>厦门 思明区 软件园<em class=""vline""></em>1-3年<em class=""vline""></em>本科</p>","<p>互联网<em class=""vline""></em>不需要融资<em class=""vline""></em>100-499人</p>"
44,数据分析师,趣店集团,18-36K,"<p>厦门 思明区 会展中心<em class=""vline""></em>1-3年<em class=""vline""></em>本科</p>","<p>互联网<em class=""vline""></em>已上市<em class=""vline""></em>1000-9999人</p>"
45,数据分析员,有利普惠,5-7K,"<p>厦门 思明区 滨北<em class=""vline""></em>经验不限<em class=""vline""></em>本科</p>","<p>互联网<em class=""vline""></em>不需要融资<em class=""vline""></em>20-99人</p>"
46,高级数据分析师,美团点评,20-30K,"<p>厦门 思明区 会展中心<em class=""vline""></em>3-5年<em class=""vline""></em>本科</p>","<p>O2O<em class=""vline""></em>已上市<em class=""vline""></em>10000人以上</p>"
47,数据分析师,厦门麦田房产,4-6K,"<p>厦门 思明区 莲坂<em class=""vline""></em>1年以内<em class=""vline""></em>本科</p>","<p>工程施工<em class=""vline""></em>未融资<em class=""vline""></em>10000人以上</p>"
48,数据分析员,中凯盛,5-8K,"<p>厦门  <em class=""vline""></em>1-3年<em class=""vline""></em>大专</p>","<p>电子商务<em class=""vline""></em>20-99人</p>"
49,数据分析师,北京声连网,8-16K,"<p>厦门 思明区 前埔<em class=""vline""></em>1-3年<em class=""vline""></em>大专</p>","<p>O2O<em class=""vline""></em>A轮<em class=""vline""></em>100-499人</p>"
50,数据分析主管,鲤鱼金融,8-12K,"<p>厦门 思明区 观音山<em class=""vline""></em>3-5年<em class=""vline""></em>本科</p>","<p>互联网<em class=""vline""></em>不需要融资<em class=""vline""></em>100-499人</p>"
51,数据分析专员,烨皓科技,3-5K,"<p>厦门 湖里区 万达广场<em class=""vline""></em>经验不限<em class=""vline""></em>大专</p>","<p>生活服务<em class=""vline""></em>未融资<em class=""vline""></em>0-20人</p>"
52,高级数据分析师,英硕咨询,20-40K,"<p>厦门 思明区 会展中心<em class=""vline""></em>3-5年<em class=""vline""></em>本科</p>","<p>人力资源服务<em class=""vline""></em>未融资<em class=""vline""></em>0-20人</p>"
53,产品数据分析师,大盛魁,6-10K,"<p>厦门 思明区 观音山<em class=""vline""></em>1-3年<em class=""vline""></em>本科</p>","<p>互联网金融<em class=""vline""></em>0-20人</p>"
54,高级数据分析师,趣店集团,25-35K,"<p>厦门 思明区 厦门大学<em class=""vline""></em>1-3年<em class=""vline""></em>本科</p>","<p>互联网<em class=""vline""></em>已上市<em class=""vline""></em>1000-9999人</p>"
55,数据分析师,主贞,10-20K,"<p>厦门 海沧区 未来海岸<em class=""vline""></em>3-5年<em class=""vline""></em>本科</p>","<p>社交网络<em class=""vline""></em>20-99人</p>"
56,数据分析师,深源宝,3-4K,"<p>厦门 思明区 观音山<em class=""vline""></em>经验不限<em class=""vline""></em>大专</p>","<p>电子商务<em class=""vline""></em>不需要融资<em class=""vline""></em>0-20人</p>"
57,数据分析师,厦门趣店科技有限公司,21-36K,"<p>厦门 思明区 会展中心<em class=""vline""></em>1-3年<em class=""vline""></em>本科</p>","<p>互联网<em class=""vline""></em>已上市<em class=""vline""></em>1000-9999人</p>"
58,数据分析员,厦门全力以赴,4-6K,"<p>厦门 思明区 观音山<em class=""vline""></em>1年以内<em class=""vline""></em>大专</p>","<p>电子商务<em class=""vline""></em>未融资<em class=""vline""></em>100-499人</p>"
59,数据分析师,一抠能源技术有限公司,5-10K,"<p>厦门 湖里区 塘边<em class=""vline""></em>经验不限<em class=""vline""></em>大专</p>","<p>贸易/进出口<em class=""vline""></em>未融资<em class=""vline""></em>100-499人</p>"
60,运营经理/主管,醉品春秋,10-20K,"<p>厦门 思明区 前埔<em class=""vline""></em>3-5年<em class=""vline""></em>大专</p>","<p>移动互联网<em class=""vline""></em>B轮<em class=""vline""></em>100-499人</p>"
61,电商运营,启兴商贸,4-5K,"<p>厦门 海沧区 石塘<em class=""vline""></em>1年以内<em class=""vline""></em>大专</p>","<p>企业服务<em class=""vline""></em>未融资<em class=""vline""></em>0-20人</p>"
62,算法方向实习生,瑞幸咖啡,10-15K,"<p>厦门 思明区 会展中心<em class=""vline""></em>经验不限<em class=""vline""></em>硕士</p>","<p>互联网<em class=""vline""></em>已上市<em class=""vline""></em>10000人以上</p>"
63,运营专员,泊瀚娱乐,5-10K,"<p>厦门  <em class=""vline""></em>经验不限<em class=""vline""></em>学历不限</p>","<p>音乐/视频/阅读<em class=""vline""></em>A轮<em class=""vline""></em>500-999人</p>"
64,亚马逊运营实习生  2名  平台佳,厦门施莱德,2-3K,"<p>厦门 思明区 软件园<em class=""vline""></em>应届生<em class=""vline""></em>本科</p>","<p>电子商务<em class=""vline""></em>未融资<em class=""vline""></em>0-20人</p>"
65,数据工程师,壹生科技,8-12K,"<p>厦门 思明区 软件园<em class=""vline""></em>1-3年<em class=""vline""></em>学历不限</p>","<p>移动互联网<em class=""vline""></em>不需要融资<em class=""vline""></em>100-499人</p>"
66,电商运营,星海域,4-6K,"<p>厦门 思明区 莲前<em class=""vline""></em>1年以内<em class=""vline""></em>高中</p>","<p>电子商务<em class=""vline""></em>不需要融资<em class=""vline""></em>20-99人</p>"
67,网络推广SEM,千禧文化传播,5-8K,"<p>厦门 思明区 厦港<em class=""vline""></em>1年以内<em class=""vline""></em>学历不限</p>","<p>婚庆/摄影<em class=""vline""></em>20-99人</p>"
68,运营助理/专员,深圳外游假期,3-6K·13薪,"<p>厦门 思明区 嘉莲<em class=""vline""></em>1年以内<em class=""vline""></em>大专</p>","<p>旅游<em class=""vline""></em>不需要融资<em class=""vline""></em>20-99人</p>"
69,图像识别,罗雅,10-20K,"<p>厦门 思明区 软件园<em class=""vline""></em>1-3年<em class=""vline""></em>本科</p>","<p>医疗健康<em class=""vline""></em>未融资<em class=""vline""></em>0-20人</p>"
70,运营助理实习生,歌庆科技,2-3K,"<p>厦门 思明区 前埔<em class=""vline""></em>1年以内<em class=""vline""></em>大专</p>","<p>电子商务<em class=""vline""></em>不需要融资<em class=""vline""></em>20-99人</p>"
71,产品经理,爱梯囊网络,4-6K,"<p>厦门 思明区 莲花<em class=""vline""></em>经验不限<em class=""vline""></em>大专</p>","<p>互联网<em class=""vline""></em>天使轮<em class=""vline""></em>0-20人</p>"
72,运营助理/专员,歌庆科技,1-6K,"<p>厦门 思明区 前埔<em class=""vline""></em>1年以内<em class=""vline""></em>大专</p>","<p>电子商务<em class=""vline""></em>不需要融资<em class=""vline""></em>20-99人</p>"
73,运营助理,尊享益电子商务,4-6K,"<p>厦门 湖里区 机场区<em class=""vline""></em>1年以内<em class=""vline""></em>本科</p>","<p>电子商务<em class=""vline""></em>未融资<em class=""vline""></em>20-99人</p>"
74,商品总监,歌庆科技,15-30K,"<p>厦门 思明区 前埔<em class=""vline""></em>5-10年<em class=""vline""></em>本科</p>","<p>电子商务<em class=""vline""></em>不需要融资<em class=""vline""></em>20-99人</p>"
75,电商运营,欧澜贸易,5-8K,"<p>厦门  <em class=""vline""></em>经验不限<em class=""vline""></em>大专</p>","<p>电子商务<em class=""vline""></em>未融资<em class=""vline""></em>20-99人</p>"
76,竞价,千禧文化传播,4-8K,"<p>厦门 思明区 厦港<em class=""vline""></em>1-3年<em class=""vline""></em>学历不限</p>","<p>婚庆/摄影<em class=""vline""></em>20-99人</p>"
77,天猫店长,歌庆科技,10-15K,"<p>厦门 思明区 前埔<em class=""vline""></em>1-3年<em class=""vline""></em>本科</p>","<p>电子商务<em class=""vline""></em>不需要融资<em class=""vline""></em>20-99人</p>"
78,eBay运营,SOLOTOO,4-9K,"<p>厦门 湖里区 五缘湾<em class=""vline""></em>1年以内<em class=""vline""></em>本科</p>","<p>家具/家电/家居<em class=""vline""></em>未融资<em class=""vline""></em>0-20人</p>"
79,算法,美柚,20-40K,"<p>厦门 思明区 软件园<em class=""vline""></em>3-5年<em class=""vline""></em>本科</p>","<p>互联网<em class=""vline""></em>D轮及以上<em class=""vline""></em>500-999人</p>"
80,电商运营,扣抠升米,6-11K,"<p>厦门 思明区 莲前<em class=""vline""></em>1-3年<em class=""vline""></em>高中</p>","<p>电子商务<em class=""vline""></em>不需要融资<em class=""vline""></em>100-499人</p>"
81,运营助理/专员,御所,3-7K,"<p>厦门 集美区 集美学村<em class=""vline""></em>经验不限<em class=""vline""></em>学历不限</p>","<p>电子商务<em class=""vline""></em>20-99人</p>"
82,运营经理,中傲文化,8-13K,"<p>厦门  <em class=""vline""></em>1-3年<em class=""vline""></em>大专</p>","<p>广告/公关/会展<em class=""vline""></em>未融资<em class=""vline""></em>0-20人</p>"
83,天猫运营总监,歌庆科技,50-80K,"<p>厦门 思明区 前埔<em class=""vline""></em>3-5年<em class=""vline""></em>本科</p>","<p>电子商务<em class=""vline""></em>不需要融资<em class=""vline""></em>20-99人</p>"
84,外贸业务员B2B,斯迪克,5-10K,"<p>厦门 湖里区 五缘湾<em class=""vline""></em>1年以内<em class=""vline""></em>大专</p>","<p>原材料及加工/模具<em class=""vline""></em>不需要融资<em class=""vline""></em>0-20人</p>"
85,爬虫专家,泉州百顺家具贸易...,20-40K,"<p>厦门 湖里区 万达广场<em class=""vline""></em>1-3年<em class=""vline""></em>学历不限</p>","<p>电子商务<em class=""vline""></em>0-20人</p>"
86,电商运营,厦门逸家商贸有限公司,5-10K,"<p>厦门 湖里区 五缘湾<em class=""vline""></em>1-3年<em class=""vline""></em>大专</p>","<p>电子商务<em class=""vline""></em>不需要融资<em class=""vline""></em>0-20人</p>"
87,运营助理,常晟电商,4-8K,"<p>厦门 集美区 杏林<em class=""vline""></em>经验不限<em class=""vline""></em>学历不限</p>","<p>电子商务<em class=""vline""></em>未融资<em class=""vline""></em>20-99人</p>"
88,社交电商运营,尖付,4-9K,"<p>厦门 湖里区 江头<em class=""vline""></em>1-3年<em class=""vline""></em>本科</p>","<p>电子商务<em class=""vline""></em>不需要融资<em class=""vline""></em>20-99人</p>"
89,文员,厦门百视传媒有限公司,4-6K,"<p>厦门 思明区 莲坂<em class=""vline""></em>1年以内<em class=""vline""></em>大专</p>","<p>音乐/视频/阅读<em class=""vline""></em>未融资<em class=""vline""></em>20-99人</p>"
90,用户运营经理,醉品春秋,8-16K,"<p>厦门 思明区 前埔<em class=""vline""></em>3-5年<em class=""vline""></em>大专</p>","<p>移动互联网<em class=""vline""></em>B轮<em class=""vline""></em>100-499人</p>"
91,运营,扣抠升米,6-11K,"<p>厦门 思明区 莲前<em class=""vline""></em>3-5年<em class=""vline""></em>高中</p>","<p>电子商务<em class=""vline""></em>不需要融资<em class=""vline""></em>100-499人</p>"
92,运营助理/专员,朝暮传媒,3-8K,"<p>厦门 翔安区 新店<em class=""vline""></em>经验不限<em class=""vline""></em>本科</p>","<p>广播/影视<em class=""vline""></em>未融资<em class=""vline""></em>0-20人</p>"
93,外贸专员,好利缘,5-7K,"<p>厦门 湖里区 殿前<em class=""vline""></em>3-5年<em class=""vline""></em>本科</p>","<p>贸易/进出口<em class=""vline""></em>未融资<em class=""vline""></em>20-99人</p>"
94,产品专员,美了么信息科技,4-7K,"<p>厦门  <em class=""vline""></em>经验不限<em class=""vline""></em>本科</p>","<p>互联网<em class=""vline""></em>未融资<em class=""vline""></em>100-499人</p>"
95,电子测试员,爱芯环保股份,4-5K,"<p>厦门 同安区 西柯<em class=""vline""></em>1-3年<em class=""vline""></em>中专/中技</p>","<p>智能硬件<em class=""vline""></em>已上市<em class=""vline""></em>100-499人</p>"
96,产品助理,厦门青叶软件,3-5K,"<p>厦门 思明区 软件园<em class=""vline""></em>1年以内<em class=""vline""></em>本科</p>","<p>互联网<em class=""vline""></em>未融资<em class=""vline""></em>20-99人</p>"
97,电商运营,米卡拉,3-5K,"<p>厦门 集美区 侨英<em class=""vline""></em>1年以内<em class=""vline""></em>中专/中技</p>","<p>汽车零部件<em class=""vline""></em>0-20人</p>"
98,天猫店长,扣抠升米,8-13K,"<p>厦门 思明区 莲前<em class=""vline""></em>3-5年<em class=""vline""></em>大专</p>","<p>电子商务<em class=""vline""></em>不需要融资<em class=""vline""></em>100-499人</p>"
99,电商运营,普云,5-8K,"<p>厦门 集美区 灌口<em class=""vline""></em>1-3年<em class=""vline""></em>大专</p>","<p>电子商务<em class=""vline""></em>不需要融资<em class=""vline""></em>100-499人</p>"
100,品牌专员,早道科技,6-9K,"<p>厦门 思明区 观音山<em class=""vline""></em>1-3年<em class=""vline""></em>本科</p>","<p>电子商务<em class=""vline""></em>0-20人</p>"
101,百度信息流优化师,泉州百顺家具贸易...,10-20K,"<p>厦门 湖里区 万达广场<em class=""vline""></em>1年以内<em class=""vline""></em>学历不限</p>","<p>电子商务<em class=""vline""></em>0-20人</p>"
102,电商运营,优品商务,3-6K,"<p>厦门 湖里区 湖里公园<em class=""vline""></em>经验不限<em class=""vline""></em>学历不限</p>","<p>电子商务<em class=""vline""></em>天使轮<em class=""vline""></em>0-20人</p>"
103,微信推广,泉州百顺家具贸易...,10-20K,"<p>厦门 湖里区 万达广场<em class=""vline""></em>1年以内<em class=""vline""></em>学历不限</p>","<p>电子商务<em class=""vline""></em>0-20人</p>"
104,运营总监,逸柳进出口,6-8K,"<p>厦门  <em class=""vline""></em>3-5年<em class=""vline""></em>大专</p>","<p>贸易/进出口<em class=""vline""></em>天使轮<em class=""vline""></em>0-20人</p>"
105,亚马逊运营助理,乐古户外用品,3-6K,"<p>厦门 湖里区 莲前<em class=""vline""></em>1-3年<em class=""vline""></em>本科</p>","<p>电子商务<em class=""vline""></em>天使轮<em class=""vline""></em>20-99人</p>"
106,独立站运营,百信达工贸,5-8K·13薪,"<p>厦门 思明区 莲前<em class=""vline""></em>1-3年<em class=""vline""></em>大专</p>","<p>贸易/进出口<em class=""vline""></em>不需要融资<em class=""vline""></em>20-99人</p>"
107,电商运营,到世界,4-9K,"<p>厦门 集美区 杏林<em class=""vline""></em>经验不限<em class=""vline""></em>学历不限</p>","<p>电子商务<em class=""vline""></em>不需要融资<em class=""vline""></em>0-20人</p>"
108,阿里运营,厦门市瑞佳美石材...,4-5K,"<p>厦门 思明区 火车站<em class=""vline""></em>1年以内<em class=""vline""></em>大专</p>","<p>贸易/进出口<em class=""vline""></em>不需要融资<em class=""vline""></em>0-20人</p>"
109,产品经理,动心科技,6-8K,"<p>厦门 思明区 软件园<em class=""vline""></em>1-3年<em class=""vline""></em>学历不限</p>","<p>移动互联网<em class=""vline""></em>未融资<em class=""vline""></em>0-20人</p>"
110,亚马逊运营,百信达工贸,5-7K·13薪,"<p>厦门 思明区 莲前<em class=""vline""></em>1-3年<em class=""vline""></em>大专</p>","<p>贸易/进出口<em class=""vline""></em>不需要融资<em class=""vline""></em>20-99人</p>"
111,电商合伙人淘宝京东天猫,印午电商,10-15K,"<p>厦门 湖里区 殿前<em class=""vline""></em>1年以内<em class=""vline""></em>大专</p>","<p>电子商务<em class=""vline""></em>不需要融资<em class=""vline""></em>20-99人</p>"
112,数据库技术专家DBA,瑞幸咖啡,15-22K,"<p>厦门 思明区 会展中心<em class=""vline""></em>3-5年<em class=""vline""></em>本科</p>","<p>互联网<em class=""vline""></em>已上市<em class=""vline""></em>10000人以上</p>"
113,电商运营,远通,4-8K,"<p>厦门 湖里区 枋湖<em class=""vline""></em>1年以内<em class=""vline""></em>本科</p>","<p>通信/网络设备<em class=""vline""></em>不需要融资<em class=""vline""></em>20-99人</p>"
114,新媒体运营,自由大风,4-6K,"<p>厦门 湖里区 五缘湾<em class=""vline""></em>1年以内<em class=""vline""></em>本科</p>","<p>广告营销<em class=""vline""></em>不需要融资<em class=""vline""></em>0-20人</p>"
115,外贸专员,歪果仁,3-6K,"<p>厦门 集美区 集美学村<em class=""vline""></em>1年以内<em class=""vline""></em>本科</p>","<p>电子商务<em class=""vline""></em>未融资<em class=""vline""></em>0-20人</p>"
116,淘宝运营,一帆顺,15-25K,"<p>厦门  <em class=""vline""></em>5-10年<em class=""vline""></em>大专</p>","<p>批发/零售<em class=""vline""></em>不需要融资<em class=""vline""></em>0-20人</p>"
117,天猫运营助理/专员,尖付,4-8K,"<p>厦门 湖里区 江头<em class=""vline""></em>1-3年<em class=""vline""></em>学历不限</p>","<p>电子商务<em class=""vline""></em>不需要融资<em class=""vline""></em>20-99人</p>"
118,社交电商运营,MXM,4-7K,"<p>厦门 思明区 软件园<em class=""vline""></em>1-3年<em class=""vline""></em>大专</p>","<p>电子商务<em class=""vline""></em>未融资<em class=""vline""></em>20-99人</p>"
119,DBA T6及以上,瑞幸咖啡,20-40K,"<p>厦门 思明区 会展中心<em class=""vline""></em>3-5年<em class=""vline""></em>本科</p>","<p>互联网<em class=""vline""></em>已上市<em class=""vline""></em>10000人以上</p>"
120,天猫运营淘宝运营旗舰店店长,钱隆百世,8-15K,"<p>厦门 湖里区 湖里大道<em class=""vline""></em>1-3年<em class=""vline""></em>大专</p>","<p>电子商务<em class=""vline""></em>未融资<em class=""vline""></em>20-99人</p>"
121,跨境电商运营,百信达工贸,5-8K·13薪,"<p>厦门 思明区 莲前<em class=""vline""></em>1-3年<em class=""vline""></em>大专</p>","<p>贸易/进出口<em class=""vline""></em>不需要融资<em class=""vline""></em>20-99人</p>"
122,外贸电商运营,百信达工贸,5-8K·13薪,"<p>厦门 思明区 莲前<em class=""vline""></em>1-3年<em class=""vline""></em>大专</p>","<p>贸易/进出口<em class=""vline""></em>不需要融资<em class=""vline""></em>20-99人</p>"
123,新媒体运营经理,先锋官科技,8-12K,"<p>厦门 思明区 软件园<em class=""vline""></em>3-5年<em class=""vline""></em>大专</p>","<p>互联网<em class=""vline""></em>不需要融资<em class=""vline""></em>20-99人</p>"
124,服务端研发工程师,云之端,8-12K,"<p>厦门 思明区 火车站<em class=""vline""></em>1-3年<em class=""vline""></em>本科</p>","<p>移动互联网<em class=""vline""></em>天使轮<em class=""vline""></em>20-99人</p>"
125,电商运营,云特科技,5-10K,"<p>厦门 思明区 软件园<em class=""vline""></em>1年以内<em class=""vline""></em>本科</p>","<p>计算机软件<em class=""vline""></em>不需要融资<em class=""vline""></em>20-99人</p>"
126,出口电商运营,百信达工贸,5-7K·13薪,"<p>厦门 思明区 莲前<em class=""vline""></em>1-3年<em class=""vline""></em>大专</p>","<p>贸易/进出口<em class=""vline""></em>不需要融资<em class=""vline""></em>20-99人</p>"
127,PHP,云之端,8-14K,"<p>厦门 思明区 火车站<em class=""vline""></em>1-3年<em class=""vline""></em>本科</p>","<p>移动互联网<em class=""vline""></em>天使轮<em class=""vline""></em>20-99人</p>"
128,网络推广,万弘晟,6-12K,"<p>厦门 湖里区 五缘湾<em class=""vline""></em>1年以内<em class=""vline""></em>本科</p>","<p>智能硬件<em class=""vline""></em>未融资<em class=""vline""></em>20-99人</p>"
129,外贸业务员,厦门显荣,4-8K,"<p>厦门 思明区 软件园<em class=""vline""></em>1年以内<em class=""vline""></em>本科</p>","<p>电子商务<em class=""vline""></em>不需要融资<em class=""vline""></em>20-99人</p>"
130,软件推广,先锋官科技,5-8K,"<p>厦门 思明区 软件园<em class=""vline""></em>3-5年<em class=""vline""></em>大专</p>","<p>互联网<em class=""vline""></em>不需要融资<em class=""vline""></em>20-99人</p>"
131,架构师,瑞幸咖啡,25-40K,"<p>厦门 思明区 会展中心<em class=""vline""></em>5-10年<em class=""vline""></em>本科</p>","<p>互联网<em class=""vline""></em>已上市<em class=""vline""></em>10000人以上</p>"
132,内容运营,先锋官科技,4-7K,"<p>厦门 思明区 软件园<em class=""vline""></em>1-3年<em class=""vline""></em>大专</p>","<p>互联网<em class=""vline""></em>不需要融资<em class=""vline""></em>20-99人</p>"
133,亚马逊运营,厦门思科迪电子商务,4-8K,"<p>厦门  <em class=""vline""></em>经验不限<em class=""vline""></em>本科</p>","<p>电子商务<em class=""vline""></em>未融资<em class=""vline""></em>100-499人</p>"
134,淘宝天猫运营助理,华夏齐心,3-6K,"<p>厦门 湖里区 江头<em class=""vline""></em>经验不限<em class=""vline""></em>学历不限</p>","<p>电子商务<em class=""vline""></em>未融资<em class=""vline""></em>0-20人</p>"
135,用户运营,千树科技,3-6K,"<p>厦门 湖里区 金尚<em class=""vline""></em>1-3年<em class=""vline""></em>本科</p>","<p>O2O<em class=""vline""></em>A轮<em class=""vline""></em>20-99人</p>"
136,运营督导,途绘企业管理,4-7K,"<p>厦门 集美区 杏林<em class=""vline""></em>1-3年<em class=""vline""></em>本科</p>","<p>4S店/后市场<em class=""vline""></em>不需要融资<em class=""vline""></em>20-99人</p>"
137,架构师,瑞幸咖啡,25-30K,"<p>厦门 思明区 会展中心<em class=""vline""></em>5-10年<em class=""vline""></em>本科</p>","<p>互联网<em class=""vline""></em>已上市<em class=""vline""></em>10000人以上</p>"
138,天猫运营店长,美筑美栖,5-8K,"<p>厦门 湖里区 江头<em class=""vline""></em>1-3年<em class=""vline""></em>大专</p>","<p>电子商务<em class=""vline""></em>0-20人</p>"
139,架构师,瑞幸咖啡,20-30K,"<p>厦门 思明区 会展中心<em class=""vline""></em>5-10年<em class=""vline""></em>本科</p>","<p>互联网<em class=""vline""></em>已上市<em class=""vline""></em>10000人以上</p>"
140,产品运营经理,先锋官科技,8-12K,"<p>厦门 思明区 软件园<em class=""vline""></em>3-5年<em class=""vline""></em>大专</p>","<p>互联网<em class=""vline""></em>不需要融资<em class=""vline""></em>20-99人</p>"
141,电商运营,皙印时尚传媒,8-10K,"<p>厦门 思明区 滨北<em class=""vline""></em>1-3年<em class=""vline""></em>本科</p>","<p>电子商务<em class=""vline""></em>不需要融资<em class=""vline""></em>20-99人</p>"
142,淘宝店长,优一百,5-10K,"<p>厦门  <em class=""vline""></em>1-3年<em class=""vline""></em>大专</p>","<p>办公用品及设备<em class=""vline""></em>不需要融资<em class=""vline""></em>20-99人</p>"
143,大数据架构师,瑞幸咖啡,25-43K,"<p>厦门 思明区 会展中心<em class=""vline""></em>5-10年<em class=""vline""></em>本科</p>","<p>互联网<em class=""vline""></em>已上市<em class=""vline""></em>10000人以上</p>"
144,大数据工程师,瑞幸咖啡,15-30K,"<p>厦门 思明区 会展中心<em class=""vline""></em>3-5年<em class=""vline""></em>本科</p>","<p>互联网<em class=""vline""></em>已上市<em class=""vline""></em>10000人以上</p>"
145,新媒体运营,PlusM摄影工作室,5-8K,"<p>厦门 湖里区 金山<em class=""vline""></em>经验不限<em class=""vline""></em>大专</p>","<p>生活服务<em class=""vline""></em>未融资<em class=""vline""></em>0-20人</p>"
146,外贸业务员B2B,威圣,5-10K,"<p>厦门 湖里区 江头<em class=""vline""></em>1年以内<em class=""vline""></em>大专</p>","<p>建材<em class=""vline""></em>未融资<em class=""vline""></em>20-99人</p>"
147,运营经理,暖兔科技,15-25K,"<p>厦门 思明区 会展中心<em class=""vline""></em>1-3年<em class=""vline""></em>本科</p>","<p>互联网<em class=""vline""></em>天使轮<em class=""vline""></em>20-99人</p>"
148,电商运营,先锋官科技,5-8K,"<p>厦门 思明区 软件园<em class=""vline""></em>1-3年<em class=""vline""></em>大专</p>","<p>互联网<em class=""vline""></em>不需要融资<em class=""vline""></em>20-99人</p>"
149,电商运营,易点生活,5-10K,"<p>厦门 思明区 <em class=""vline""></em>1-3年<em class=""vline""></em>本科</p>","<p>互联网<em class=""vline""></em>不需要融资<em class=""vline""></em>100-499人</p>"
150,品质监察部主管,丹厦房产,8-10K,"<p>厦门 思明区 松柏<em class=""vline""></em>3-5年<em class=""vline""></em>本科</p>","<p>地产经纪/中介<em class=""vline""></em>不需要融资<em class=""vline""></em>1000-9999人</p>"
151,数据采集,大学无疆,3-8K,"<p>厦门 湖里区 塘边<em class=""vline""></em>经验不限<em class=""vline""></em>本科</p>","<p>互联网<em class=""vline""></em>天使轮<em class=""vline""></em>0-20人</p>"
152,仓库管理,不一科技,4-7K,"<p>厦门 湖里区 塘边<em class=""vline""></em>1-3年<em class=""vline""></em>中专/中技</p>","<p>电子商务<em class=""vline""></em>0-20人</p>"
153,网络运营主管（抖音、今日头条）,厦门向奇实业有限公司,7-12K,"<p>厦门 思明区 观音山<em class=""vline""></em>1-3年<em class=""vline""></em>大专</p>","<p>贸易/进出口<em class=""vline""></em>未融资<em class=""vline""></em>20-99人</p>"
154,活动策划执行,千一整合营销策划,3-6K,"<p>厦门 思明区 厦门大学<em class=""vline""></em>经验不限<em class=""vline""></em>大专</p>","<p>广告/公关/会展<em class=""vline""></em>不需要融资<em class=""vline""></em>0-20人</p>"
155,食品研发经理,瑞幸咖啡,10-15K,"<p>厦门 思明区 会展中心<em class=""vline""></em>3-5年<em class=""vline""></em>本科</p>","<p>互联网<em class=""vline""></em>已上市<em class=""vline""></em>10000人以上</p>"
156,产品助理,上志,4-5K,"<p>厦门 思明区 莲前<em class=""vline""></em>1年以内<em class=""vline""></em>大专</p>","<p>数据服务<em class=""vline""></em>不需要融资<em class=""vline""></em>0-20人</p>"
157,高级大数据工程师,厦门趣店科技有限公司,40-70K,"<p>厦门 思明区 会展中心<em class=""vline""></em>5-10年<em class=""vline""></em>本科</p>","<p>互联网<em class=""vline""></em>已上市<em class=""vline""></em>1000-9999人</p>"
158,小红书媒介,大象映画,4-5K,"<p>厦门 思明区 软件园<em class=""vline""></em>1年以内<em class=""vline""></em>本科</p>","<p>音乐/视频/阅读<em class=""vline""></em>天使轮<em class=""vline""></em>20-99人</p>"
159,社群运营专员,高维空间,5-8K,"<p>厦门 思明区 观音山<em class=""vline""></em>1-3年<em class=""vline""></em>大专</p>","<p>计算机软件<em class=""vline""></em>天使轮<em class=""vline""></em>100-499人</p>"
160,媒介专员,广湃传媒,4-5K,"<p>厦门 思明区 仙岳路<em class=""vline""></em>1年以内<em class=""vline""></em>本科</p>","<p>广告/公关/会展<em class=""vline""></em>未融资<em class=""vline""></em>20-99人</p>"
161,策略经理,智顶互动,6-11K,"<p>厦门 湖里区 湖里大道<em class=""vline""></em>3-5年<em class=""vline""></em>本科</p>","<p>音乐/视频/阅读<em class=""vline""></em>未融资<em class=""vline""></em>100-499人</p>"
162,新媒体运营专员,诚装网,5-10K,"<p>厦门 思明区 软件园<em class=""vline""></em>1-3年<em class=""vline""></em>大专</p>","<p>互联网<em class=""vline""></em>未融资<em class=""vline""></em>100-499人</p>"
163,运营助理,钧滔,3-4K,"<p>厦门 湖里区 禾山<em class=""vline""></em>经验不限<em class=""vline""></em>大专</p>","<p>电子商务<em class=""vline""></em>未融资<em class=""vline""></em>0-20人</p>"
164,电商运营,迈得好,10-15K,"<p>厦门 湖里区 湖里大道<em class=""vline""></em>5-10年<em class=""vline""></em>学历不限</p>","<p>电子商务<em class=""vline""></em>未融资<em class=""vline""></em>0-20人</p>"
165,运营总监,大势电商,8-13K,"<p>厦门 湖里区 五缘湾<em class=""vline""></em>3-5年<em class=""vline""></em>大专</p>","<p>电子商务<em class=""vline""></em>未融资<em class=""vline""></em>20-99人</p>"
166,美容师助理,美诺婷美容店,3-6K,"<p>厦门 湖里区 东渡<em class=""vline""></em>经验不限<em class=""vline""></em>学历不限</p>","<p>美容/美发<em class=""vline""></em>未融资<em class=""vline""></em>10000人以上</p>"
167,电商运营,宸发,6-11K,"<p>厦门 湖里区 殿前<em class=""vline""></em>3-5年<em class=""vline""></em>大专</p>","<p>电子商务<em class=""vline""></em>0-20人</p>"
168,天猫运营总监或合伙人,钧清网络,11-22K,"<p>厦门 湖里区 万达广场<em class=""vline""></em>3-5年<em class=""vline""></em>学历不限</p>","<p>电子商务<em class=""vline""></em>不需要融资<em class=""vline""></em>20-99人</p>"
169,数据处理工程师,快商通,5-10K,"<p>厦门 思明区 莲花<em class=""vline""></em>1-3年<em class=""vline""></em>本科</p>","<p>计算机软件<em class=""vline""></em>已上市<em class=""vline""></em>100-499人</p>"
170,渗透软件开发工程师,钧清网络,15-20K·13薪,"<p>厦门 湖里区 万达广场<em class=""vline""></em>1-3年<em class=""vline""></em>学历不限</p>","<p>电子商务<em class=""vline""></em>不需要融资<em class=""vline""></em>20-99人</p>"
171,电商运营,睿达,4-9K,"<p>厦门 集美区 后溪<em class=""vline""></em>1年以内<em class=""vline""></em>学历不限</p>","<p>电子商务<em class=""vline""></em>不需要融资<em class=""vline""></em>0-20人</p>"
172,电商运营,大势电商,4-8K,"<p>厦门 湖里区 五缘湾<em class=""vline""></em>1-3年<em class=""vline""></em>大专</p>","<p>电子商务<em class=""vline""></em>未融资<em class=""vline""></em>20-99人</p>"
173,拼多多运营经理,钧清网络,6-11K,"<p>厦门 湖里区 万达广场<em class=""vline""></em>应届生<em class=""vline""></em>学历不限</p>","<p>电子商务<em class=""vline""></em>不需要融资<em class=""vline""></em>20-99人</p>"
174,电商运营,山铼特,4-5K,"<p>厦门 湖里区 枋湖<em class=""vline""></em>1-3年<em class=""vline""></em>大专</p>","<p>电子/半导体/集成电路<em class=""vline""></em>未融资<em class=""vline""></em>20-99人</p>"
175,直通车推广,云猫电商,6-11K,"<p>厦门 湖里区 塘边<em class=""vline""></em>1-3年<em class=""vline""></em>学历不限</p>","<p>电子商务<em class=""vline""></em>不需要融资<em class=""vline""></em>20-99人</p>"
176,客服经理,欧恩贝奶粉,6-8K,"<p>厦门 湖里区 五缘湾<em class=""vline""></em>1-3年<em class=""vline""></em>大专</p>","<p>食品/饮料/烟酒<em class=""vline""></em>未融资<em class=""vline""></em>20-99人</p>"
177,产品经理,畅享信息,10-15K,"<p>厦门 湖里区 塘边<em class=""vline""></em>经验不限<em class=""vline""></em>本科</p>","<p>计算机软件<em class=""vline""></em>不需要融资<em class=""vline""></em>100-499人</p>"
178,电商运营,优美特科技,4-8K,"<p>厦门 集美区 同集南路<em class=""vline""></em>1-3年<em class=""vline""></em>大专</p>","<p>家具/家电/家居<em class=""vline""></em>未融资<em class=""vline""></em>0-20人</p>"
179,电商运营,米粒儿贸易,3-8K,"<p>厦门 湖里区 湖里大道<em class=""vline""></em>经验不限<em class=""vline""></em>本科</p>","<p>互联网<em class=""vline""></em>未融资<em class=""vline""></em>0-20人</p>"
180,机器学习算法实习生,渊亭科技,6-11K,"<p>厦门 思明区 软件园<em class=""vline""></em>经验不限<em class=""vline""></em>硕士</p>","<p>计算机软件<em class=""vline""></em>A轮<em class=""vline""></em>100-499人</p>"
181,产品运营经理,游动网络,3-8K,"<p>厦门 思明区 莲前<em class=""vline""></em>1-3年<em class=""vline""></em>本科</p>","<p>游戏<em class=""vline""></em>已上市<em class=""vline""></em>100-499人</p>"
182,机器学习算法工程师,渊亭科技,11-20K,"<p>厦门 思明区 软件园<em class=""vline""></em>1-3年<em class=""vline""></em>硕士</p>","<p>计算机软件<em class=""vline""></em>A轮<em class=""vline""></em>100-499人</p>"
183,淘宝运营,信乐,4-9K,"<p>厦门 集美区 后溪<em class=""vline""></em>1-3年<em class=""vline""></em>大专</p>","<p>电子商务<em class=""vline""></em>0-20人</p>"
184,运营推广,金银海文化传媒,5-10K,"<p>厦门 湖里区 大唐世家<em class=""vline""></em>经验不限<em class=""vline""></em>本科</p>","<p>音乐/视频/阅读<em class=""vline""></em>A轮<em class=""vline""></em>20-99人</p>"
185,外贸业务员,英格恋,4-8K,"<p>厦门 海沧区 石塘<em class=""vline""></em>1年以内<em class=""vline""></em>大专</p>","<p>贸易/进出口<em class=""vline""></em>0-20人</p>"
186,产品经理,渊亭科技,10-15K,"<p>厦门 思明区 软件园<em class=""vline""></em>1年以内<em class=""vline""></em>本科</p>","<p>计算机软件<em class=""vline""></em>A轮<em class=""vline""></em>100-499人</p>"
187,电商运营,络易商贸,6-8K,"<p>厦门 思明区 观音山<em class=""vline""></em>1-3年<em class=""vline""></em>大专</p>","<p>电子商务<em class=""vline""></em>未融资<em class=""vline""></em>20-99人</p>"
188,网络推广运营,FOREVEREST,6-7K,"<p>厦门 湖里区 五缘湾<em class=""vline""></em>1-3年<em class=""vline""></em>大专</p>","<p>贸易/进出口<em class=""vline""></em>0-20人</p>"
189,烘焙研发经理,瑞幸咖啡,12-24K,"<p>厦门 思明区 会展中心<em class=""vline""></em>5-10年<em class=""vline""></em>本科</p>","<p>互联网<em class=""vline""></em>已上市<em class=""vline""></em>10000人以上</p>"
190,项目经理,创元邦达软件,12-24K,"<p>厦门  <em class=""vline""></em>3-5年<em class=""vline""></em>本科</p>","<p>互联网<em class=""vline""></em>A轮<em class=""vline""></em>20-99人</p>"
191,.NET,水融石文产,5-10K,"<p>厦门 思明区 观音山<em class=""vline""></em>1-3年<em class=""vline""></em>本科</p>","<p>音乐/视频/阅读<em class=""vline""></em>天使轮<em class=""vline""></em>20-99人</p>"
192,视觉识别工程师,医数通科技,10-15K,"<p>厦门 思明区 软件园<em class=""vline""></em>经验不限<em class=""vline""></em>本科</p>","<p>计算机软件<em class=""vline""></em>未融资<em class=""vline""></em>20-99人</p>"
193,新媒体运营,厦门道可,5-10K,"<p>厦门 思明区 滨北<em class=""vline""></em>1年以内<em class=""vline""></em>本科</p>","<p>4S店/后市场<em class=""vline""></em>20-99人</p>"
194,网店运营主管,同美维创,3-6K,"<p>厦门 湖里区 塘边<em class=""vline""></em>1年以内<em class=""vline""></em>学历不限</p>","<p>印刷/包装/造纸<em class=""vline""></em>未融资<em class=""vline""></em>0-20人</p>"
195,产品专员,宜众,5-10K,"<p>厦门 思明区 <em class=""vline""></em>经验不限<em class=""vline""></em>本科</p>","<p>移动互联网<em class=""vline""></em>未融资<em class=""vline""></em>100-499人</p>"
196,运营经理/市场主管,天裕博纳,5-8K,"<p>厦门 思明区 江头<em class=""vline""></em>1-3年<em class=""vline""></em>本科</p>","<p>培训机构<em class=""vline""></em>未融资<em class=""vline""></em>0-20人</p>"
197,外贸电商运营,镜雅,3-6K,"<p>厦门 海沧区 新阳工业区<em class=""vline""></em>1年以内<em class=""vline""></em>本科</p>","<p>电子商务<em class=""vline""></em>不需要融资<em class=""vline""></em>20-99人</p>"
198,技术合伙人,水融石文产,6-10K,"<p>厦门 思明区 观音山<em class=""vline""></em>3-5年<em class=""vline""></em>本科</p>","<p>音乐/视频/阅读<em class=""vline""></em>天使轮<em class=""vline""></em>20-99人</p>"
199,电商运营,斯拓森,5-9K,"<p>厦门 湖里区 湖里大道<em class=""vline""></em>1年以内<em class=""vline""></em>大专</p>","<p>电子商务<em class=""vline""></em>未融资<em class=""vline""></em>0-20人</p>"
200,运营助理/专员,爱贝星,4-6K,"<p>厦门  <em class=""vline""></em>1年以内<em class=""vline""></em>本科</p>","<p>电子商务<em class=""vline""></em>未融资<em class=""vline""></em>0-20人</p>"
201,电商运营,悠游陶,4-5K,"<p>厦门 湖里区 金山<em class=""vline""></em>1年以内<em class=""vline""></em>本科</p>","<p>贸易/进出口<em class=""vline""></em>0-20人</p>"
202,运维开发工程师,神州优车集团,20-40K,"<p>厦门 思明区 会展中心<em class=""vline""></em>3-5年<em class=""vline""></em>本科</p>","<p>生活服务<em class=""vline""></em>已上市<em class=""vline""></em>10000人以上</p>"
203,项目助理,千一整合营销策划,3-6K,"<p>厦门 思明区 厦港<em class=""vline""></em>经验不限<em class=""vline""></em>高中</p>","<p>广告/公关/会展<em class=""vline""></em>不需要融资<em class=""vline""></em>0-20人</p>"
204,阿里国际站运营,美合意,4-6K,"<p>厦门 湖里区 五缘湾<em class=""vline""></em>1年以内<em class=""vline""></em>本科</p>","<p>电子商务<em class=""vline""></em>0-20人</p>"
205,电商运营,象蜂科技,4-6K,"<p>厦门  <em class=""vline""></em>1年以内<em class=""vline""></em>本科</p>","<p>互联网<em class=""vline""></em>天使轮<em class=""vline""></em>20-99人</p>"
206,抵押贷渠道经理（4人）,财际通投资管理,20-40K,"<p>厦门 思明区 火车站<em class=""vline""></em>1-3年<em class=""vline""></em>硕士</p>","<p>互联网金融<em class=""vline""></em>不需要融资<em class=""vline""></em>20-99人</p>"
207,运营编辑,哇咩文化,8-9K,"<p>厦门  <em class=""vline""></em>1-3年<em class=""vline""></em>本科</p>","<p>媒体<em class=""vline""></em>不需要融资<em class=""vline""></em>0-20人</p>"
208,电话客服,西安永辉,4-8K,"<p>厦门 湖里区 枋湖<em class=""vline""></em>1年以内<em class=""vline""></em>中专/中技</p>","<p>投资/融资<em class=""vline""></em>不需要融资<em class=""vline""></em>100-499人</p>"
209,运营助理/专员,思蜜丝织带饰品,4-8K,"<p>厦门 湖里区 五缘湾<em class=""vline""></em>1年以内<em class=""vline""></em>大专</p>","<p>贸易/进出口<em class=""vline""></em>不需要融资<em class=""vline""></em>0-20人</p>"
210,市场调研,助推器文化传播,7-14K,"<p>厦门 思明区 火车站<em class=""vline""></em>1年以内<em class=""vline""></em>本科</p>","<p>广告营销<em class=""vline""></em>0-20人</p>"
211,催收专员,西安永辉,5-10K,"<p>厦门 湖里区 禾山<em class=""vline""></em>经验不限<em class=""vline""></em>中专/中技</p>","<p>投资/融资<em class=""vline""></em>不需要融资<em class=""vline""></em>100-499人</p>"
212,风控,西安永辉,5-10K,"<p>厦门 湖里区 枋湖<em class=""vline""></em>1年以内<em class=""vline""></em>中专/中技</p>","<p>投资/融资<em class=""vline""></em>不需要融资<em class=""vline""></em>100-499人</p>"
213,销售经理/主管,乐福云聚,3-6K,"<p>厦门 集美区 灌口<em class=""vline""></em>1-3年<em class=""vline""></em>高中</p>","<p>装修装饰<em class=""vline""></em>0-20人</p>"
214,运营,漫格尔,10-11K,"<p>厦门 思明区 黄厝<em class=""vline""></em>5-10年<em class=""vline""></em>学历不限</p>","<p>婚庆/摄影<em class=""vline""></em>未融资<em class=""vline""></em>0-20人</p>"
215,电商运营,南单贸易,5-6K,"<p>厦门 湖里区 万达广场<em class=""vline""></em>1-3年<em class=""vline""></em>大专</p>","<p>电子商务<em class=""vline""></em>0-20人</p>"
216,电话催收,西安永辉,5-10K,"<p>厦门 湖里区 禾山<em class=""vline""></em>经验不限<em class=""vline""></em>学历不限</p>","<p>投资/融资<em class=""vline""></em>不需要融资<em class=""vline""></em>100-499人</p>"
217,运营总监助理,三只豹子,4-9K,"<p>厦门 思明区 文灶<em class=""vline""></em>经验不限<em class=""vline""></em>学历不限</p>","<p>电子商务<em class=""vline""></em>未融资<em class=""vline""></em>20-99人</p>"
218,新媒体运营,幸福的味道,4-8K,"<p>厦门 思明区 厦门大学<em class=""vline""></em>1-3年<em class=""vline""></em>大专</p>","<p>生活服务<em class=""vline""></em>未融资<em class=""vline""></em>100-499人</p>"
219,广告分析投放专员,指动,5-10K,"<p>厦门 思明区 软件园<em class=""vline""></em>1年以内<em class=""vline""></em>本科</p>","<p>电子商务<em class=""vline""></em>不需要融资<em class=""vline""></em>20-99人</p>"
220,淘宝运营,贪肉堂,4-5K,"<p>厦门 湖里区 金山<em class=""vline""></em>应届生<em class=""vline""></em>大专</p>","<p>贸易/进出口<em class=""vline""></em>不需要融资<em class=""vline""></em>0-20人</p>"
221,电商运营,方舟盾,5-8K,"<p>厦门 湖里区 五缘湾<em class=""vline""></em>3-5年<em class=""vline""></em>大专</p>","<p>电子商务<em class=""vline""></em>未融资<em class=""vline""></em>0-20人</p>"
222,电商运营,屋檐,4-6K,"<p>厦门 湖里区 湖里公园<em class=""vline""></em>3-5年<em class=""vline""></em>大专</p>","<p>贸易/进出口<em class=""vline""></em>未融资<em class=""vline""></em>20-99人</p>"
223,网络推广,厦门市凰冠网络,10-20K,"<p>厦门 思明区 前埔<em class=""vline""></em>1年以内<em class=""vline""></em>本科</p>","<p>游戏<em class=""vline""></em>未融资<em class=""vline""></em>20-99人</p>"
224,新媒体运营,一波说,4-6K,"<p>厦门 思明区 观音山<em class=""vline""></em>1-3年<em class=""vline""></em>本科</p>","<p>音乐/视频/阅读<em class=""vline""></em>未融资<em class=""vline""></em>20-99人</p>"
225,电商运营助理,奥赢网络,4-6K,"<p>厦门  <em class=""vline""></em>1年以内<em class=""vline""></em>本科</p>","<p>电子商务<em class=""vline""></em>0-20人</p>"
226,竞价,山水伟业网络科技,5-8K,"<p>厦门 思明区 厦港<em class=""vline""></em>1年以内<em class=""vline""></em>学历不限</p>","<p>医疗/护理/卫生<em class=""vline""></em>20-99人</p>"
227,培训师,生活百事通,3-8K,"<p>厦门  <em class=""vline""></em>经验不限<em class=""vline""></em>大专</p>","<p>广告营销<em class=""vline""></em>未融资<em class=""vline""></em>20-99人</p>"
228,网络推广,奥佰佳,4-6K,"<p>厦门 思明区 黄厝<em class=""vline""></em>3-5年<em class=""vline""></em>本科</p>","<p>其他行业<em class=""vline""></em>20-99人</p>"
229,大鸿物流（航空）：招聘客服、运营、财务,云为物联,3-5K,"<p>厦门  <em class=""vline""></em>1年以内<em class=""vline""></em>高中</p>","<p>生活服务<em class=""vline""></em>未融资<em class=""vline""></em>0-20人</p>"
230,网络运营,漫薇旅拍,10-15K,"<p>厦门 思明区 黄厝<em class=""vline""></em>经验不限<em class=""vline""></em>学历不限</p>","<p>生活服务<em class=""vline""></em>20-99人</p>"
231,电商运营,瑞飞通,4-8K,"<p>厦门 湖里区 五缘湾<em class=""vline""></em>经验不限<em class=""vline""></em>学历不限</p>","<p>电子商务<em class=""vline""></em>0-20人</p>"
232,网络推广,魔奇英语,4-6K,"<p>厦门 思明区 滨北<em class=""vline""></em>1年以内<em class=""vline""></em>本科</p>","<p>在线教育<em class=""vline""></em>未融资<em class=""vline""></em>500-999人</p>"
233,运营助理/专员,智贸趋,4-7K,"<p>厦门 思明区 莲坂<em class=""vline""></em>1年以内<em class=""vline""></em>大专</p>","<p>移动互联网<em class=""vline""></em>未融资<em class=""vline""></em>20-99人</p>"
234,业务主管,永信发,9-12K,"<p>厦门 思明区 松柏<em class=""vline""></em>5-10年<em class=""vline""></em>本科</p>","<p>贸易/进出口<em class=""vline""></em>不需要融资<em class=""vline""></em>20-99人</p>"
235,数据运营,美菜网,5-8K,"<p>厦门  <em class=""vline""></em>经验不限<em class=""vline""></em>大专</p>","<p>移动互联网<em class=""vline""></em>D轮及以上<em class=""vline""></em>10000人以上</p>"
236,电商运营,贝来,3-5K,"<p>厦门  <em class=""vline""></em>1-3年<em class=""vline""></em>本科</p>","<p>服装/纺织/皮革<em class=""vline""></em>0-20人</p>"
237,语义实施管培（应届毕业生亦可）(J10281),厦门云知声,4-6K,"<p>厦门  <em class=""vline""></em>应届生<em class=""vline""></em>本科</p>","<p>计算机软件<em class=""vline""></em>C轮<em class=""vline""></em>20-99人</p>"
238,外贸业务员B2B,中衡联,5-6K,"<p>厦门 湖里区 五缘湾<em class=""vline""></em>1-3年<em class=""vline""></em>本科</p>","<p>贸易/进出口<em class=""vline""></em>未融资<em class=""vline""></em>0-20人</p>"
239,商品专员,名诗媛,3-5K,"<p>厦门 湖里区 禾山<em class=""vline""></em>1年以内<em class=""vline""></em>学历不限</p>","<p>服装/纺织/皮革<em class=""vline""></em>20-99人</p>"
240,IT技术支持,中凯盛,3-5K,"<p>厦门  <em class=""vline""></em>1-3年<em class=""vline""></em>本科</p>","<p>电子商务<em class=""vline""></em>20-99人</p>"
241,运营助理/专员,共道创客,3-8K,"<p>厦门 集美区 侨英<em class=""vline""></em>1年以内<em class=""vline""></em>本科</p>","<p>电子商务<em class=""vline""></em>未融资<em class=""vline""></em>20-99人</p>"
242,短视频运营,万维智利,4-8K,"<p>厦门 集美区 石鼓路<em class=""vline""></em>1-3年<em class=""vline""></em>大专</p>","<p>文化/体育/娱乐<em class=""vline""></em>不需要融资<em class=""vline""></em>20-99人</p>"
243,平台运营,智贸趋,4-8K,"<p>厦门 思明区 莲坂<em class=""vline""></em>1-3年<em class=""vline""></em>大专</p>","<p>移动互联网<em class=""vline""></em>未融资<em class=""vline""></em>20-99人</p>"
244,淘宝运营,佰领,4-6K,"<p>厦门 集美区 <em class=""vline""></em>经验不限<em class=""vline""></em>学历不限</p>","<p>电子商务<em class=""vline""></em>未融资<em class=""vline""></em>20-99人</p>"
245,市场总监,上海街亨信息科技,8-10K,"<p>厦门 湖里区 五缘湾<em class=""vline""></em>1-3年<em class=""vline""></em>本科</p>","<p>生活服务<em class=""vline""></em>未融资<em class=""vline""></em>0-20人</p>"
246,京东/网店运营,mushu智能美容仪,4-7K,"<p>厦门 思明区 软件园<em class=""vline""></em>1-3年<em class=""vline""></em>本科</p>","<p>智能硬件<em class=""vline""></em>已上市<em class=""vline""></em>20-99人</p>"
247,网络运营,环球伯爵,2-7K,"<p>厦门 思明区 厦门大学<em class=""vline""></em>经验不限<em class=""vline""></em>学历不限</p>","<p>生活服务<em class=""vline""></em>未融资<em class=""vline""></em>20-99人</p>"
248,跨境电商运营,点净,4-6K,"<p>厦门 翔安区 马巷<em class=""vline""></em>1年以内<em class=""vline""></em>大专</p>","<p>其他行业<em class=""vline""></em>天使轮<em class=""vline""></em>0-20人</p>"
249,外贸业务助理,博盛特进出口,4-8K,"<p>厦门 思明区 莲花<em class=""vline""></em>经验不限<em class=""vline""></em>中专/中技</p>","<p>贸易/进出口<em class=""vline""></em>0-20人</p>"
250,CTO,厦门中恒天下,20-40K,"<p>厦门 思明区 观音山<em class=""vline""></em>5-10年<em class=""vline""></em>本科</p>","<p>计算机软件<em class=""vline""></em>天使轮<em class=""vline""></em>20-99人</p>"
251,美工,众瀛泰,3-4K,"<p>厦门  <em class=""vline""></em>1-3年<em class=""vline""></em>大专</p>","<p>运营商/增值服务<em class=""vline""></em>0-20人</p>"
252,电商运营,恐龙来啦,7-12K,"<p>厦门 思明区 滨北<em class=""vline""></em>3-5年<em class=""vline""></em>高中</p>","<p>电子商务<em class=""vline""></em>0-20人</p>"
253,电商运营,爱婴宝健康咨询,3-6K,"<p>厦门 思明区 禾祥西路<em class=""vline""></em>1-3年<em class=""vline""></em>大专</p>","<p>医疗健康<em class=""vline""></em>20-99人</p>"
254,电商运营,厦门鱼跃,5-10K,"<p>厦门 思明区 前埔<em class=""vline""></em>经验不限<em class=""vline""></em>本科</p>","<p>互联网<em class=""vline""></em>0-20人</p>"
255,运营助理/专员,一陆领鲜,5-6K,"<p>厦门  <em class=""vline""></em>经验不限<em class=""vline""></em>大专</p>","<p>电子商务<em class=""vline""></em>未融资<em class=""vline""></em>20-99人</p>"
256,运维开发工程师,万商堂,3-6K,"<p>厦门 思明区 莲花<em class=""vline""></em>应届生<em class=""vline""></em>学历不限</p>","<p>计算机软件<em class=""vline""></em>不需要融资<em class=""vline""></em>20-99人</p>"
257,自动车技术员,钏鑫机械,7-8K,"<p>厦门 同安区 新民<em class=""vline""></em>1年以内<em class=""vline""></em>高中</p>","<p>仪器仪表/工业自动化<em class=""vline""></em>0-20人</p>"
258,电商运营助理,屹轩云和,4-7K,"<p>厦门 思明区 厦门大学<em class=""vline""></em>1-3年<em class=""vline""></em>大专</p>","<p>智能硬件<em class=""vline""></em>未融资<em class=""vline""></em>0-20人</p>"
259,商家运营,曹如记肉夹馍,50-51K,"<p>厦门 思明区 会展中心<em class=""vline""></em>1-3年<em class=""vline""></em>本科</p>","<p>餐饮<em class=""vline""></em>20-99人</p>"
260,市场调研,厦门苏宁机电,2-3K,"<p>厦门 湖里区 五缘湾<em class=""vline""></em>经验不限<em class=""vline""></em>学历不限</p>","<p>智能硬件<em class=""vline""></em>0-20人</p>"
261,系统管理员,万商堂,3-6K,"<p>厦门 思明区 莲花<em class=""vline""></em>应届生<em class=""vline""></em>学历不限</p>","<p>计算机软件<em class=""vline""></em>不需要融资<em class=""vline""></em>20-99人</p>"
262,商家运营,姐和弟餐饮,4-5K,"<p>厦门 思明区 瑞景<em class=""vline""></em>1年以内<em class=""vline""></em>大专</p>","<p>餐饮<em class=""vline""></em>未融资<em class=""vline""></em>100-499人</p>"
263,网络推广,中闽通西,5-10K,"<p>厦门 湖里区 五缘湾<em class=""vline""></em>1-3年<em class=""vline""></em>本科</p>","<p>电子商务<em class=""vline""></em>20-99人</p>"
264,产品经理,厦门拾间网络技术公司,8-10K,"<p>厦门 思明区 厦门大学<em class=""vline""></em>1-3年<em class=""vline""></em>大专</p>","<p>移动互联网<em class=""vline""></em>未融资<em class=""vline""></em>0-20人</p>"
265,数据开发,美团点评,20-40K,"<p>厦门 思明区 会展中心<em class=""vline""></em>1-3年<em class=""vline""></em>本科</p>","<p>O2O<em class=""vline""></em>已上市<em class=""vline""></em>10000人以上</p>"
266,电商运营,白海豚跨境,4-8K,"<p>厦门 思明区 莲花<em class=""vline""></em>1年以内<em class=""vline""></em>大专</p>","<p>在线教育<em class=""vline""></em>未融资<em class=""vline""></em>0-20人</p>"
267,商户经营部项目助理,易点生活,4-6K,"<p>厦门 思明区 观音山<em class=""vline""></em>经验不限<em class=""vline""></em>本科</p>","<p>互联网<em class=""vline""></em>不需要融资<em class=""vline""></em>100-499人</p>"
268,淘宝直播运营总监,灵思动量,10-15K,"<p>厦门  <em class=""vline""></em>1-3年<em class=""vline""></em>学历不限</p>","<p>广告营销<em class=""vline""></em>1000-9999人</p>"
269,电商运营,世纪壹品办公文具,4-8K,"<p>厦门 湖里区 塘边<em class=""vline""></em>1年以内<em class=""vline""></em>大专</p>","<p>办公用品及设备<em class=""vline""></em>不需要融资<em class=""vline""></em>0-20人</p>"
270,外贸专员,厦门市贝昇工贸,4-8K,"<p>厦门 翔安区 新店<em class=""vline""></em>经验不限<em class=""vline""></em>大专</p>","<p>贸易/进出口<em class=""vline""></em>未融资<em class=""vline""></em>0-20人</p>"
271,高级大数据工程师,英硕咨询,20-40K,"<p>厦门 思明区 会展中心<em class=""vline""></em>3-5年<em class=""vline""></em>本科</p>","<p>人力资源服务<em class=""vline""></em>未融资<em class=""vline""></em>0-20人</p>"
272,平安普惠客户经理,平安普惠,6-11K,"<p>厦门 思明区 开元<em class=""vline""></em>经验不限<em class=""vline""></em>大专</p>","<p>O2O<em class=""vline""></em>未融资<em class=""vline""></em>10000人以上</p>"
273,阿里巴巴国际站运营,汇铭商贸,4-6K,"<p>厦门  <em class=""vline""></em>1-3年<em class=""vline""></em>本科</p>","<p>贸易/进出口<em class=""vline""></em>未融资<em class=""vline""></em>0-20人</p>"
274,网络推广,风颂网络,2-3K,"<p>厦门 思明区 轮渡<em class=""vline""></em>经验不限<em class=""vline""></em>大专</p>","<p>计算机服务<em class=""vline""></em>0-20人</p>"
275,产品经理,为权侠,10-11K,"<p>厦门 湖里区 五缘湾<em class=""vline""></em>3-5年<em class=""vline""></em>本科</p>","<p>企业服务<em class=""vline""></em>A轮<em class=""vline""></em>20-99人</p>"
276,产品专员,欧立特,10-11K,"<p>厦门 思明区 禾祥西路<em class=""vline""></em>1年以内<em class=""vline""></em>本科</p>","<p>批发/零售<em class=""vline""></em>0-20人</p>"
277,网络工程师,厦门汇之讯网络,5-10K,"<p>厦门 思明区 火车站<em class=""vline""></em>经验不限<em class=""vline""></em>中专/中技</p>","<p>数据服务<em class=""vline""></em>不需要融资<em class=""vline""></em>20-99人</p>"
278,Affiliate Manager联盟经理,鲸创,5-10K,"<p>厦门 思明区 软件园<em class=""vline""></em>1-3年<em class=""vline""></em>本科</p>","<p>电子商务<em class=""vline""></em>不需要融资<em class=""vline""></em>20-99人</p>"
279,电商运营,中闽通西,5-10K,"<p>厦门 湖里区 五缘湾<em class=""vline""></em>3-5年<em class=""vline""></em>大专</p>","<p>电子商务<em class=""vline""></em>20-99人</p>"
280,产品运营,为权侠,9-10K,"<p>厦门 湖里区 五缘湾<em class=""vline""></em>3-5年<em class=""vline""></em>本科</p>","<p>企业服务<em class=""vline""></em>A轮<em class=""vline""></em>20-99人</p>"
281,网络推广,厦门谊尼商务咨询公司,3-5K,"<p>厦门 湖里区 五缘湾<em class=""vline""></em>经验不限<em class=""vline""></em>学历不限</p>","<p>电子商务<em class=""vline""></em>0-20人</p>"
282,产品总监,思奔,9-15K,"<p>厦门 思明区 轮渡<em class=""vline""></em>3-5年<em class=""vline""></em>大专</p>","<p>旅游<em class=""vline""></em>不需要融资<em class=""vline""></em>100-499人</p>"
283,外贸专员,电商外贸企业,2-4K,"<p>厦门  <em class=""vline""></em>1-3年<em class=""vline""></em>学历不限</p>","<p>贸易/进出口<em class=""vline""></em>未融资<em class=""vline""></em>0-20人</p>"
284,网络推广,寻拍旅拍,5-7K,"<p>厦门 思明区 前埔<em class=""vline""></em>1-3年<em class=""vline""></em>本科</p>","<p>电子商务<em class=""vline""></em>A轮<em class=""vline""></em>100-499人</p>"
285,网络推广,安信睿德地产咨询,4-5K,"<p>厦门 思明区 观音山<em class=""vline""></em>1年以内<em class=""vline""></em>大专</p>","<p>地产经纪/中介<em class=""vline""></em>不需要融资<em class=""vline""></em>0-20人</p>"
286,电商运营,佰伦德贸易,4-8K,"<p>厦门 思明区 文灶<em class=""vline""></em>1年以内<em class=""vline""></em>本科</p>","<p>电子商务<em class=""vline""></em>不需要融资<em class=""vline""></em>20-99人</p>"
287,广点通运营,搜浪厦门,8-12K,"<p>厦门 思明区 观音山<em class=""vline""></em>3-5年<em class=""vline""></em>学历不限</p>","<p>广告营销<em class=""vline""></em>未融资<em class=""vline""></em>20-99人</p>"
288,运营助理/专员,沃特玛商城,4-8K,"<p>厦门  <em class=""vline""></em>经验不限<em class=""vline""></em>学历不限</p>","<p>移动互联网<em class=""vline""></em>A轮<em class=""vline""></em>20-99人</p>"
289,电商运营,九级浪,3-4K,"<p>厦门 集美区 杏南<em class=""vline""></em>1年以内<em class=""vline""></em>本科</p>","<p>电子商务<em class=""vline""></em>未融资<em class=""vline""></em>0-20人</p>"
290,网络推广,昊萌,5-6K,"<p>厦门 湖里区 殿前<em class=""vline""></em>1年以内<em class=""vline""></em>大专</p>","<p>运营商/增值服务<em class=""vline""></em>0-20人</p>"
291,电商运营,欧朗德烧烤店,3-5K,"<p>厦门 思明区 火车站<em class=""vline""></em>经验不限<em class=""vline""></em>学历不限</p>","<p>餐饮<em class=""vline""></em>未融资<em class=""vline""></em>0-20人</p>"
292,产品运营,起楚商贸,3-4K,"<p>厦门 思明区 滨北<em class=""vline""></em>1-3年<em class=""vline""></em>大专</p>","<p>新零售<em class=""vline""></em>已上市<em class=""vline""></em>0-20人</p>"
293,产品经理,赤心少年,6-12K,"<p>厦门 思明区 软件园<em class=""vline""></em>3-5年<em class=""vline""></em>本科</p>","<p>在线教育<em class=""vline""></em>0-20人</p>"
294,微信运营,护驾卫士,6-8K,"<p>厦门 海沧区 未来海岸<em class=""vline""></em>5-10年<em class=""vline""></em>学历不限</p>","<p>新零售<em class=""vline""></em>天使轮<em class=""vline""></em>0-20人</p>"
295,高级大数据工程师,厦门趣店科技有限公司,18-35K,"<p>厦门 思明区 会展中心<em class=""vline""></em>3-5年<em class=""vline""></em>本科</p>","<p>互联网<em class=""vline""></em>已上市<em class=""vline""></em>1000-9999人</p>"
296,产品经理,点信科技,4-8K,"<p>厦门 思明区 禾祥西路<em class=""vline""></em>1-3年<em class=""vline""></em>大专</p>","<p>租赁/拍卖/典当/担保<em class=""vline""></em>0-20人</p>"
297,产品运营,泊瀚娱乐,3-6K,"<p>厦门  <em class=""vline""></em>经验不限<em class=""vline""></em>学历不限</p>","<p>音乐/视频/阅读<em class=""vline""></em>A轮<em class=""vline""></em>500-999人</p>"
298,外贸专员,厦门菲莹日化,4-5K,"<p>厦门 同安区 西柯<em class=""vline""></em>1年以内<em class=""vline""></em>本科</p>","<p>日化<em class=""vline""></em>0-20人</p>"
299,数据运营,先锋餐饮管理,4-6K,"<p>厦门 集美区 厦门北站<em class=""vline""></em>应届生<em class=""vline""></em>大专</p>","<p>餐饮<em class=""vline""></em>未融资<em class=""vline""></em>20-99人</p>"
