,岗位名称,公司名称,薪资,岗位信息,公司信息
0,数据分析主管,今日头条,8-13K,"<p>武汉 洪山区 徐东<em class=""vline""></em>3-5年<em class=""vline""></em>本科</p>","<p>移动互联网<em class=""vline""></em>D轮及以上<em class=""vline""></em>10000人以上</p>"
1,数据分析工程师,海康威视,11-20K,"<p>武汉 洪山区 光谷<em class=""vline""></em>5-10年<em class=""vline""></em>本科</p>","<p>计算机软件<em class=""vline""></em>已上市<em class=""vline""></em>10000人以上</p>"
2,数据分析师,天贝科技公司,12-20K,"<p>武汉 江夏区 光谷<em class=""vline""></em>3-5年<em class=""vline""></em>硕士</p>","<p>互联网<em class=""vline""></em>不需要融资<em class=""vline""></em>100-499人</p>"
3,高级数据分析经理,盛天网络,18-30K,"<p>武汉 江夏区 光谷<em class=""vline""></em>5-10年<em class=""vline""></em>本科</p>","<p>互联网<em class=""vline""></em>已上市<em class=""vline""></em>500-999人</p>"
4,数据分析师,先进数通,5-10K,"<p>武汉 江夏区 光谷<em class=""vline""></em>经验不限<em class=""vline""></em>大专</p>","<p>计算机软件<em class=""vline""></em>已上市<em class=""vline""></em>1000-9999人</p>"
5,数据分析师,巢之安电子商务公司,4-7K,"<p>武汉 洪山区 珞狮南路<em class=""vline""></em>1-3年<em class=""vline""></em>大专</p>","<p>医疗健康<em class=""vline""></em>不需要融资<em class=""vline""></em>500-999人</p>"
6,数据分析/数据挖掘,中软国际,12-22K,"<p>武汉 洪山区 光谷<em class=""vline""></em>5-10年<em class=""vline""></em>本科</p>","<p>计算机软件<em class=""vline""></em>已上市<em class=""vline""></em>10000人以上</p>"
7,数据分析师,先进数通,5-10K,"<p>武汉 武昌区 中南路<em class=""vline""></em>3-5年<em class=""vline""></em>大专</p>","<p>计算机软件<em class=""vline""></em>已上市<em class=""vline""></em>1000-9999人</p>"
8,数据分析-武汉,丰巢科技,14-28K·14薪,"<p>武汉 江夏区 光谷东<em class=""vline""></em>3-5年<em class=""vline""></em>本科</p>","<p>互联网<em class=""vline""></em>B轮<em class=""vline""></em>1000-9999人</p>"
9,数据分析师,掌游科技,5-10K,"<p>武汉 洪山区 珞狮南路<em class=""vline""></em>1-3年<em class=""vline""></em>本科</p>","<p>互联网<em class=""vline""></em>已上市<em class=""vline""></em>100-499人</p>"
10,数据分析师,二拍科技传媒,8-10K,"<p>武汉 江夏区 光谷<em class=""vline""></em>应届生<em class=""vline""></em>硕士</p>","<p>媒体<em class=""vline""></em>不需要融资<em class=""vline""></em>20-99人</p>"
11,数据分析师,艾沃思,4-6K,"<p>武汉 武昌区 中北路<em class=""vline""></em>经验不限<em class=""vline""></em>本科</p>","<p>智能硬件<em class=""vline""></em>未融资<em class=""vline""></em>20-99人</p>"
12,高级数据分析师,武汉精臣智慧标识,6-12K,"<p>武汉 洪山区 南湖<em class=""vline""></em>5-10年<em class=""vline""></em>本科</p>","<p>电子商务<em class=""vline""></em>不需要融资<em class=""vline""></em>100-499人</p>"
13,数据分析师,诚为上,9-10K,"<p>武汉 江夏区 流芳<em class=""vline""></em>1年以内<em class=""vline""></em>本科</p>","<p>批发/零售<em class=""vline""></em>未融资<em class=""vline""></em>100-499人</p>"
14,数据分析实习岗,武汉安天,100-130/天,"<p>武汉 洪山区 光谷<em class=""vline""></em>3天/周<em class=""vline""></em>3个月<em class=""vline""></em>硕士</p>","<p>移动互联网<em class=""vline""></em>C轮<em class=""vline""></em>100-499人</p>"
15,高级数据分析工程师,武汉安天,8-12K,"<p>武汉 洪山区 光谷<em class=""vline""></em>1-3年<em class=""vline""></em>本科</p>","<p>移动互联网<em class=""vline""></em>C轮<em class=""vline""></em>100-499人</p>"
16,数据分析师,盖饭娱乐,10-15K,"<p>武汉 武昌区 中南路<em class=""vline""></em>1-3年<em class=""vline""></em>硕士</p>","<p>媒体<em class=""vline""></em>A轮<em class=""vline""></em>100-499人</p>"
17,数据分析工程师,武汉安天,7-11K,"<p>武汉 洪山区 光谷<em class=""vline""></em>经验不限<em class=""vline""></em>本科</p>","<p>移动互联网<em class=""vline""></em>C轮<em class=""vline""></em>100-499人</p>"
18,数据分析专员,有家实业,4-6K,"<p>武汉 江汉区 常青<em class=""vline""></em>1-3年<em class=""vline""></em>大专</p>","<p>生活服务<em class=""vline""></em>未融资<em class=""vline""></em>1000-9999人</p>"
19,数据分析实习生,卓尔智联集团,3-4K,"<p>武汉  <em class=""vline""></em>应届生<em class=""vline""></em>本科</p>","<p>其他行业<em class=""vline""></em>已上市<em class=""vline""></em>1000-9999人</p>"
20,临床数据分析,科域生物,6-12K,"<p>武汉 洪山区 光谷<em class=""vline""></em>经验不限<em class=""vline""></em>硕士</p>","<p>医疗健康<em class=""vline""></em>不需要融资<em class=""vline""></em>100-499人</p>"
21,风控数据分析师,天贝科技公司,12-20K,"<p>武汉 江夏区 光谷<em class=""vline""></em>3-5年<em class=""vline""></em>硕士</p>","<p>互联网<em class=""vline""></em>不需要融资<em class=""vline""></em>100-499人</p>"
22,数据分析主管（跨境电商）,古之道,4-8K,"<p>武汉 武昌区 中南路<em class=""vline""></em>1-3年<em class=""vline""></em>本科</p>","<p>电子商务<em class=""vline""></em>未融资<em class=""vline""></em>100-499人</p>"
23,数据分析师,海纳之通网络科技,5-8K,"<p>武汉 洪山区 光谷<em class=""vline""></em>应届生<em class=""vline""></em>本科</p>","<p>电子商务<em class=""vline""></em>不需要融资<em class=""vline""></em>20-99人</p>"
24,数据分析专员,恒诺市场研究,3-6K,"<p>武汉 武昌区 徐东<em class=""vline""></em>1-3年<em class=""vline""></em>本科</p>","<p>广告营销<em class=""vline""></em>不需要融资<em class=""vline""></em>20-99人</p>"
25,数据分析师 理工科生优先 英语四级,武汉微星电商,5-10K,"<p>武汉 洪山区 光谷<em class=""vline""></em>应届生<em class=""vline""></em>大专</p>","<p>电子商务<em class=""vline""></em>未融资<em class=""vline""></em>20-99人</p>"
26,数据分析师/数据分析员,武汉三草两木商贸,4-6K,"<p>武汉 江岸区 永清<em class=""vline""></em>1-3年<em class=""vline""></em>大专</p>","<p>批发/零售<em class=""vline""></em>未融资<em class=""vline""></em>500-999人</p>"
27,医药学数据分析师,云豹科技有限公司,5-7K,"<p>武汉 武昌区 水果湖<em class=""vline""></em>1-3年<em class=""vline""></em>本科</p>","<p>互联网<em class=""vline""></em>不需要融资<em class=""vline""></em>20-99人</p>"
28,数据分析师,东风鸿泰商务咨询,7-10K,"<p>武汉 蔡甸区 沌口<em class=""vline""></em>1-3年<em class=""vline""></em>本科</p>","<p>数据服务<em class=""vline""></em>不需要融资<em class=""vline""></em>500-999人</p>"
29,数据分析师,福禄网络,10-20K,"<p>武汉 江夏区 光谷<em class=""vline""></em>5-10年<em class=""vline""></em>本科</p>","<p>游戏<em class=""vline""></em>不需要融资<em class=""vline""></em>100-499人</p>"
30,数据分析,派对家数字科技,7-12K,"<p>武汉 江岸区 江汉路<em class=""vline""></em>经验不限<em class=""vline""></em>本科</p>","<p>互联网<em class=""vline""></em>A轮<em class=""vline""></em>20-99人</p>"
31,数据分析师,北拓物联,8-15K,"<p>武汉  <em class=""vline""></em>1-3年<em class=""vline""></em>学历不限</p>","<p>互联网<em class=""vline""></em>未融资<em class=""vline""></em>20-99人</p>"
32,数据分析师,零壹财经,5-7K,"<p>武汉 武昌区 东亭<em class=""vline""></em>1-3年<em class=""vline""></em>本科</p>","<p>互联网<em class=""vline""></em>B轮<em class=""vline""></em>20-99人</p>"
33,数据分析经理,今日头条,15-30K,"<p>武汉 洪山区 光谷<em class=""vline""></em>1-3年<em class=""vline""></em>本科</p>","<p>移动互联网<em class=""vline""></em>D轮及以上<em class=""vline""></em>10000人以上</p>"
34,环保监测数据分析工程师,湖北彦一,7-8K,"<p>武汉 武昌区 街道口<em class=""vline""></em>经验不限<em class=""vline""></em>本科</p>","<p>环保<em class=""vline""></em>未融资<em class=""vline""></em>20-99人</p>"
35,数据分析师,小橙网络,4-6K,"<p>武汉 洪山区 南湖<em class=""vline""></em>1-3年<em class=""vline""></em>本科</p>","<p>移动互联网<em class=""vline""></em>不需要融资<em class=""vline""></em>20-99人</p>"
36,美团直招数据分析员,宁波斑马,5-9K,"<p>武汉 武昌区 徐家棚<em class=""vline""></em>1年以内<em class=""vline""></em>大专</p>","<p>其他服务业<em class=""vline""></em>500-999人</p>"
37,数据分析员,候普传媒,4-5K,"<p>武汉 汉阳区 晴川<em class=""vline""></em>1-3年<em class=""vline""></em>本科</p>","<p>新闻/出版<em class=""vline""></em>未融资<em class=""vline""></em>100-499人</p>"
38,数据分析师,今日头条,20-40K,"<p>武汉 洪山区 光谷<em class=""vline""></em>3-5年<em class=""vline""></em>本科</p>","<p>移动互联网<em class=""vline""></em>D轮及以上<em class=""vline""></em>10000人以上</p>"
39,数据分析实习生,尊而光律师事务所,2-4K,"<p>武汉 洪山区 珞南<em class=""vline""></em>经验不限<em class=""vline""></em>本科</p>","<p>咨询<em class=""vline""></em>未融资<em class=""vline""></em>100-499人</p>"
40,数据分析师,良品铺子,8-12K·14薪,"<p>武汉 东西湖区 金银湖<em class=""vline""></em>3-5年<em class=""vline""></em>大专</p>","<p>电子商务<em class=""vline""></em>不需要融资<em class=""vline""></em>10000人以上</p>"
41,舆情数据分析员,南京烽火,4-6K,"<p>武汉 洪山区 华科大<em class=""vline""></em>1年以内<em class=""vline""></em>本科</p>","<p>信息安全<em class=""vline""></em>不需要融资<em class=""vline""></em>1000-9999人</p>"
42,数据分析开发经理岗,拓普丰联信息工程公司,10-15K,"<p>武汉 武昌区 中北路<em class=""vline""></em>3-5年<em class=""vline""></em>本科</p>","<p>计算机软件<em class=""vline""></em>不需要融资<em class=""vline""></em>100-499人</p>"
43,高级数据分析师,今日头条,10-11K,"<p>武汉 洪山区 徐东<em class=""vline""></em>1-3年<em class=""vline""></em>本科</p>","<p>移动互联网<em class=""vline""></em>D轮及以上<em class=""vline""></em>10000人以上</p>"
44,数据分析师（BI方向）Base武汉,拓普丰联信息工程公司,6-12K,"<p>武汉 武昌区 中北路<em class=""vline""></em>1-3年<em class=""vline""></em>本科</p>","<p>计算机软件<em class=""vline""></em>不需要融资<em class=""vline""></em>100-499人</p>"
45,商业数据分析（实习生）,哈步数据,2-3K,"<p>武汉 江汉区 常青<em class=""vline""></em>经验不限<em class=""vline""></em>学历不限</p>","<p>计算机软件<em class=""vline""></em>A轮<em class=""vline""></em>20-99人</p>"
46,数据分析师,阿博茨科技,6-11K,"<p>武汉 洪山区 光谷<em class=""vline""></em>3-5年<em class=""vline""></em>本科</p>","<p>互联网<em class=""vline""></em>B轮<em class=""vline""></em>100-499人</p>"
47,数据分析师,小药药,4-7K,"<p>武汉 江夏区 光谷<em class=""vline""></em>1-3年<em class=""vline""></em>本科</p>","<p>医疗健康<em class=""vline""></em>C轮<em class=""vline""></em>1000-9999人</p>"
48,高级数据分析师,中国婚博会(武汉),8-12K,"<p>武汉 武昌区 中北路<em class=""vline""></em>3-5年<em class=""vline""></em>本科</p>","<p>O2O<em class=""vline""></em>不需要融资<em class=""vline""></em>500-999人</p>"
49,数据分析师,今日头条,8-13K,"<p>武汉 洪山区 徐东<em class=""vline""></em>5-10年<em class=""vline""></em>本科</p>","<p>移动互联网<em class=""vline""></em>D轮及以上<em class=""vline""></em>10000人以上</p>"
50,安全数据分析师,网神信息技术(北...,12-24K,"<p>武汉 洪山区 光谷<em class=""vline""></em>3-5年<em class=""vline""></em>本科</p>","<p>信息安全<em class=""vline""></em>B轮<em class=""vline""></em>1000-9999人</p>"
51,数据分析师,小米,5-10K,"<p>武汉 洪山区 光谷<em class=""vline""></em>1-3年<em class=""vline""></em>本科</p>","<p>互联网<em class=""vline""></em>已上市<em class=""vline""></em>10000人以上</p>"
52,数据分析师,武汉火凤凰云服务公司,5-6K,"<p>武汉 江汉区 常青<em class=""vline""></em>3-5年<em class=""vline""></em>本科</p>","<p>互联网<em class=""vline""></em>未融资<em class=""vline""></em>100-499人</p>"
53,数据分析师,红蜻蜓鞋业武汉分公司,4-5K,"<p>武汉  <em class=""vline""></em>1年以内<em class=""vline""></em>大专</p>","<p>服装/纺织/皮革<em class=""vline""></em>已上市<em class=""vline""></em>100-499人</p>"
54,数据分析开发工程师,华大基因,15-25K,"<p>武汉 洪山区 光谷<em class=""vline""></em>3-5年<em class=""vline""></em>大专</p>","<p>医疗健康<em class=""vline""></em>已上市<em class=""vline""></em>10000人以上</p>"
55,终端产品数据分析师,链云科技,15-30K,"<p>武汉 江夏区 光谷东<em class=""vline""></em>5-10年<em class=""vline""></em>本科</p>","<p>互联网<em class=""vline""></em>未融资<em class=""vline""></em>0-20人</p>"
56,BI数据分析师,北京尚德机构,8-12K,"<p>武汉 洪山区 光谷<em class=""vline""></em>1-3年<em class=""vline""></em>大专</p>","<p>在线教育<em class=""vline""></em>已上市<em class=""vline""></em>10000人以上</p>"
57,数据分析实习生,尚德机构,2-3K,"<p>武汉 洪山区 光谷<em class=""vline""></em>应届生<em class=""vline""></em>本科</p>","<p>在线教育<em class=""vline""></em>已上市<em class=""vline""></em>10000人以上</p>"
58,高级数据分析师,湖北灰科,7-10K,"<p>武汉 洪山区 光谷<em class=""vline""></em>3-5年<em class=""vline""></em>大专</p>","<p>信息安全<em class=""vline""></em>C轮<em class=""vline""></em>20-99人</p>"
59,数据分析专员,中路集团,4-5K,"<p>武汉 洪山区 珞狮南路<em class=""vline""></em>经验不限<em class=""vline""></em>大专</p>","<p>移动互联网<em class=""vline""></em>不需要融资<em class=""vline""></em>1000-9999人</p>"
60,数据分析,清风得意,3-5K,"<p>武汉 洪山区 光谷<em class=""vline""></em>经验不限<em class=""vline""></em>大专</p>","<p>游戏<em class=""vline""></em>A轮<em class=""vline""></em>100-499人</p>"
61,数据负责人/数据规划师/数据分析,猫头鹰团队,8-16K,"<p>武汉 江夏区 光谷<em class=""vline""></em>1-3年<em class=""vline""></em>本科</p>","<p>移动互联网<em class=""vline""></em>A轮<em class=""vline""></em>100-499人</p>"
62,建模、数据分析、实证分析兼职写作,普思,5-9K,"<p>武汉 洪山区 卓刀泉<em class=""vline""></em>经验不限<em class=""vline""></em>本科</p>","<p>企业服务<em class=""vline""></em>不需要融资<em class=""vline""></em>20-99人</p>"
63,BI数据分析主管,北京尚德机构,8-12K,"<p>武汉 洪山区 光谷<em class=""vline""></em>1-3年<em class=""vline""></em>大专</p>","<p>在线教育<em class=""vline""></em>已上市<em class=""vline""></em>10000人以上</p>"
64,销售数据分析,药帮忙,5-10K,"<p>武汉 江夏区 光谷<em class=""vline""></em>1-3年<em class=""vline""></em>大专</p>","<p>医疗健康<em class=""vline""></em>C轮<em class=""vline""></em>1000-9999人</p>"
65,数据分析（BI）,北京尚德机构,6-8K,"<p>武汉 洪山区 光谷<em class=""vline""></em>1-3年<em class=""vline""></em>本科</p>","<p>在线教育<em class=""vline""></em>已上市<em class=""vline""></em>10000人以上</p>"
66,数据分析师,橙石点价,5-6K,"<p>武汉 江夏区 光谷<em class=""vline""></em>3-5年<em class=""vline""></em>本科</p>","<p>电子商务<em class=""vline""></em>天使轮<em class=""vline""></em>100-499人</p>"
67,数据分析师,惠分期,4-8K,"<p>武汉 江夏区 流芳<em class=""vline""></em>经验不限<em class=""vline""></em>学历不限</p>","<p>互联网金融<em class=""vline""></em>不需要融资<em class=""vline""></em>100-499人</p>"
68,数据分析师,瑞丁教育,4-5K,"<p>武汉 洪山区 街道口<em class=""vline""></em>1年以内<em class=""vline""></em>本科</p>","<p>培训机构<em class=""vline""></em>不需要融资<em class=""vline""></em>20-99人</p>"
69,数据分析师,数众科技,6-9K,"<p>武汉 洪山区 光谷<em class=""vline""></em>1-3年<em class=""vline""></em>大专</p>","<p>数据服务<em class=""vline""></em>A轮<em class=""vline""></em>20-99人</p>"
70,数据分析师助理,尚德机构,3-6K,"<p>武汉 洪山区 光谷<em class=""vline""></em>应届生<em class=""vline""></em>本科</p>","<p>在线教育<em class=""vline""></em>已上市<em class=""vline""></em>10000人以上</p>"
71,数据分析师,金豆医疗数据,8-15K,"<p>武汉 洪山区 光谷<em class=""vline""></em>经验不限<em class=""vline""></em>本科</p>","<p>医疗健康<em class=""vline""></em>B轮<em class=""vline""></em>100-499人</p>"
72,课程顾问,桔子会,6-8K,"<p>武汉 江夏区 光谷<em class=""vline""></em>1-3年<em class=""vline""></em>大专</p>","<p>在线教育<em class=""vline""></em>未融资<em class=""vline""></em>20-99人</p>"
73,信息安全工程师,武汉安问科技,12-18K,"<p>武汉 洪山区 光谷<em class=""vline""></em>3-5年<em class=""vline""></em>大专</p>","<p>互联网<em class=""vline""></em>A轮<em class=""vline""></em>20-99人</p>"
74,Java,武大吉奥,12-18K,"<p>武汉  <em class=""vline""></em>5-10年<em class=""vline""></em>本科</p>","<p>计算机软件<em class=""vline""></em>未融资<em class=""vline""></em>1000-9999人</p>"
75,项目经理,武汉格桑花,6-10K,"<p>武汉 武昌区 徐东<em class=""vline""></em>1年以内<em class=""vline""></em>本科</p>","<p>环保<em class=""vline""></em>不需要融资<em class=""vline""></em>0-20人</p>"
76,淘宝运营,法莱动漫服饰商行,5-10K,"<p>武汉 蔡甸区 蔡甸<em class=""vline""></em>3-5年<em class=""vline""></em>本科</p>","<p>电子商务<em class=""vline""></em>0-20人</p>"
77,天猫运营经理,师禾,6-10K,"<p>武汉 洪山区 卓刀泉<em class=""vline""></em>1-3年<em class=""vline""></em>大专</p>","<p>电子商务<em class=""vline""></em>不需要融资<em class=""vline""></em>20-99人</p>"
78,电商运营,济南天翎商贸有限公司,8-12K,"<p>武汉 江岸区 后湖<em class=""vline""></em>3-5年<em class=""vline""></em>学历不限</p>","<p>电子商务<em class=""vline""></em>20-99人</p>"
79,数据运营,掌游科技,13-26K,"<p>武汉 洪山区 珞狮南路<em class=""vline""></em>10年以上<em class=""vline""></em>硕士</p>","<p>互联网<em class=""vline""></em>已上市<em class=""vline""></em>100-499人</p>"
80,数据仓库,武汉优垦商贸有限公司,5-6K,"<p>武汉 硚口区 古田<em class=""vline""></em>1年以内<em class=""vline""></em>本科</p>","<p>生活服务<em class=""vline""></em>不需要融资<em class=""vline""></em>20-99人</p>"
81,电商运营助理,师禾,5-8K,"<p>武汉 洪山区 卓刀泉<em class=""vline""></em>1年以内<em class=""vline""></em>大专</p>","<p>电子商务<em class=""vline""></em>不需要融资<em class=""vline""></em>20-99人</p>"
82,产品专员,壹品祥,4-6K,"<p>武汉 江岸区 车站<em class=""vline""></em>1年以内<em class=""vline""></em>学历不限</p>","<p>新零售<em class=""vline""></em>未融资<em class=""vline""></em>100-499人</p>"
83,网络运营,ciryphoto旅拍摄影,4-7K,"<p>武汉 江汉区 江汉路<em class=""vline""></em>1-3年<em class=""vline""></em>学历不限</p>","<p>生活服务<em class=""vline""></em>不需要融资<em class=""vline""></em>0-20人</p>"
84,天猫直通车钻展推广,白领丽人,5-10K,"<p>武汉 武昌区 徐东<em class=""vline""></em>3-5年<em class=""vline""></em>大专</p>","<p>电子商务<em class=""vline""></em>20-99人</p>"
85,文案,富融汽车销售,4-6K,"<p>武汉 洪山区 珞狮南路<em class=""vline""></em>1年以内<em class=""vline""></em>大专</p>","<p>4S店/后市场<em class=""vline""></em>已上市<em class=""vline""></em>20-99人</p>"
86,电商运营,久别重逢,10-15K,"<p>武汉 洪山区 徐东<em class=""vline""></em>1-3年<em class=""vline""></em>本科</p>","<p>广告营销<em class=""vline""></em>不需要融资<em class=""vline""></em>20-99人</p>"
87,博士后,武大大数据研究院,10-12K,"<p>武汉 武昌区 珞珈山<em class=""vline""></em>经验不限<em class=""vline""></em>博士</p>","<p>数据服务<em class=""vline""></em>不需要融资<em class=""vline""></em>20-99人</p>"
88,外贸专员,牛赞赞,3-6K,"<p>武汉 洪山区 关山<em class=""vline""></em>经验不限<em class=""vline""></em>本科</p>","<p>互联网<em class=""vline""></em>不需要融资<em class=""vline""></em>20-99人</p>"
89,算法研究员,武大大数据研究院,5-6K,"<p>武汉 武昌区 街道口<em class=""vline""></em>1-3年<em class=""vline""></em>本科</p>","<p>数据服务<em class=""vline""></em>不需要融资<em class=""vline""></em>20-99人</p>"
90,医学总监,亿粲健康,25-30K,"<p>武汉 武昌区 首义<em class=""vline""></em>1年以内<em class=""vline""></em>博士</p>","<p>医疗/护理/卫生<em class=""vline""></em>0-20人</p>"
91,融合CDN,青云,15-30K,"<p>武汉 洪山区 光谷<em class=""vline""></em>3-5年<em class=""vline""></em>本科</p>","<p>企业服务<em class=""vline""></em>D轮及以上<em class=""vline""></em>100-499人</p>"
92,Smart Factory Developer,明盛软件,12-16K,"<p>武汉 江夏区 光谷<em class=""vline""></em>5-10年<em class=""vline""></em>本科</p>","<p>计算机软件<em class=""vline""></em>未融资<em class=""vline""></em>100-499人</p>"
93,Javascript,明盛软件,9-11K,"<p>武汉 江夏区 光谷<em class=""vline""></em>1-3年<em class=""vline""></em>本科</p>","<p>计算机软件<em class=""vline""></em>未融资<em class=""vline""></em>100-499人</p>"
94,时尚买手,白领丽人,8-12K,"<p>武汉 武昌区 徐东<em class=""vline""></em>1-3年<em class=""vline""></em>本科</p>","<p>电子商务<em class=""vline""></em>20-99人</p>"
95,天猫运营总监,师禾,12-20K,"<p>武汉 洪山区 卓刀泉<em class=""vline""></em>1-3年<em class=""vline""></em>大专</p>","<p>电子商务<em class=""vline""></em>不需要融资<em class=""vline""></em>20-99人</p>"
96,智能数码潮品店长,世纪联发,6-10K,"<p>武汉 江岸区 永清<em class=""vline""></em>1-3年<em class=""vline""></em>本科</p>","<p>批发/零售<em class=""vline""></em>未融资<em class=""vline""></em>100-499人</p>"
97,在线客服+街道口+（纯文职）,普育吧科教,4-7K,"<p>武汉 洪山区 珞南<em class=""vline""></em>1-3年<em class=""vline""></em>大专</p>","<p>培训机构<em class=""vline""></em>未融资<em class=""vline""></em>100-499人</p>"
98,C#高级开发工程师,绎维软件,12-18K,"<p>武汉 洪山区 光谷<em class=""vline""></em>3-5年<em class=""vline""></em>本科</p>","<p>计算机软件<em class=""vline""></em>B轮<em class=""vline""></em>100-499人</p>"
99,市场经理,思享家,8-13K,"<p>武汉 江汉区 唐家墩<em class=""vline""></em>3-5年<em class=""vline""></em>大专</p>","<p>计算机硬件<em class=""vline""></em>未融资<em class=""vline""></em>100-499人</p>"
100,销售助理,武汉捷德,4-6K,"<p>武汉 江汉区 常青<em class=""vline""></em>1-3年<em class=""vline""></em>本科</p>","<p>贸易/进出口<em class=""vline""></em>不需要融资<em class=""vline""></em>0-20人</p>"
101,留学市场主管,艾逸精英,5-8K,"<p>武汉 武昌区 汉街<em class=""vline""></em>1年以内<em class=""vline""></em>本科</p>","<p>咨询<em class=""vline""></em>不需要融资<em class=""vline""></em>0-20人</p>"
102,数据挖掘,湖北同诚通航,5-6K,"<p>武汉 武昌区 街道口<em class=""vline""></em>经验不限<em class=""vline""></em>学历不限</p>","<p>船舶/航空/航天<em class=""vline""></em>未融资<em class=""vline""></em>100-499人</p>"
103,大数据分析工程师,小驴机器人,10-15K,"<p>武汉 江夏区 光谷东<em class=""vline""></em>1-3年<em class=""vline""></em>本科</p>","<p>智能硬件<em class=""vline""></em>天使轮<em class=""vline""></em>20-99人</p>"
104,IT技术支持,昆仑瑞东,3-5K,"<p>武汉 洪山区 街道口<em class=""vline""></em>经验不限<em class=""vline""></em>本科</p>","<p>计算机软件<em class=""vline""></em>未融资<em class=""vline""></em>20-99人</p>"
105,外饰工程师,武汉维克萨技术有...,5-7K,"<p>武汉 蔡甸区 沌口<em class=""vline""></em>3-5年<em class=""vline""></em>大专</p>","<p>汽车零部件<em class=""vline""></em>未融资<em class=""vline""></em>0-20人</p>"
106,IM研发工程师,青云,15-30K,"<p>武汉 洪山区 光谷<em class=""vline""></em>3-5年<em class=""vline""></em>本科</p>","<p>企业服务<em class=""vline""></em>D轮及以上<em class=""vline""></em>100-499人</p>"
107,运营助理/专员,京东京邦达供应链,4-5K,"<p>武汉 硚口区 古田<em class=""vline""></em>1-3年<em class=""vline""></em>大专</p>","<p>物流/仓储<em class=""vline""></em>已上市<em class=""vline""></em>1000-9999人</p>"
108,广告协调,石峰世纪传媒,3-6K,"<p>武汉 汉阳区 王家湾<em class=""vline""></em>1年以内<em class=""vline""></em>大专</p>","<p>广告/公关/会展<em class=""vline""></em>未融资<em class=""vline""></em>20-99人</p>"
109,零售咨询顾问,精英智库,9-10K,"<p>武汉 武昌区 黄鹤楼<em class=""vline""></em>5-10年<em class=""vline""></em>大专</p>","<p>咨询<em class=""vline""></em>20-99人</p>"
110,广告文案总监,武汉十点半文化传播,10-15K,"<p>武汉 江岸区 江汉路<em class=""vline""></em>5-10年<em class=""vline""></em>大专</p>","<p>移动互联网<em class=""vline""></em>未融资<em class=""vline""></em>100-499人</p>"
111,产品经理,天风证券,8-13K,"<p>武汉 武昌区 中南路<em class=""vline""></em>1-3年<em class=""vline""></em>本科</p>","<p>互联网金融<em class=""vline""></em>已上市<em class=""vline""></em>1000-9999人</p>"
112,催收,汇金雅杰,8-13K·13薪,"<p>武汉 江汉区 北湖<em class=""vline""></em>1年以内<em class=""vline""></em>大专</p>","<p>投资/融资<em class=""vline""></em>不需要融资<em class=""vline""></em>500-999人</p>"
113,信贷管理专员,中国平安普惠,8-13K·13薪,"<p>武汉 江汉区 北湖<em class=""vline""></em>1年以内<em class=""vline""></em>大专</p>","<p>互联网金融<em class=""vline""></em>已上市<em class=""vline""></em>10000人以上</p>"
114,信贷管理专员,汇金雅杰,8-13K·13薪,"<p>武汉 江汉区 北湖<em class=""vline""></em>1年以内<em class=""vline""></em>大专</p>","<p>投资/融资<em class=""vline""></em>不需要融资<em class=""vline""></em>500-999人</p>"
115,店长,乐怡舞蹈,5-10K,"<p>武汉 江汉区 北湖<em class=""vline""></em>1-3年<em class=""vline""></em>本科</p>","<p>培训机构<em class=""vline""></em>不需要融资<em class=""vline""></em>20-99人</p>"
116,实习经纪人,云喵会,5-8K,"<p>武汉 洪山区 南湖<em class=""vline""></em>经验不限<em class=""vline""></em>学历不限</p>","<p>文化/体育/娱乐<em class=""vline""></em>未融资<em class=""vline""></em>20-99人</p>"
117,校长,英孚教育(武汉),20-35K,"<p>武汉 武昌区 水果湖<em class=""vline""></em>3-5年<em class=""vline""></em>本科</p>","<p>培训机构<em class=""vline""></em>未融资<em class=""vline""></em>100-499人</p>"
118,事业部总经理,全民通,12-23K,"<p>武汉 洪山区 徐东<em class=""vline""></em>3-5年<em class=""vline""></em>大专</p>","<p>互联网<em class=""vline""></em>不需要融资<em class=""vline""></em>20-99人</p>"
119,策划经理,道格传媒,4-6K,"<p>武汉 硚口区 崇仁<em class=""vline""></em>经验不限<em class=""vline""></em>本科</p>","<p>媒体<em class=""vline""></em>不需要融资<em class=""vline""></em>20-99人</p>"
120,跨境电商速卖通操作专员,汇思达,3-7K,"<p>武汉 江岸区 后湖<em class=""vline""></em>1年以内<em class=""vline""></em>大专</p>","<p>电子商务<em class=""vline""></em>不需要融资<em class=""vline""></em>0-20人</p>"
121,eBay亚马逊跨境电商产品开发专员,汇思达,3-7K,"<p>武汉 江岸区 后湖<em class=""vline""></em>1-3年<em class=""vline""></em>大专</p>","<p>电子商务<em class=""vline""></em>不需要融资<em class=""vline""></em>0-20人</p>"
122,eBay亚马逊wish速卖通产品开发专员,汇思达,3-8K,"<p>武汉 江岸区 后湖<em class=""vline""></em>1-3年<em class=""vline""></em>大专</p>","<p>电子商务<em class=""vline""></em>不需要融资<em class=""vline""></em>0-20人</p>"
123,门店运营总监,海外U,10-15K,"<p>武汉 东西湖区 常青<em class=""vline""></em>3-5年<em class=""vline""></em>学历不限</p>","<p>电子商务<em class=""vline""></em>A轮<em class=""vline""></em>100-499人</p>"
124,销售专员,平安普惠,8-12K,"<p>武汉 青山区 八大家<em class=""vline""></em>经验不限<em class=""vline""></em>大专</p>","<p>O2O<em class=""vline""></em>未融资<em class=""vline""></em>10000人以上</p>"
125,店长,梓熙西瓜庄园,6-11K,"<p>武汉 硚口区 古田<em class=""vline""></em>1年以内<em class=""vline""></em>本科</p>","<p>婚庆/摄影<em class=""vline""></em>不需要融资<em class=""vline""></em>100-499人</p>"
126,产品经理,北拓物联,8-13K,"<p>武汉  <em class=""vline""></em>3-5年<em class=""vline""></em>大专</p>","<p>互联网<em class=""vline""></em>未融资<em class=""vline""></em>20-99人</p>"
127,储备干部,平安普惠,6-10K,"<p>武汉 青山区 八大家<em class=""vline""></em>经验不限<em class=""vline""></em>大专</p>","<p>O2O<em class=""vline""></em>未融资<em class=""vline""></em>10000人以上</p>"
128,数据挖掘,北拓物联,8-15K,"<p>武汉  <em class=""vline""></em>1-3年<em class=""vline""></em>学历不限</p>","<p>互联网<em class=""vline""></em>未融资<em class=""vline""></em>20-99人</p>"
129,战略咨询,辉汉利骏,10-20K,"<p>武汉 江岸区 三阳路<em class=""vline""></em>1-3年<em class=""vline""></em>本科</p>","<p>互联网金融<em class=""vline""></em>未融资<em class=""vline""></em>0-20人</p>"
130,数据架构师,武汉原研三品电子商务,15-30K,"<p>武汉 汉阳区 晴川<em class=""vline""></em>10年以上<em class=""vline""></em>本科</p>","<p>移动互联网<em class=""vline""></em>未融资<em class=""vline""></em>20-99人</p>"
131,超市咨询师,精英智库,5-10K,"<p>武汉 武昌区 黄鹤楼<em class=""vline""></em>经验不限<em class=""vline""></em>学历不限</p>","<p>咨询<em class=""vline""></em>20-99人</p>"
132,数据产品经理,武汉天地新图,4-6K,"<p>武汉 洪山区 余家头<em class=""vline""></em>1年以内<em class=""vline""></em>大专</p>","<p>计算机软件<em class=""vline""></em>20-99人</p>"
133,外贸专员,武汉腾达,5-10K,"<p>武汉 硚口区 古田<em class=""vline""></em>1-3年<em class=""vline""></em>大专</p>","<p>汽车零部件<em class=""vline""></em>0-20人</p>"
134,企业管理咨询,精英智库,4-8K,"<p>武汉 武昌区 黄鹤楼<em class=""vline""></em>5-10年<em class=""vline""></em>本科</p>","<p>咨询<em class=""vline""></em>20-99人</p>"
135,京东POP运营,西楚,6-10K,"<p>武汉 汉阳区 王家湾<em class=""vline""></em>3-5年<em class=""vline""></em>大专</p>","<p>O2O<em class=""vline""></em>100-499人</p>"
136,美团配送站长,宁波斑马,6-11K,"<p>武汉 武昌区 徐东<em class=""vline""></em>经验不限<em class=""vline""></em>高中</p>","<p>其他服务业<em class=""vline""></em>500-999人</p>"
137,配送站长,宁波斑马,6-10K,"<p>武汉 武昌区 徐东<em class=""vline""></em>经验不限<em class=""vline""></em>高中</p>","<p>其他服务业<em class=""vline""></em>500-999人</p>"
138,咨询助理,高登项目管理,6-8K,"<p>武汉 武昌区 水果湖<em class=""vline""></em>1-3年<em class=""vline""></em>本科</p>","<p>培训机构<em class=""vline""></em>20-99人</p>"
139,策划经理,零创设计,7-10K,"<p>武汉 武昌区 和平大道<em class=""vline""></em>1-3年<em class=""vline""></em>本科</p>","<p>其他专业服务<em class=""vline""></em>未融资<em class=""vline""></em>20-99人</p>"
140,产品经理,乐芽美辰艺术中心,3-4K,"<p>武汉 武昌区 积玉桥<em class=""vline""></em>1年以内<em class=""vline""></em>本科</p>","<p>培训机构<em class=""vline""></em>未融资<em class=""vline""></em>0-20人</p>"
141,运营助理/专员,朝花夕拾网络科技,2-3K,"<p>武汉 武昌区 徐东<em class=""vline""></em>1-3年<em class=""vline""></em>大专</p>","<p>电子商务<em class=""vline""></em>0-20人</p>"
142,数据运营,福星智慧家,8-16K,"<p>武汉 武昌区 积玉桥<em class=""vline""></em>1年以内<em class=""vline""></em>本科</p>","<p>生活服务<em class=""vline""></em>不需要融资<em class=""vline""></em>20-99人</p>"
143,高级程序员,汇卓航科技,8-12K,"<p>武汉 洪山区 光谷<em class=""vline""></em>经验不限<em class=""vline""></em>本科</p>","<p>计算机软件<em class=""vline""></em>未融资<em class=""vline""></em>20-99人</p>"
144,绩效设计数据测算,福星智慧家,6-12K,"<p>武汉 武昌区 积玉桥<em class=""vline""></em>1年以内<em class=""vline""></em>本科</p>","<p>生活服务<em class=""vline""></em>不需要融资<em class=""vline""></em>20-99人</p>"
145,设备部,致富鸟,3-6K,"<p>武汉 江岸区 大智<em class=""vline""></em>经验不限<em class=""vline""></em>学历不限</p>","<p>仪器仪表/工业自动化<em class=""vline""></em>不需要融资<em class=""vline""></em>100-499人</p>"
146,运营助理/专员,华滋东江,2-3K,"<p>武汉 蔡甸区 沌口<em class=""vline""></em>应届生<em class=""vline""></em>本科</p>","<p>汽车生产<em class=""vline""></em>500-999人</p>"
147,内容编辑,紫信科技,5-10K,"<p>武汉 江汉区 常青<em class=""vline""></em>经验不限<em class=""vline""></em>本科</p>","<p>移动互联网<em class=""vline""></em>天使轮<em class=""vline""></em>20-99人</p>"
148,产品专员,恒果服饰,6-10K,"<p>武汉 江汉区 前进<em class=""vline""></em>1-3年<em class=""vline""></em>学历不限</p>","<p>服装/纺织/皮革<em class=""vline""></em>未融资<em class=""vline""></em>20-99人</p>"
149,软件工程师,小米智能科技,15-30K,"<p>武汉 江夏区 光谷<em class=""vline""></em>3-5年<em class=""vline""></em>本科</p>","<p>移动互联网<em class=""vline""></em>已上市<em class=""vline""></em>10000人以上</p>"
150,金融产品经理,平安普惠投资咨询有限公司,6-12K,"<p>武汉 青山区 八大家<em class=""vline""></em>经验不限<em class=""vline""></em>大专</p>","<p>互联网金融<em class=""vline""></em>不需要融资<em class=""vline""></em>1000-9999人</p>"
151,哈啰单车兼职,哈啰出行,3-5K,"<p>武汉 江夏区 黄家湖大学城<em class=""vline""></em>经验不限<em class=""vline""></em>学历不限</p>","<p>互联网<em class=""vline""></em>D轮及以上<em class=""vline""></em>1000-9999人</p>"
152,行政专员,振麒武汉信息技术公司,5-8K,"<p>武汉 洪山区 珞狮南路<em class=""vline""></em>经验不限<em class=""vline""></em>学历不限</p>","<p>互联网<em class=""vline""></em>20-99人</p>"
153,会计,兴上雅公司,5-8K,"<p>武汉 汉阳区 王家湾<em class=""vline""></em>1年以内<em class=""vline""></em>大专</p>","<p>交通/运输<em class=""vline""></em>不需要融资<em class=""vline""></em>20-99人</p>"
154,心理测评顾问,趣心里,6-9K,"<p>武汉 武昌区 武昌火车站<em class=""vline""></em>1-3年<em class=""vline""></em>本科</p>","<p>移动互联网<em class=""vline""></em>未融资<em class=""vline""></em>0-20人</p>"
155,实习生,中财教育咨询,2-4K,"<p>武汉 洪山区 光谷<em class=""vline""></em>应届生<em class=""vline""></em>大专</p>","<p>证券/期货<em class=""vline""></em>未融资<em class=""vline""></em>20-99人</p>"
156,网络管理专员,捷瑞,10-15K,"<p>武汉 江岸区 后湖<em class=""vline""></em>1年以内<em class=""vline""></em>本科</p>","<p>4S店/后市场<em class=""vline""></em>不需要融资<em class=""vline""></em>100-499人</p>"
157,数据仓库,武汉市独特逻辑大...,3-5K,"<p>武汉 江岸区 后湖<em class=""vline""></em>应届生<em class=""vline""></em>本科</p>","<p>分类信息<em class=""vline""></em>不需要融资<em class=""vline""></em>0-20人</p>"
158,运营助理/专员,超宾服饰,3-5K,"<p>武汉 洪山区 光谷<em class=""vline""></em>经验不限<em class=""vline""></em>大专</p>","<p>电子商务<em class=""vline""></em>未融资<em class=""vline""></em>20-99人</p>"
159,产品经理,武汉精臣智慧标识,10-15K,"<p>武汉 洪山区 南湖<em class=""vline""></em>5-10年<em class=""vline""></em>本科</p>","<p>电子商务<em class=""vline""></em>不需要融资<em class=""vline""></em>100-499人</p>"
160,数码产品测评编辑,白极客,4-8K,"<p>武汉 武昌区 徐东<em class=""vline""></em>经验不限<em class=""vline""></em>大专</p>","<p>媒体<em class=""vline""></em>天使轮<em class=""vline""></em>0-20人</p>"
161,立测绘图员,追月,4-8K,"<p>武汉 洪山区 光谷<em class=""vline""></em>1-3年<em class=""vline""></em>高中</p>","<p>数据服务<em class=""vline""></em>未融资<em class=""vline""></em>20-99人</p>"
162,Java研发高级工程师,数博科技,10-20K,"<p>武汉 洪山区 光谷<em class=""vline""></em>3-5年<em class=""vline""></em>学历不限</p>","<p>计算机软件<em class=""vline""></em>天使轮<em class=""vline""></em>20-99人</p>"
163,运维工程师,博远天成,3-4K,"<p>武汉 江夏区 流芳<em class=""vline""></em>经验不限<em class=""vline""></em>大专</p>","<p>贸易/进出口<em class=""vline""></em>未融资<em class=""vline""></em>20-99人</p>"
164,产品经理,豹雪网络,7-10K,"<p>武汉 江夏区 光谷<em class=""vline""></em>1-3年<em class=""vline""></em>大专</p>","<p>电子商务<em class=""vline""></em>未融资<em class=""vline""></em>100-499人</p>"
165,市场调研项目助理,武汉慧辰,3-8K,"<p>武汉 江汉区 北湖<em class=""vline""></em>1-3年<em class=""vline""></em>本科</p>","<p>数据服务<em class=""vline""></em>不需要融资<em class=""vline""></em>100-499人</p>"
166,调研经理,武汉慧辰,5-10K,"<p>武汉 江汉区 北湖<em class=""vline""></em>3-5年<em class=""vline""></em>本科</p>","<p>数据服务<em class=""vline""></em>不需要融资<em class=""vline""></em>100-499人</p>"
167,实习生,璧升科技,3-5K,"<p>武汉 江汉区 江汉路<em class=""vline""></em>应届生<em class=""vline""></em>大专</p>","<p>广告营销<em class=""vline""></em>未融资<em class=""vline""></em>20-99人</p>"
168,咨询/调研,武汉慧辰,6-11K,"<p>武汉 江汉区 北湖<em class=""vline""></em>3-5年<em class=""vline""></em>本科</p>","<p>数据服务<em class=""vline""></em>不需要融资<em class=""vline""></em>100-499人</p>"
169,市场调研,武汉慧辰,4-9K,"<p>武汉 江汉区 北湖<em class=""vline""></em>1年以内<em class=""vline""></em>本科</p>","<p>数据服务<em class=""vline""></em>不需要融资<em class=""vline""></em>100-499人</p>"
170,人脸识别算法工程师,朗威达,7-12K,"<p>武汉 洪山区 珞南<em class=""vline""></em>1-3年<em class=""vline""></em>本科</p>","<p>移动互联网<em class=""vline""></em>天使轮<em class=""vline""></em>0-20人</p>"
171,招标采购,湖北中天宏建设项...,3-4K,"<p>武汉 武昌区 东亭<em class=""vline""></em>5-10年<em class=""vline""></em>本科</p>","<p>建筑设计<em class=""vline""></em>不需要融资<em class=""vline""></em>0-20人</p>"
172,糕点店店长,多豆商贸,4-7K,"<p>武汉 汉阳区 沌口<em class=""vline""></em>1-3年<em class=""vline""></em>学历不限</p>","<p>新零售<em class=""vline""></em>0-20人</p>"
173,产品经理,海天恒基股份,5-6K,"<p>武汉 江岸区 二七<em class=""vline""></em>3-5年<em class=""vline""></em>本科</p>","<p>装修装饰<em class=""vline""></em>未融资<em class=""vline""></em>1000-9999人</p>"
174,Java研发工程师[base杭州或上海],阿里巴巴集团,20-40K,"<p>武汉 武昌区 积玉桥<em class=""vline""></em>3-5年<em class=""vline""></em>本科</p>","<p>互联网<em class=""vline""></em>不需要融资<em class=""vline""></em>10000人以上</p>"
175,采购经理,鑫志达,3-6K,"<p>武汉 江岸区 百步亭<em class=""vline""></em>应届生<em class=""vline""></em>本科</p>","<p>贸易/进出口<em class=""vline""></em>0-20人</p>"
176,网络工程师,聚驰科技,4-5K,"<p>武汉 洪山区 黄家湖大学城<em class=""vline""></em>1-3年<em class=""vline""></em>本科</p>","<p>计算机软件<em class=""vline""></em>20-99人</p>"
177,商务策划,码农1号,8-13K,"<p>武汉 洪山区 光谷<em class=""vline""></em>3-5年<em class=""vline""></em>大专</p>","<p>互联网<em class=""vline""></em>A轮<em class=""vline""></em>20-99人</p>"
178,外贸专员,捌捌玖玖,6-12K,"<p>武汉 洪山区 光谷<em class=""vline""></em>3-5年<em class=""vline""></em>本科</p>","<p>互联网<em class=""vline""></em>天使轮<em class=""vline""></em>20-99人</p>"
179,运营助理/专员,山壹柒网络科技,3-4K,"<p>武汉 江夏区 流芳<em class=""vline""></em>经验不限<em class=""vline""></em>大专</p>","<p>电子商务<em class=""vline""></em>不需要融资<em class=""vline""></em>0-20人</p>"
180,实习生,VSTECS,3-5K,"<p>武汉 洪山区 光谷<em class=""vline""></em>1年以内<em class=""vline""></em>大专</p>","<p>其他行业<em class=""vline""></em>已上市<em class=""vline""></em>1000-9999人</p>"
181,门店店长,极光点播影院,4-5K,"<p>武汉 武昌区 徐东<em class=""vline""></em>经验不限<em class=""vline""></em>学历不限</p>","<p>音乐/视频/阅读<em class=""vline""></em>天使轮<em class=""vline""></em>20-99人</p>"
182,市场专员,杭州中美华东,13-14K,"<p>武汉 江汉区 友谊路<em class=""vline""></em>经验不限<em class=""vline""></em>硕士</p>","<p>医疗健康<em class=""vline""></em>已上市<em class=""vline""></em>1000-9999人</p>"
183,运营助理/专员,健保金贸易,3-5K,"<p>武汉 洪山区 光谷<em class=""vline""></em>1-3年<em class=""vline""></em>大专</p>","<p>食品/饮料/烟酒<em class=""vline""></em>不需要融资<em class=""vline""></em>20-99人</p>"
184,门店店长,淿素服装商店,5-10K,"<p>武汉 洪山区 光谷<em class=""vline""></em>1-3年<em class=""vline""></em>大专</p>","<p>批发/零售<em class=""vline""></em>未融资<em class=""vline""></em>0-20人</p>"
185,采编/策划,长江地服,4-5K,"<p>武汉 江岸区 后湖<em class=""vline""></em>1年以内<em class=""vline""></em>本科</p>","<p>媒体<em class=""vline""></em>20-99人</p>"
186,采购工程师,恰如其分,3-6K,"<p>武汉 洪山区 光谷<em class=""vline""></em>1-3年<em class=""vline""></em>本科</p>","<p>新零售<em class=""vline""></em>天使轮<em class=""vline""></em>20-99人</p>"
187,竞价主管,安乃居,5-6K,"<p>武汉 洪山区 珞狮南路<em class=""vline""></em>经验不限<em class=""vline""></em>大专</p>","<p>移动互联网<em class=""vline""></em>20-99人</p>"
188,实习生,海曦资产,2-3K,"<p>武汉 洪山区 街道口<em class=""vline""></em>经验不限<em class=""vline""></em>本科</p>","<p>基金<em class=""vline""></em>未融资<em class=""vline""></em>0-20人</p>"
189,文案,花肌炫,3-5K,"<p>武汉 洪山区 街道口<em class=""vline""></em>应届生<em class=""vline""></em>大专</p>","<p>新零售<em class=""vline""></em>未融资<em class=""vline""></em>0-20人</p>"
190,产品经理,LEEVISION,5-10K,"<p>武汉 江岸区 三阳路<em class=""vline""></em>1年以内<em class=""vline""></em>本科</p>","<p>生活服务<em class=""vline""></em>未融资<em class=""vline""></em>0-20人</p>"
191,产品专员,皇品,8-12K,"<p>武汉 江汉区 汉正街<em class=""vline""></em>1-3年<em class=""vline""></em>本科</p>","<p>贸易/进出口<em class=""vline""></em>不需要融资<em class=""vline""></em>20-99人</p>"
192,产品专员,新疆维药,4-6K,"<p>武汉 洪山区 光谷<em class=""vline""></em>经验不限<em class=""vline""></em>本科</p>","<p>其他行业<em class=""vline""></em>不需要融资<em class=""vline""></em>1000-9999人</p>"
193,运营助理/专员,华娱天下传媒,3-6K,"<p>武汉 武昌区 徐东<em class=""vline""></em>1年以内<em class=""vline""></em>学历不限</p>","<p>文化/体育/娱乐<em class=""vline""></em>不需要融资<em class=""vline""></em>20-99人</p>"
194,用户研究员,京奥体育,3-5K,"<p>武汉 武昌区 首义<em class=""vline""></em>1年以内<em class=""vline""></em>本科</p>","<p>工程施工<em class=""vline""></em>0-20人</p>"
195,运营助理/专员,上海华尚鸿瑞,4-5K,"<p>武汉 洪山区 珞狮南路<em class=""vline""></em>经验不限<em class=""vline""></em>大专</p>","<p>电子商务<em class=""vline""></em>0-20人</p>"
196,区块链运营,币火区块链,4-8K,"<p>武汉 洪山区 光谷<em class=""vline""></em>1年以内<em class=""vline""></em>大专</p>","<p>互联网<em class=""vline""></em>20-99人</p>"
197,文案,高盛赏广告有限公司,5-10K,"<p>武汉 蔡甸区 沌口<em class=""vline""></em>1-3年<em class=""vline""></em>本科</p>","<p>广告营销<em class=""vline""></em>20-99人</p>"
198,地理信息数据外业采集员,会益堂科技,3-6K,"<p>武汉 新洲区 阳逻<em class=""vline""></em>经验不限<em class=""vline""></em>高中</p>","<p>数据服务<em class=""vline""></em>未融资<em class=""vline""></em>20-99人</p>"
199,数据采集,会益堂科技,3-6K,"<p>武汉 新洲区 阳逻<em class=""vline""></em>经验不限<em class=""vline""></em>中专/中技</p>","<p>数据服务<em class=""vline""></em>未融资<em class=""vline""></em>20-99人</p>"
200,文案,辙兴汽车销售,3-4K,"<p>武汉 江岸区 二七<em class=""vline""></em>1年以内<em class=""vline""></em>本科</p>","<p>互联网金融<em class=""vline""></em>未融资<em class=""vline""></em>20-99人</p>"
201,产品经理,华融银通,5-10K,"<p>武汉 硚口区 古田<em class=""vline""></em>1-3年<em class=""vline""></em>大专</p>","<p>电子商务<em class=""vline""></em>未融资<em class=""vline""></em>20-99人</p>"
202,电话客服,平安普惠,6-12K,"<p>武汉 青山区 八大家<em class=""vline""></em>1年以内<em class=""vline""></em>大专</p>","<p>O2O<em class=""vline""></em>未融资<em class=""vline""></em>10000人以上</p>"
203,课程顾问,核融同协科技,8-9K,"<p>武汉 江汉区 建设大道<em class=""vline""></em>1年以内<em class=""vline""></em>本科</p>","<p>互联网金融<em class=""vline""></em>20-99人</p>"
204,运维开发工程师,欣游网络科技有限公司,6-8K,"<p>武汉 洪山区 光谷<em class=""vline""></em>1-3年<em class=""vline""></em>本科</p>","<p>游戏<em class=""vline""></em>未融资<em class=""vline""></em>20-99人</p>"
205,文案,邦盈海外,3-6K,"<p>武汉 江汉区 北湖<em class=""vline""></em>1年以内<em class=""vline""></em>本科</p>","<p>咨询<em class=""vline""></em>不需要融资<em class=""vline""></em>20-99人</p>"
206,自媒体,世海龙腾文化传播,3-5K,"<p>武汉 江汉区 江汉路<em class=""vline""></em>1-3年<em class=""vline""></em>本科</p>","<p>广告营销<em class=""vline""></em>天使轮<em class=""vline""></em>20-99人</p>"
