,岗位名称,公司名称,薪资,岗位信息,公司信息
0,数据分析,鼎胜通信,4-6K,"<p>西安 雁塔区 玫瑰大楼<em class=""vline""></em>1-3年<em class=""vline""></em>本科</p>","<p>互联网<em class=""vline""></em>不需要融资<em class=""vline""></em>1000-9999人</p>"
1,数据分析师,先进数通,6-10K,"<p>西安 莲湖区 土门<em class=""vline""></em>3-5年<em class=""vline""></em>大专</p>","<p>计算机软件<em class=""vline""></em>已上市<em class=""vline""></em>1000-9999人</p>"
2,数据分析师,浪潮集团,6-8K,"<p>西安  <em class=""vline""></em>3-5年<em class=""vline""></em>大专</p>","<p>计算机软件<em class=""vline""></em>已上市<em class=""vline""></em>10000人以上</p>"
3,数据分析架构师,华为,25-35K,"<p>西安  <em class=""vline""></em>5-10年<em class=""vline""></em>本科</p>","<p>计算机软件<em class=""vline""></em>不需要融资<em class=""vline""></em>10000人以上</p>"
4,数据分析师,博锐森信息技术,5-10K,"<p>西安 新城区 万寿路<em class=""vline""></em>经验不限<em class=""vline""></em>本科</p>","<p>计算机服务<em class=""vline""></em>未融资<em class=""vline""></em>500-999人</p>"
5,数据分析师,松毅软件,4-8K,"<p>西安 雁塔区 电子城<em class=""vline""></em>1年以内<em class=""vline""></em>本科</p>","<p>计算机软件<em class=""vline""></em>不需要融资<em class=""vline""></em>100-499人</p>"
6,数据分析师,交大长天,7-14K,"<p>西安 雁塔区 电子城<em class=""vline""></em>3-5年<em class=""vline""></em>本科</p>","<p>计算机软件<em class=""vline""></em>未融资<em class=""vline""></em>100-499人</p>"
7,报表/数据分析,北京沛合,4-5K,"<p>西安 雁塔区 科技二路<em class=""vline""></em>经验不限<em class=""vline""></em>本科</p>","<p>信息安全<em class=""vline""></em>未融资<em class=""vline""></em>500-999人</p>"
8,数据分析专员,鹏光环保科技,5-8K,"<p>西安 碑林区 长安路<em class=""vline""></em>经验不限<em class=""vline""></em>本科</p>","<p>学术/科研<em class=""vline""></em>不需要融资<em class=""vline""></em>20-99人</p>"
9,海外数据分析,每日瑜伽,7-10K,"<p>西安 雁塔区 沣惠南路<em class=""vline""></em>1-3年<em class=""vline""></em>本科</p>","<p>移动互联网<em class=""vline""></em>A轮<em class=""vline""></em>100-499人</p>"
10,数据分析师,九索,6-11K,"<p>西安 雁塔区 小寨<em class=""vline""></em>1-3年<em class=""vline""></em>本科</p>","<p>计算机软件<em class=""vline""></em>已上市<em class=""vline""></em>20-99人</p>"
11,数据分析专员,美团点评,8-10K,"<p>西安 碑林区 文艺路<em class=""vline""></em>1-3年<em class=""vline""></em>本科</p>","<p>O2O<em class=""vline""></em>已上市<em class=""vline""></em>10000人以上</p>"
12,数据分析专员,佳帮手,5-10K,"<p>西安  <em class=""vline""></em>1-3年<em class=""vline""></em>本科</p>","<p>互联网<em class=""vline""></em>不需要融资<em class=""vline""></em>10000人以上</p>"
13,数据分析师,佰聆数据,6-12K,"<p>西安  <em class=""vline""></em>1-3年<em class=""vline""></em>本科</p>","<p>数据服务<em class=""vline""></em>已上市<em class=""vline""></em>100-499人</p>"
14,数据分析师,聚思鸿,4-6K,"<p>西安 长安区 <em class=""vline""></em>1-3年<em class=""vline""></em>大专</p>","<p>企业服务<em class=""vline""></em>已上市<em class=""vline""></em>10000人以上</p>"
15,数据分析、数据可视化专家,华信智慧,9-14K,"<p>西安  <em class=""vline""></em>3-5年<em class=""vline""></em>本科</p>","<p>计算机软件<em class=""vline""></em>不需要融资<em class=""vline""></em>20-99人</p>"
16,数据分析工程师,曼拓科技,10-15K,"<p>西安 新城区 长乐西路<em class=""vline""></em>应届生<em class=""vline""></em>大专</p>","<p>计算机软件<em class=""vline""></em>100-499人</p>"
17,临时数据分析,御品轩,3-4K,"<p>西安  <em class=""vline""></em>经验不限<em class=""vline""></em>中专/中技</p>","<p>食品/饮料/烟酒<em class=""vline""></em>未融资<em class=""vline""></em>1000-9999人</p>"
18,数据分析师,西安思倍,5-8K,"<p>西安  <em class=""vline""></em>1年以内<em class=""vline""></em>本科</p>","<p>数据服务<em class=""vline""></em>不需要融资<em class=""vline""></em>20-99人</p>"
19,研究员/数据分析师,西安方元市场研究,5-8K,"<p>西安 碑林区 文艺路<em class=""vline""></em>1-3年<em class=""vline""></em>本科</p>","<p>其他服务业<em class=""vline""></em>天使轮<em class=""vline""></em>20-99人</p>"
20,商业数据分析,博源智慧,3-6K·24薪,"<p>西安 雁塔区 等驾坡<em class=""vline""></em>应届生<em class=""vline""></em>本科</p>","<p>数据服务<em class=""vline""></em>0-20人</p>"
21,数据分析师,西安开驰曼,4-6K,"<p>西安 雁塔区 唐延路<em class=""vline""></em>经验不限<em class=""vline""></em>本科</p>","<p>数据服务<em class=""vline""></em>未融资<em class=""vline""></em>0-20人</p>"
22,地理数据分析员,勘测规划设计院,6-9K,"<p>西安  <em class=""vline""></em>经验不限<em class=""vline""></em>硕士</p>","<p>建筑设计<em class=""vline""></em>未融资<em class=""vline""></em>100-499人</p>"
23,数据分析专员/主管,怡康,4-8K,"<p>西安 莲湖区 北院门<em class=""vline""></em>1-3年<em class=""vline""></em>大专</p>","<p>医疗健康<em class=""vline""></em>不需要融资<em class=""vline""></em>1000-9999人</p>"
24,数据分析师,华旗互动,3-6K,"<p>西安  <em class=""vline""></em>3-5年<em class=""vline""></em>本科</p>","<p>在线教育<em class=""vline""></em>未融资<em class=""vline""></em>100-499人</p>"
25,数据分析专员（自媒体广告方向）,诚优网络,4-6K,"<p>西安 雁塔区 唐延路<em class=""vline""></em>1-3年<em class=""vline""></em>本科</p>","<p>互联网<em class=""vline""></em>未融资<em class=""vline""></em>20-99人</p>"
26,数据分析师（运营）,货大大,7-12K,"<p>西安 雁塔区 唐延路<em class=""vline""></em>5-10年<em class=""vline""></em>本科</p>","<p>移动互联网<em class=""vline""></em>A轮<em class=""vline""></em>20-99人</p>"
27,数据分析师,壬林商务,5-6K,"<p>西安 雁塔区 长延堡<em class=""vline""></em>经验不限<em class=""vline""></em>本科</p>","<p>投资/融资<em class=""vline""></em>不需要融资<em class=""vline""></em>100-499人</p>"
28,数据分析师,西安乐推,8-12K,"<p>西安  <em class=""vline""></em>1年以内<em class=""vline""></em>本科</p>","<p>互联网<em class=""vline""></em>不需要融资<em class=""vline""></em>100-499人</p>"
29,数据分析-实习生,麦仓数据,2-4K,"<p>西安 雁塔区 电视塔<em class=""vline""></em>经验不限<em class=""vline""></em>学历不限</p>","<p>数据服务<em class=""vline""></em>未融资<em class=""vline""></em>20-99人</p>"
30,数据分析师,麦仓数据,3-6K,"<p>西安 雁塔区 电视塔<em class=""vline""></em>经验不限<em class=""vline""></em>大专</p>","<p>数据服务<em class=""vline""></em>未融资<em class=""vline""></em>20-99人</p>"
31,运营数据分析师,海润通信,6-11K,"<p>西安  <em class=""vline""></em>3-5年<em class=""vline""></em>大专</p>","<p>通信/网络设备<em class=""vline""></em>不需要融资<em class=""vline""></em>100-499人</p>"
32,高级数据分析挖掘工程师,泰豪软件,10-15K,"<p>西安 新城区 东大街<em class=""vline""></em>3-5年<em class=""vline""></em>硕士</p>","<p>计算机软件<em class=""vline""></em>已上市<em class=""vline""></em>500-999人</p>"
33,运营数据分析师,海润通信,6-11K,"<p>西安  <em class=""vline""></em>3-5年<em class=""vline""></em>大专</p>","<p>通信/网络设备<em class=""vline""></em>不需要融资<em class=""vline""></em>100-499人</p>"
34,数据分析工程师（应届生）,泰豪软件,3-5K,"<p>西安 新城区 东大街<em class=""vline""></em>经验不限<em class=""vline""></em>本科</p>","<p>计算机软件<em class=""vline""></em>已上市<em class=""vline""></em>500-999人</p>"
35,高级数据分析师,芒果科技,8-12K,"<p>西安 雁塔区 沣惠南路<em class=""vline""></em>3-5年<em class=""vline""></em>本科</p>","<p>保险<em class=""vline""></em>未融资<em class=""vline""></em>20-99人</p>"
36,数据分析工程师,北京特里尼斯,4-7K,"<p>西安 雁塔区 唐延路<em class=""vline""></em>1-3年<em class=""vline""></em>本科</p>","<p>数据服务<em class=""vline""></em>20-99人</p>"
37,数据分析,西安浙顺商贸有限...,3-4K,"<p>西安 新城区 解放路<em class=""vline""></em>1年以内<em class=""vline""></em>本科</p>","<p>批发/零售<em class=""vline""></em>未融资<em class=""vline""></em>500-999人</p>"
38,英语数据分析员,华元宏方,3-6K,"<p>西安  <em class=""vline""></em>应届生<em class=""vline""></em>大专</p>","<p>翻译<em class=""vline""></em>不需要融资<em class=""vline""></em>20-99人</p>"
39,数据分析（实习生）,文都考研,3-4K,"<p>西安 雁塔区 小寨<em class=""vline""></em>经验不限<em class=""vline""></em>硕士</p>","<p>培训机构<em class=""vline""></em>未融资<em class=""vline""></em>100-499人</p>"
40,数据分析专员,步长制药,4-5K,"<p>西安 雁塔区 高新路<em class=""vline""></em>1-3年<em class=""vline""></em>本科</p>","<p>医疗健康<em class=""vline""></em>不需要融资<em class=""vline""></em>10000人以上</p>"
41,数据分析师,长安融通,6-8K,"<p>西安 雁塔区 唐延路<em class=""vline""></em>1-3年<em class=""vline""></em>本科</p>","<p>互联网金融<em class=""vline""></em>天使轮<em class=""vline""></em>20-99人</p>"
42,数据分析师,西安画美医疗美容医院,4-8K,"<p>西安 新城区 太华路<em class=""vline""></em>应届生<em class=""vline""></em>本科</p>","<p>医疗健康<em class=""vline""></em>A轮<em class=""vline""></em>500-999人</p>"
43,数据分析师,微观学社,4-5K,"<p>西安 雁塔区 高新路<em class=""vline""></em>经验不限<em class=""vline""></em>本科</p>","<p>互联网<em class=""vline""></em>天使轮<em class=""vline""></em>100-499人</p>"
44,数据分析师,直信立兴,2-4K,"<p>西安 未央区 未央路<em class=""vline""></em>1年以内<em class=""vline""></em>大专</p>","<p>生活服务<em class=""vline""></em>未融资<em class=""vline""></em>20-99人</p>"
45,数据分析师,图灵生物,5-8K,"<p>西安  <em class=""vline""></em>应届生<em class=""vline""></em>硕士</p>","<p>医疗健康<em class=""vline""></em>天使轮<em class=""vline""></em>0-20人</p>"
46,数据分析师,华为,12-24K,"<p>西安  <em class=""vline""></em>5-10年<em class=""vline""></em>本科</p>","<p>计算机软件<em class=""vline""></em>不需要融资<em class=""vline""></em>10000人以上</p>"
47,数据分析师,华为,10-20K,"<p>西安  <em class=""vline""></em>3-5年<em class=""vline""></em>本科</p>","<p>计算机软件<em class=""vline""></em>不需要融资<em class=""vline""></em>10000人以上</p>"
48,数据分析专员,怡康,4-6K,"<p>西安 莲湖区 莲湖公园<em class=""vline""></em>1-3年<em class=""vline""></em>大专</p>","<p>医疗健康<em class=""vline""></em>不需要融资<em class=""vline""></em>1000-9999人</p>"
49,助理数据分析员,平安普惠,6-10K,"<p>西安 雁塔区 唐延路<em class=""vline""></em>1-3年<em class=""vline""></em>本科</p>","<p>O2O<em class=""vline""></em>未融资<em class=""vline""></em>10000人以上</p>"
50,数据分析师,晟运通科技,6-8K,"<p>西安 雁塔区 电子城<em class=""vline""></em>1-3年<em class=""vline""></em>本科</p>","<p>互联网<em class=""vline""></em>未融资<em class=""vline""></em>100-499人</p>"
51,数据分析师,思普瑞数码,8-9K,"<p>西安 雁塔区 沣惠南路<em class=""vline""></em>1-3年<em class=""vline""></em>本科</p>","<p>计算机软件<em class=""vline""></em>未融资<em class=""vline""></em>20-99人</p>"
52,数据分析师,中邮速递易,6-8K,"<p>西安 雁塔区 唐延路<em class=""vline""></em>1-3年<em class=""vline""></em>本科</p>","<p>互联网<em class=""vline""></em>已上市<em class=""vline""></em>1000-9999人</p>"
53,数据分析师,陕西雷风商贸有限公司,3-4K,"<p>西安 雁塔区 电视塔<em class=""vline""></em>1年以内<em class=""vline""></em>大专</p>","<p>生活服务<em class=""vline""></em>未融资<em class=""vline""></em>1000-9999人</p>"
54,算法工程师/数据分析师,斯维智能,5-9K,"<p>西安 雁塔区 高新路<em class=""vline""></em>应届生<em class=""vline""></em>本科</p>","<p>智能硬件<em class=""vline""></em>A轮<em class=""vline""></em>0-20人</p>"
55,数据分析师,长安信托,20-40K,"<p>西安 雁塔区 高新路<em class=""vline""></em>经验不限<em class=""vline""></em>学历不限</p>","<p>互联网金融<em class=""vline""></em>不需要融资<em class=""vline""></em>500-999人</p>"
56,商品数据分析,辉聚时尚商贸有限公司,3-5K,"<p>西安 新城区 金花路<em class=""vline""></em>1年以内<em class=""vline""></em>本科</p>","<p>批发/零售<em class=""vline""></em>不需要融资<em class=""vline""></em>0-20人</p>"
57,门店系列经理,OCE,6-8K,"<p>西安 雁塔区 雁翔路<em class=""vline""></em>3-5年<em class=""vline""></em>学历不限</p>","<p>生活服务<em class=""vline""></em>未融资<em class=""vline""></em>1000-9999人</p>"
58,商品专员,陕西万欣商贸,3-5K,"<p>西安 新城区 胡家庙<em class=""vline""></em>1-3年<em class=""vline""></em>大专</p>","<p>贸易/进出口<em class=""vline""></em>未融资<em class=""vline""></em>500-999人</p>"
59,算法研究员,西安方元明公司,5-6K,"<p>西安 雁塔区 科技一路<em class=""vline""></em>应届生<em class=""vline""></em>硕士</p>","<p>电子/半导体/集成电路<em class=""vline""></em>已上市<em class=""vline""></em>100-499人</p>"
60,华清中心市场专员,博源学府考研,8-10K,"<p>西安 新城区 等驾坡<em class=""vline""></em>1年以内<em class=""vline""></em>大专</p>","<p>培训机构<em class=""vline""></em>未融资<em class=""vline""></em>500-999人</p>"
61,用户研究经理,君凯电子科技有限公司,7-14K,"<p>西安 未央区 辛家庙<em class=""vline""></em>5-10年<em class=""vline""></em>大专</p>","<p>互联网<em class=""vline""></em>未融资<em class=""vline""></em>100-499人</p>"
62,UX设计师,西安矩元维,5-10K,"<p>西安 雁塔区 光华路<em class=""vline""></em>1-3年<em class=""vline""></em>本科</p>","<p>计算机软件<em class=""vline""></em>未融资<em class=""vline""></em>0-20人</p>"
63,营销主管,中国人寿,4-8K,"<p>西安 未央区 张家堡<em class=""vline""></em>1年以内<em class=""vline""></em>大专</p>","<p>互联网金融<em class=""vline""></em>已上市<em class=""vline""></em>10000人以上</p>"
64,会计,新福润商贸,5-6K,"<p>西安 新城区 胡家庙<em class=""vline""></em>1-3年<em class=""vline""></em>大专</p>","<p>家具/家电/家居<em class=""vline""></em>20-99人</p>"
65,活动策划执行,百川影视,3-4K,"<p>西安 未央区 张家堡<em class=""vline""></em>1年以内<em class=""vline""></em>大专</p>","<p>广告营销<em class=""vline""></em>未融资<em class=""vline""></em>0-20人</p>"
66,市场营销,平安普惠信息服务,22-26K,"<p>西安 碑林区 太乙路<em class=""vline""></em>3-5年<em class=""vline""></em>本科</p>","<p>互联网金融<em class=""vline""></em>已上市<em class=""vline""></em>10000人以上</p>"
67,销售顾问,毓秀文化,5-8K,"<p>西安 长安区 韦曲<em class=""vline""></em>1-3年<em class=""vline""></em>大专</p>","<p>企业服务<em class=""vline""></em>未融资<em class=""vline""></em>20-99人</p>"
68,淘宝运营,多米生活,5-8K,"<p>西安  <em class=""vline""></em>1年以内<em class=""vline""></em>学历不限</p>","<p>电子商务<em class=""vline""></em>未融资<em class=""vline""></em>0-20人</p>"
69,网络工程师,臻无双管理咨询,5-8K,"<p>西安 新城区 太华路<em class=""vline""></em>3-5年<em class=""vline""></em>本科</p>","<p>企业服务<em class=""vline""></em>未融资<em class=""vline""></em>100-499人</p>"
70,品牌公关,艾美薇,8-10K,"<p>西安  <em class=""vline""></em>3-5年<em class=""vline""></em>硕士</p>","<p>广告/公关/会展<em class=""vline""></em>不需要融资<em class=""vline""></em>0-20人</p>"
71,工程造价,海特,5-10K,"<p>西安  <em class=""vline""></em>3-5年<em class=""vline""></em>大专</p>","<p>装修装饰<em class=""vline""></em>未融资<em class=""vline""></em>20-99人</p>"
72,外贸专员,永盈贸易,3-6K,"<p>西安 未央区 三桥<em class=""vline""></em>1年以内<em class=""vline""></em>本科</p>","<p>贸易/进出口<em class=""vline""></em>未融资<em class=""vline""></em>0-20人</p>"
73,营销拓客,康健一生,4-8K,"<p>西安 碑林区 安西街<em class=""vline""></em>1-3年<em class=""vline""></em>大专</p>","<p>医疗健康<em class=""vline""></em>不需要融资<em class=""vline""></em>100-499人</p>"
74,产品专员,阿尔泰科技,3-4K,"<p>西安 雁塔区 高新路<em class=""vline""></em>经验不限<em class=""vline""></em>大专</p>","<p>电子/半导体/集成电路<em class=""vline""></em>未融资<em class=""vline""></em>100-499人</p>"
75,商品专员,怡康,4-6K,"<p>西安 莲湖区 北院门<em class=""vline""></em>1-3年<em class=""vline""></em>大专</p>","<p>医疗健康<em class=""vline""></em>不需要融资<em class=""vline""></em>1000-9999人</p>"
76,企业运营管理,申银信达,3-5K,"<p>西安 新城区 钟楼<em class=""vline""></em>1-3年<em class=""vline""></em>本科</p>","<p>互联网金融<em class=""vline""></em>不需要融资<em class=""vline""></em>100-499人</p>"
77,运营专员/助理,西安彩虹星球,4-6K,"<p>西安  <em class=""vline""></em>经验不限<em class=""vline""></em>本科</p>","<p>电子商务<em class=""vline""></em>B轮<em class=""vline""></em>100-499人</p>"
78,配/理/拣/发货,布布逗儿童服饰,3-5K,"<p>西安 新城区 胡家庙<em class=""vline""></em>经验不限<em class=""vline""></em>本科</p>","<p>服装/纺织/皮革<em class=""vline""></em>0-20人</p>"
79,采购经理,装小哥,4-8K,"<p>西安 未央区 未央路<em class=""vline""></em>3-5年<em class=""vline""></em>本科</p>","<p>物流/仓储<em class=""vline""></em>天使轮<em class=""vline""></em>20-99人</p>"
80,财务咨询顾问,天仁咨询,3-6K,"<p>西安 莲湖区 丰禾路<em class=""vline""></em>经验不限<em class=""vline""></em>本科</p>","<p>咨询<em class=""vline""></em>不需要融资<em class=""vline""></em>20-99人</p>"
81,淘宝运营,佳帮手,5-8K,"<p>西安  <em class=""vline""></em>1-3年<em class=""vline""></em>大专</p>","<p>互联网<em class=""vline""></em>不需要融资<em class=""vline""></em>10000人以上</p>"
82,客服经理,迅鹏商贸,4-5K,"<p>西安  <em class=""vline""></em>3-5年<em class=""vline""></em>大专</p>","<p>企业服务<em class=""vline""></em>不需要融资<em class=""vline""></em>20-99人</p>"
83,.Net开发工程师,西安葡萄城,8-15K,"<p>西安 雁塔区 科技二路<em class=""vline""></em>1-3年<em class=""vline""></em>本科</p>","<p>计算机软件<em class=""vline""></em>不需要融资<em class=""vline""></em>100-499人</p>"
84,咨询经理,天仁咨询,8-12K,"<p>西安 莲湖区 丰禾路<em class=""vline""></em>经验不限<em class=""vline""></em>本科</p>","<p>咨询<em class=""vline""></em>不需要融资<em class=""vline""></em>20-99人</p>"
85,电商运营,佳帮手,5-10K,"<p>西安  <em class=""vline""></em>1-3年<em class=""vline""></em>学历不限</p>","<p>互联网<em class=""vline""></em>不需要融资<em class=""vline""></em>10000人以上</p>"
86,市场调研,西安彩虹星球,4-7K,"<p>西安  <em class=""vline""></em>经验不限<em class=""vline""></em>本科</p>","<p>电子商务<em class=""vline""></em>B轮<em class=""vline""></em>100-499人</p>"
87,城市经理,摩爱科技,10-12K,"<p>西安 雁塔区 明德门<em class=""vline""></em>1-3年<em class=""vline""></em>大专</p>","<p>互联网<em class=""vline""></em>未融资<em class=""vline""></em>100-499人</p>"
88,设计部经理,唯创匠心装饰,12-20K,"<p>西安 未央区 凤城一路<em class=""vline""></em>3-5年<em class=""vline""></em>本科</p>","<p>装修装饰<em class=""vline""></em>未融资<em class=""vline""></em>20-99人</p>"
89,内容编辑,全美食,4-6K,"<p>西安 雁塔区 高新路<em class=""vline""></em>1年以内<em class=""vline""></em>本科</p>","<p>移动互联网<em class=""vline""></em>天使轮<em class=""vline""></em>100-499人</p>"
90,咨询项目管理,天仁咨询,5-10K,"<p>西安 莲湖区 丰禾路<em class=""vline""></em>经验不限<em class=""vline""></em>硕士</p>","<p>咨询<em class=""vline""></em>不需要融资<em class=""vline""></em>20-99人</p>"
91,买手主管,佳佰汇,6-7K,"<p>西安 新城区 胡家庙<em class=""vline""></em>1年以内<em class=""vline""></em>本科</p>","<p>服装/纺织/皮革<em class=""vline""></em>未融资<em class=""vline""></em>500-999人</p>"
92,新媒体文案编辑,乐享童,3-5K,"<p>西安  <em class=""vline""></em>经验不限<em class=""vline""></em>本科</p>","<p>生活服务<em class=""vline""></em>未融资<em class=""vline""></em>0-20人</p>"
93,电商运营总监,西安彩虹星球,12-20K,"<p>西安  <em class=""vline""></em>5-10年<em class=""vline""></em>本科</p>","<p>电子商务<em class=""vline""></em>B轮<em class=""vline""></em>100-499人</p>"
94,财务咨询顾问,小牛奔跑财税服务,3-6K,"<p>西安 雁塔区 旺座现代城<em class=""vline""></em>经验不限<em class=""vline""></em>高中</p>","<p>互联网<em class=""vline""></em>不需要融资<em class=""vline""></em>20-99人</p>"
95,创意总监,西安锐拓,8-13K,"<p>西安 雁塔区 电视塔<em class=""vline""></em>3-5年<em class=""vline""></em>本科</p>","<p>广告/公关/会展<em class=""vline""></em>未融资<em class=""vline""></em>0-20人</p>"
96,管理会计,时代共赢,8-16K,"<p>西安 碑林区 怡丰城<em class=""vline""></em>3-5年<em class=""vline""></em>本科</p>","<p>企业服务<em class=""vline""></em>未融资<em class=""vline""></em>20-99人</p>"
97,销售助理,陕西华海,3-4K,"<p>西安 雁塔区 电子城<em class=""vline""></em>1年以内<em class=""vline""></em>本科</p>","<p>信息安全<em class=""vline""></em>未融资<em class=""vline""></em>20-99人</p>"
98,智能客服机器人训练师,晓多智能,3-8K,"<p>西安 雁塔区 高新路<em class=""vline""></em>经验不限<em class=""vline""></em>本科</p>","<p>互联网<em class=""vline""></em>B轮<em class=""vline""></em>100-499人</p>"
99,产品助理,陕西掌通家园,3-5K,"<p>西安  <em class=""vline""></em>1年以内<em class=""vline""></em>大专</p>","<p>企业服务<em class=""vline""></em>20-99人</p>"
100,技术合伙人,西安综视,6-12K,"<p>西安  <em class=""vline""></em>经验不限<em class=""vline""></em>学历不限</p>","<p>计算机软件<em class=""vline""></em>未融资<em class=""vline""></em>0-20人</p>"
101,内容运营文案策划,西安图灵网络,4-7K,"<p>西安 莲湖区 高新路<em class=""vline""></em>1年以内<em class=""vline""></em>本科</p>","<p>互联网<em class=""vline""></em>A轮<em class=""vline""></em>100-499人</p>"
102,广告制作,佳帮手,5-8K,"<p>西安  <em class=""vline""></em>1年以内<em class=""vline""></em>本科</p>","<p>互联网<em class=""vline""></em>不需要融资<em class=""vline""></em>10000人以上</p>"
103,储能技术工程师,紫禾电力,5-8K,"<p>西安 雁塔区 沣惠南路<em class=""vline""></em>1-3年<em class=""vline""></em>本科</p>","<p>新能源<em class=""vline""></em>未融资<em class=""vline""></em>20-99人</p>"
104,电商投放+绩效提成,君凯电子,6-8K,"<p>西安  <em class=""vline""></em>1-3年<em class=""vline""></em>大专</p>","<p>电子商务<em class=""vline""></em>不需要融资<em class=""vline""></em>100-499人</p>"
105,天猫电商运营,聚文轩,3-8K,"<p>西安 雁塔区 小寨<em class=""vline""></em>3-5年<em class=""vline""></em>本科</p>","<p>批发/零售<em class=""vline""></em>不需要融资<em class=""vline""></em>0-20人</p>"
106,文案,建利集团,3-4K,"<p>西安 雁塔区 小寨<em class=""vline""></em>1年以内<em class=""vline""></em>本科</p>","<p>企业服务<em class=""vline""></em>未融资<em class=""vline""></em>100-499人</p>"
107,供应链总监,咔咔芭芭,4-9K·14薪,"<p>西安  <em class=""vline""></em>3-5年<em class=""vline""></em>本科</p>","<p>电子商务<em class=""vline""></em>未融资<em class=""vline""></em>20-99人</p>"
108,西安BD主管,顺丰速运,9-13K,"<p>西安 雁塔区 曲江新区<em class=""vline""></em>1-3年<em class=""vline""></em>大专</p>","<p>物流/仓储<em class=""vline""></em>已上市<em class=""vline""></em>20-99人</p>"
109,测量组长,西安天慧阜盈信息...,4-6K,"<p>西安 雁塔区 西影路<em class=""vline""></em>应届生<em class=""vline""></em>本科</p>","<p>工程施工<em class=""vline""></em>未融资<em class=""vline""></em>0-20人</p>"
110,客户经理/咨询顾问,无界沟通,6-11K,"<p>西安 雁塔区 唐延路<em class=""vline""></em>1年以内<em class=""vline""></em>大专</p>","<p>互联网<em class=""vline""></em>不需要融资<em class=""vline""></em>100-499人</p>"
111,售前服务顾问,无界沟通,6-11K,"<p>西安 雁塔区 唐延路<em class=""vline""></em>1年以内<em class=""vline""></em>学历不限</p>","<p>互联网<em class=""vline""></em>不需要融资<em class=""vline""></em>100-499人</p>"
112,游戏策划,西安途丁软件科技公司,6-12K,"<p>西安  <em class=""vline""></em>1-3年<em class=""vline""></em>本科</p>","<p>计算机软件<em class=""vline""></em>20-99人</p>"
113,软件销售,西安综视,3-8K,"<p>西安  <em class=""vline""></em>经验不限<em class=""vline""></em>学历不限</p>","<p>计算机软件<em class=""vline""></em>未融资<em class=""vline""></em>0-20人</p>"
114,客户代表,乐博乐博机器人,5-9K,"<p>西安 雁塔区 电子城<em class=""vline""></em>经验不限<em class=""vline""></em>大专</p>","<p>培训机构<em class=""vline""></em>已上市<em class=""vline""></em>500-999人</p>"
115,facebook 广告投放,Yeahmobi,4-6K,"<p>西安  <em class=""vline""></em>1-3年<em class=""vline""></em>本科</p>","<p>移动互联网<em class=""vline""></em>已上市<em class=""vline""></em>100-499人</p>"
116,FB广告投放师,每日瑜伽,4-7K,"<p>西安 雁塔区 沣惠南路<em class=""vline""></em>1-3年<em class=""vline""></em>本科</p>","<p>移动互联网<em class=""vline""></em>A轮<em class=""vline""></em>100-499人</p>"
117,运维工程师,兴汇电力,4-8K,"<p>西安 长安区 王寺<em class=""vline""></em>1-3年<em class=""vline""></em>本科</p>","<p>智能硬件<em class=""vline""></em>不需要融资<em class=""vline""></em>100-499人</p>"
118,产品经理,旅拍通,4-8K,"<p>西安 未央区 张家堡<em class=""vline""></em>3-5年<em class=""vline""></em>本科</p>","<p>旅游<em class=""vline""></em>天使轮<em class=""vline""></em>20-99人</p>"
119,市场策划,铂玺国际软装,3-4K,"<p>西安 长安区 郭杜<em class=""vline""></em>3-5年<em class=""vline""></em>大专</p>","<p>装修装饰<em class=""vline""></em>未融资<em class=""vline""></em>20-99人</p>"
120,采购经理,陕西君汇,5-8K,"<p>西安 雁塔区 明德门<em class=""vline""></em>1-3年<em class=""vline""></em>本科</p>","<p>贸易/进出口<em class=""vline""></em>未融资<em class=""vline""></em>100-499人</p>"
121,企业管理咨询/银行咨询培训/人力资源开发,金智,4-8K,"<p>西安 雁塔区 玫瑰大楼<em class=""vline""></em>经验不限<em class=""vline""></em>硕士</p>","<p>企业服务<em class=""vline""></em>已上市<em class=""vline""></em>100-499人</p>"
122,车辆运维,哈啰出行,6-7K,"<p>西安 未央区 张家堡<em class=""vline""></em>经验不限<em class=""vline""></em>学历不限</p>","<p>互联网<em class=""vline""></em>D轮及以上<em class=""vline""></em>1000-9999人</p>"
123,大数据开发工程师,亚购信息科技,15-20K,"<p>西安  <em class=""vline""></em>3-5年<em class=""vline""></em>本科</p>","<p>电子商务<em class=""vline""></em>A轮<em class=""vline""></em>100-499人</p>"
124,市场策划,西安铂玺,5-10K,"<p>西安 长安区 郭杜<em class=""vline""></em>3-5年<em class=""vline""></em>大专</p>","<p>建筑设计<em class=""vline""></em>未融资<em class=""vline""></em>20-99人</p>"
125,计划员,巨子生物,3-6K,"<p>西安  <em class=""vline""></em>1-3年<em class=""vline""></em>大专</p>","<p>医疗健康<em class=""vline""></em>未融资<em class=""vline""></em>500-999人</p>"
126,管培生/业务主管,生活匠,3-5K,"<p>西安 长安区 韦曲<em class=""vline""></em>经验不限<em class=""vline""></em>大专</p>","<p>电子商务<em class=""vline""></em>0-20人</p>"
127,自媒体运营,西安图灵网络,4-6K,"<p>西安 莲湖区 高新路<em class=""vline""></em>1年以内<em class=""vline""></em>本科</p>","<p>互联网<em class=""vline""></em>A轮<em class=""vline""></em>100-499人</p>"
128,产品运营,爱尚金服,15-30K,"<p>西安 碑林区 长安路<em class=""vline""></em>3-5年<em class=""vline""></em>本科</p>","<p>互联网金融<em class=""vline""></em>不需要融资<em class=""vline""></em>1000-9999人</p>"
129,产品经理,积木家互联网装修,8-10K,"<p>西安 未央区 未央路<em class=""vline""></em>3-5年<em class=""vline""></em>本科</p>","<p>互联网<em class=""vline""></em>A轮<em class=""vline""></em>500-999人</p>"
130,销售专员,墨寒广告,4-5K,"<p>西安 碑林区 东大街<em class=""vline""></em>经验不限<em class=""vline""></em>学历不限</p>","<p>广告营销<em class=""vline""></em>未融资<em class=""vline""></em>100-499人</p>"
131,实施工程师（可出差）,亿信华辰,4-8K,"<p>西安 雁塔区 高新路<em class=""vline""></em>经验不限<em class=""vline""></em>本科</p>","<p>计算机软件<em class=""vline""></em>不需要融资<em class=""vline""></em>500-999人</p>"
132,收银,尊力建材,3-6K,"<p>西安 未央区 草滩<em class=""vline""></em>应届生<em class=""vline""></em>学历不限</p>","<p>批发/零售<em class=""vline""></em>未融资<em class=""vline""></em>20-99人</p>"
133,销售经理,汉森石业,4-8K,"<p>西安  <em class=""vline""></em>经验不限<em class=""vline""></em>学历不限</p>","<p>建材<em class=""vline""></em>0-20人</p>"
134,婚礼策划师,瑞信企业,3-8K,"<p>西安 雁塔区 小寨<em class=""vline""></em>1年以内<em class=""vline""></em>学历不限</p>","<p>咨询<em class=""vline""></em>20-99人</p>"
135,LTE优化工程师,优克瑞特科技,10-12K,"<p>西安 雁塔区 明德门<em class=""vline""></em>1年以内<em class=""vline""></em>大专</p>","<p>通信/网络设备<em class=""vline""></em>未融资<em class=""vline""></em>100-499人</p>"
136,商品专员,陕西开云商贸有限公司,3-6K,"<p>西安 雁塔区 电视塔<em class=""vline""></em>1-3年<em class=""vline""></em>本科</p>","<p>生活服务<em class=""vline""></em>100-499人</p>"
137,产品经理,西安汉德,9-10K·14薪,"<p>西安 雁塔区 高新路<em class=""vline""></em>经验不限<em class=""vline""></em>本科</p>","<p>智能硬件<em class=""vline""></em>不需要融资<em class=""vline""></em>0-20人</p>"
138,产品经理,探索之家,6-10K,"<p>西安 雁塔区 长延堡<em class=""vline""></em>3-5年<em class=""vline""></em>本科</p>","<p>互联网<em class=""vline""></em>不需要融资<em class=""vline""></em>20-99人</p>"
139,语音识别,ohh智能家居,6-12K,"<p>西安  <em class=""vline""></em>1-3年<em class=""vline""></em>本科</p>","<p>智能硬件<em class=""vline""></em>天使轮<em class=""vline""></em>20-99人</p>"
140,市场调研,新成宝,3-5K,"<p>西安 长安区 韦曲<em class=""vline""></em>1年以内<em class=""vline""></em>大专</p>","<p>其他行业<em class=""vline""></em>不需要融资<em class=""vline""></em>0-20人</p>"
141,C++,软通动力,11-22K,"<p>西安 长安区 <em class=""vline""></em>3-5年<em class=""vline""></em>大专</p>","<p>计算机软件<em class=""vline""></em>已上市<em class=""vline""></em>10000人以上</p>"
142,调度中心行政支持,陕西德蓝特,3-4K,"<p>西安 雁塔区 唐延路<em class=""vline""></em>经验不限<em class=""vline""></em>学历不限</p>","<p>广告/公关/会展<em class=""vline""></em>不需要融资<em class=""vline""></em>100-499人</p>"
143,市场ZY,德学教育科技,3-8K,"<p>西安 未央区 张家堡<em class=""vline""></em>1-3年<em class=""vline""></em>学历不限</p>","<p>培训机构<em class=""vline""></em>A轮<em class=""vline""></em>100-499人</p>"
144,仓库文员,第一印象,3-4K,"<p>西安 新城区 太华路<em class=""vline""></em>1年以内<em class=""vline""></em>大专</p>","<p>服装/纺织/皮革<em class=""vline""></em>未融资<em class=""vline""></em>0-20人</p>"
145,网络营销经理,瑞丽诗连锁,10-13K,"<p>西安 未央区 凤城四路<em class=""vline""></em>3-5年<em class=""vline""></em>大专</p>","<p>医疗健康<em class=""vline""></em>不需要融资<em class=""vline""></em>20-99人</p>"
146,产品经理,陕西正华,5-10K,"<p>西安 未央区 文景路<em class=""vline""></em>3-5年<em class=""vline""></em>本科</p>","<p>信息安全<em class=""vline""></em>A轮<em class=""vline""></em>20-99人</p>"
147,高级软件开发工程师,华源创世,8-16K,"<p>西安 雁塔区 唐延路<em class=""vline""></em>3-5年<em class=""vline""></em>本科</p>","<p>互联网<em class=""vline""></em>A轮<em class=""vline""></em>20-99人</p>"
148,运维开发工程师,汇创五谷,6-10K,"<p>西安 雁塔区 唐延路<em class=""vline""></em>3-5年<em class=""vline""></em>本科</p>","<p>电子商务<em class=""vline""></em>未融资<em class=""vline""></em>20-99人</p>"
149,首席科学家,云基华海,15-30K,"<p>西安  <em class=""vline""></em>5-10年<em class=""vline""></em>硕士</p>","<p>数据服务<em class=""vline""></em>不需要融资<em class=""vline""></em>100-499人</p>"
150,产品经理,国乾能源,4-8K,"<p>西安 雁塔区 唐延路<em class=""vline""></em>3-5年<em class=""vline""></em>大专</p>","<p>仪器仪表/工业自动化<em class=""vline""></em>未融资<em class=""vline""></em>0-20人</p>"
151,Python,秦贝,15-30K,"<p>西安  <em class=""vline""></em>1-3年<em class=""vline""></em>本科</p>","<p>电子商务<em class=""vline""></em>不需要融资<em class=""vline""></em>100-499人</p>"
152,外贸专员,启威,3-5K,"<p>西安  <em class=""vline""></em>经验不限<em class=""vline""></em>大专</p>","<p>贸易/进出口<em class=""vline""></em>0-20人</p>"
153,会计助理,高蒂商贸,3-4K,"<p>西安 新城区 胡家庙<em class=""vline""></em>经验不限<em class=""vline""></em>学历不限</p>","<p>批发/零售<em class=""vline""></em>不需要融资<em class=""vline""></em>0-20人</p>"
154,网络优化,众智云启通讯,5-10K,"<p>西安 雁塔区 小寨<em class=""vline""></em>经验不限<em class=""vline""></em>大专</p>","<p>通信/网络设备<em class=""vline""></em>未融资<em class=""vline""></em>100-499人</p>"
155,ORACLE数据架构师,新邮通,15-18K,"<p>西安 雁塔区 高新路<em class=""vline""></em>3-5年<em class=""vline""></em>本科</p>","<p>计算机服务<em class=""vline""></em>20-99人</p>"
156,风控,平安普惠金融,6-12K,"<p>西安 雁塔区 唐延路<em class=""vline""></em>1年以内<em class=""vline""></em>大专</p>","<p>互联网金融<em class=""vline""></em>已上市<em class=""vline""></em>10000人以上</p>"
157,客服运营经理,滴滴,8-13K,"<p>西安 长安区 郭杜<em class=""vline""></em>5-10年<em class=""vline""></em>本科</p>","<p>移动互联网<em class=""vline""></em>D轮及以上<em class=""vline""></em>1000-9999人</p>"
158,工程造价,创佳实业,4-5K,"<p>西安 未央区 三桥<em class=""vline""></em>3-5年<em class=""vline""></em>大专</p>","<p>工程施工<em class=""vline""></em>不需要融资<em class=""vline""></em>20-99人</p>"
159,运营专员,聚信分期,4-5K,"<p>西安 雁塔区 唐延路<em class=""vline""></em>1年以内<em class=""vline""></em>大专</p>","<p>互联网金融<em class=""vline""></em>不需要融资<em class=""vline""></em>20-99人</p>"
160,策划经理,晴空娱乐,4-8K,"<p>西安 新城区 西影路<em class=""vline""></em>1-3年<em class=""vline""></em>本科</p>","<p>音乐/视频/阅读<em class=""vline""></em>A轮<em class=""vline""></em>0-20人</p>"
161,文案策划,福晟商贸,3-6K,"<p>西安  <em class=""vline""></em>经验不限<em class=""vline""></em>大专</p>","<p>社交网络<em class=""vline""></em>不需要融资<em class=""vline""></em>0-20人</p>"
162,企业管理咨询,万邦创意文化,5-8K,"<p>西安 雁塔区 小寨<em class=""vline""></em>1-3年<em class=""vline""></em>本科</p>","<p>广告营销<em class=""vline""></em>20-99人</p>"
163,外贸专员,赛利智能,3-8K,"<p>西安 雁塔区 郭杜<em class=""vline""></em>1-3年<em class=""vline""></em>大专</p>","<p>工程施工<em class=""vline""></em>未融资<em class=""vline""></em>0-20人</p>"
164,店助,都之风工贸,4-5K,"<p>西安 灞桥区 纺织城<em class=""vline""></em>1年以内<em class=""vline""></em>高中</p>","<p>批发/零售<em class=""vline""></em>未融资<em class=""vline""></em>100-499人</p>"
165,产品经理,云控轨迹,14-15K,"<p>西安  <em class=""vline""></em>1-3年<em class=""vline""></em>硕士</p>","<p>移动互联网<em class=""vline""></em>20-99人</p>"
166,大数据开发工程师,华为,25-50K,"<p>西安  <em class=""vline""></em>3-5年<em class=""vline""></em>本科</p>","<p>计算机软件<em class=""vline""></em>不需要融资<em class=""vline""></em>10000人以上</p>"
167,文案,九彩神韵,2-3K,"<p>西安 莲湖区 北关<em class=""vline""></em>1年以内<em class=""vline""></em>大专</p>","<p>文化/体育/娱乐<em class=""vline""></em>未融资<em class=""vline""></em>20-99人</p>"
168,数据专员,瑞成华峰,3-6K,"<p>西安 雁塔区 旺座现代城<em class=""vline""></em>经验不限<em class=""vline""></em>学历不限</p>","<p>培训机构<em class=""vline""></em>未融资<em class=""vline""></em>20-99人</p>"
169,大数据开发工程师,华为,20-40K,"<p>西安  <em class=""vline""></em>3-5年<em class=""vline""></em>本科</p>","<p>计算机软件<em class=""vline""></em>不需要融资<em class=""vline""></em>10000人以上</p>"
170,产品经理,陕西云川,3-4K,"<p>西安 雁塔区 高新路<em class=""vline""></em>1年以内<em class=""vline""></em>大专</p>","<p>医疗健康<em class=""vline""></em>0-20人</p>"
171,商品分析管理,无华宜品,4-8K,"<p>西安 碑林区 小寨<em class=""vline""></em>1-3年<em class=""vline""></em>大专</p>","<p>生活服务<em class=""vline""></em>未融资<em class=""vline""></em>100-499人</p>"
172,咨询顾问助理,智睿思信咨询机构,3-5K,"<p>西安  <em class=""vline""></em>经验不限<em class=""vline""></em>本科</p>","<p>咨询<em class=""vline""></em>未融资<em class=""vline""></em>0-20人</p>"
173,公关专员,美易新家装饰,3-6K,"<p>西安 雁塔区 电视塔<em class=""vline""></em>1年以内<em class=""vline""></em>本科</p>","<p>工程施工<em class=""vline""></em>不需要融资<em class=""vline""></em>100-499人</p>"
174,风控,平安普惠,4-8K,"<p>西安 雁塔区 唐延路<em class=""vline""></em>经验不限<em class=""vline""></em>大专</p>","<p>O2O<em class=""vline""></em>未融资<em class=""vline""></em>10000人以上</p>"
175,数据专员,鑫安华邦,4-8K,"<p>西安 雁塔区 玫瑰大楼<em class=""vline""></em>经验不限<em class=""vline""></em>学历不限</p>","<p>电子商务<em class=""vline""></em>不需要融资<em class=""vline""></em>100-499人</p>"
176,会展活动执行,平安普惠金融,6-7K,"<p>西安 雁塔区 唐延路<em class=""vline""></em>经验不限<em class=""vline""></em>本科</p>","<p>互联网金融<em class=""vline""></em>已上市<em class=""vline""></em>10000人以上</p>"
177,咨询顾问,西安弘道管理,3-8K,"<p>西安 未央区 张家堡<em class=""vline""></em>经验不限<em class=""vline""></em>学历不限</p>","<p>互联网金融<em class=""vline""></em>未融资<em class=""vline""></em>100-499人</p>"
178,领班,忆香秦,3-4K,"<p>西安 雁塔区 电子城<em class=""vline""></em>1-3年<em class=""vline""></em>本科</p>","<p>餐饮<em class=""vline""></em>0-20人</p>"
179,SEO,双源文化,3-5K,"<p>西安 莲湖区 玉祥门<em class=""vline""></em>1-3年<em class=""vline""></em>大专</p>","<p>O2O<em class=""vline""></em>未融资<em class=""vline""></em>20-99人</p>"
180,java工程师,振森智能科技,4-7K,"<p>西安  <em class=""vline""></em>1-3年<em class=""vline""></em>本科</p>","<p>计算机软件<em class=""vline""></em>不需要融资<em class=""vline""></em>20-99人</p>"
181,产品经理,咥中咥餐饮,4-5K,"<p>西安 碑林区 东关南街<em class=""vline""></em>1年以内<em class=""vline""></em>学历不限</p>","<p>餐饮<em class=""vline""></em>不需要融资<em class=""vline""></em>100-499人</p>"
182,游戏策划,youidea,3-6K,"<p>西安 莲湖区 北关<em class=""vline""></em>经验不限<em class=""vline""></em>学历不限</p>","<p>互联网<em class=""vline""></em>不需要融资<em class=""vline""></em>100-499人</p>"
183,人力资源顾问,九汇信息科技,3-4K,"<p>西安 碑林区 交大<em class=""vline""></em>1年以内<em class=""vline""></em>高中</p>","<p>移动互联网<em class=""vline""></em>100-499人</p>"
184,电商美工 视觉经理,陕西浩瀚生物科技,3-5K,"<p>西安 灞桥区 十里铺<em class=""vline""></em>1-3年<em class=""vline""></em>中专/中技</p>","<p>医疗健康<em class=""vline""></em>100-499人</p>"
185,数据仓库,神州数码融信,10-18K,"<p>西安 雁塔区 电子城<em class=""vline""></em>3-5年<em class=""vline""></em>本科</p>","<p>计算机软件<em class=""vline""></em>已上市<em class=""vline""></em>1000-9999人</p>"
186,平台建设及维护,绿草科技,4-8K,"<p>西安 长安区 郭杜<em class=""vline""></em>3-5年<em class=""vline""></em>本科</p>","<p>互联网<em class=""vline""></em>未融资<em class=""vline""></em>20-99人</p>"
187,数据开发,东方网力,12-20K,"<p>西安 雁塔区 高新路<em class=""vline""></em>3-5年<em class=""vline""></em>学历不限</p>","<p>计算机软件<em class=""vline""></em>已上市<em class=""vline""></em>1000-9999人</p>"
188,技术经理,陕西秦诚,3-5K,"<p>西安 长安区 韦曲<em class=""vline""></em>经验不限<em class=""vline""></em>本科</p>","<p>环保<em class=""vline""></em>0-20人</p>"
189,业务员,纳师达客特惠购车,3-6K,"<p>西安 长安区 郭杜<em class=""vline""></em>1年以内<em class=""vline""></em>学历不限</p>","<p>批发/零售<em class=""vline""></em>未融资<em class=""vline""></em>20-99人</p>"
190,微信专员,万和联商业运营,3-4K,"<p>西安 雁塔区 唐延路<em class=""vline""></em>1年以内<em class=""vline""></em>高中</p>","<p>电子商务<em class=""vline""></em>0-20人</p>"
191,IT技术支持,测吧科技,2-4K,"<p>西安 莲湖区 沣惠南路<em class=""vline""></em>经验不限<em class=""vline""></em>大专</p>","<p>计算机软件<em class=""vline""></em>未融资<em class=""vline""></em>0-20人</p>"
192,交易员,企强企业文化传播,4-6K,"<p>西安 碑林区 长安路<em class=""vline""></em>经验不限<em class=""vline""></em>学历不限</p>","<p>互联网金融<em class=""vline""></em>不需要融资<em class=""vline""></em>0-20人</p>"
193,医学总监,梦之童,8-9K,"<p>西安 新城区 解放路<em class=""vline""></em>1年以内<em class=""vline""></em>大专</p>","<p>咨询<em class=""vline""></em>未融资<em class=""vline""></em>100-499人</p>"
194,算法研究员,耳垂网络科技,15-18K,"<p>西安 雁塔区 小寨<em class=""vline""></em>1-3年<em class=""vline""></em>本科</p>","<p>移动互联网<em class=""vline""></em>天使轮<em class=""vline""></em>20-99人</p>"
195,风控,平安普惠,5-10K,"<p>西安 雁塔区 唐延路<em class=""vline""></em>1年以内<em class=""vline""></em>大专</p>","<p>O2O<em class=""vline""></em>未融资<em class=""vline""></em>10000人以上</p>"
196,IT技术支持,森弗集团,3-6K,"<p>西安  <em class=""vline""></em>经验不限<em class=""vline""></em>本科</p>","<p>互联网<em class=""vline""></em>不需要融资<em class=""vline""></em>500-999人</p>"
197,策划经理,达创,5-8K,"<p>西安 未央区 未央路<em class=""vline""></em>1年以内<em class=""vline""></em>学历不限</p>","<p>广告营销<em class=""vline""></em>0-20人</p>"
