,岗位名称,公司名称,薪资,岗位信息,公司信息
0,数据分析,完美世界,20-40K,"<p>北京 朝阳区 大屯<em class=""vline""></em>3-5年<em class=""vline""></em>本科</p>","<p>游戏<em class=""vline""></em>已上市<em class=""vline""></em>1000-9999人</p>"
1,数据分析主管,美菜网,6-8K,"<p>北京 朝阳区 安贞<em class=""vline""></em>经验不限<em class=""vline""></em>本科</p>","<p>移动互联网<em class=""vline""></em>D轮及以上<em class=""vline""></em>10000人以上</p>"
2,数据分析师,百度,17-18K,"<p>北京 海淀区 马连洼<em class=""vline""></em>1年以内<em class=""vline""></em>硕士</p>","<p>互联网<em class=""vline""></em>已上市<em class=""vline""></em>10000人以上</p>"
3,数据分析师,汉克时代,10-15K,"<p>北京 海淀区 清河<em class=""vline""></em>3-5年<em class=""vline""></em>本科</p>","<p>互联网<em class=""vline""></em>未融资<em class=""vline""></em>1000-9999人</p>"
4,数据分析师,美菜网,15-20K,"<p>北京 朝阳区 安贞<em class=""vline""></em>3-5年<em class=""vline""></em>本科</p>","<p>移动互联网<em class=""vline""></em>D轮及以上<em class=""vline""></em>10000人以上</p>"
5,数据分析师,首汽约车,20-21K,"<p>北京 朝阳区 亮马桥<em class=""vline""></em>3-5年<em class=""vline""></em>本科</p>","<p>移动互联网<em class=""vline""></em>B轮<em class=""vline""></em>10000人以上</p>"
6,数据分析主管,北京恒昌利通,12-18K·14薪,"<p>北京  <em class=""vline""></em>3-5年<em class=""vline""></em>本科</p>","<p>互联网金融<em class=""vline""></em>未融资<em class=""vline""></em>10000人以上</p>"
7,数据分析专员,鸿晟兴业,5-7K,"<p>北京 通州区 北苑<em class=""vline""></em>1-3年<em class=""vline""></em>本科</p>","<p>互联网金融<em class=""vline""></em>未融资<em class=""vline""></em>1000-9999人</p>"
8,数据分析师,VIPKID,20-35K·14薪,"<p>北京 朝阳区 东大桥<em class=""vline""></em>5-10年<em class=""vline""></em>本科</p>","<p>移动互联网<em class=""vline""></em>D轮及以上<em class=""vline""></em>10000人以上</p>"
9,数据分析主管(J10417),碧生源,10-15K,"<p>北京  <em class=""vline""></em>3-5年<em class=""vline""></em>本科</p>","<p>医疗健康<em class=""vline""></em>已上市<em class=""vline""></em>1000-9999人</p>"
10,数据分析师,Boss直聘,20-30K,"<p>北京 朝阳区 太阳宫<em class=""vline""></em>3-5年<em class=""vline""></em>本科</p>","<p>人力资源服务<em class=""vline""></em>D轮及以上<em class=""vline""></em>1000-9999人</p>"
11,数据分析师,Boss直聘,7-9K,"<p>北京 朝阳区 太阳宫<em class=""vline""></em>应届生<em class=""vline""></em>本科</p>","<p>人力资源服务<em class=""vline""></em>D轮及以上<em class=""vline""></em>1000-9999人</p>"
12,数据分析师,北京理工新源,20-40K,"<p>北京 海淀区 魏公村<em class=""vline""></em>5-10年<em class=""vline""></em>本科</p>","<p>互联网<em class=""vline""></em>不需要融资<em class=""vline""></em>100-499人</p>"
13,高级数据分析经理,微博,40-60K,"<p>北京 海淀区 马连洼<em class=""vline""></em>10年以上<em class=""vline""></em>本科</p>","<p>互联网<em class=""vline""></em>已上市<em class=""vline""></em>1000-9999人</p>"
14,数据分析,京东世纪贸易有限公司,15-20K·14薪,"<p>北京 大兴区 次渠<em class=""vline""></em>3-5年<em class=""vline""></em>本科</p>","<p>互联网<em class=""vline""></em>已上市<em class=""vline""></em>10000人以上</p>"
15,高级数据分析师,今日头条,20-35K,"<p>北京 海淀区 中关村<em class=""vline""></em>3-5年<em class=""vline""></em>本科</p>","<p>移动互联网<em class=""vline""></em>D轮及以上<em class=""vline""></em>10000人以上</p>"
16,数据分析,丝路彩虹,10-15K,"<p>北京 丰台区 看丹桥<em class=""vline""></em>3-5年<em class=""vline""></em>大专</p>","<p>交通/运输<em class=""vline""></em>天使轮<em class=""vline""></em>500-999人</p>"
17,咨询顾问-数据分析方向,百丽新零售,25-35K,"<p>北京 东城区 和平里<em class=""vline""></em>3-5年<em class=""vline""></em>本科</p>","<p>电子商务<em class=""vline""></em>未融资<em class=""vline""></em>10000人以上</p>"
18,数据分析师,小药药,10-15K,"<p>北京 朝阳区 望京<em class=""vline""></em>3-5年<em class=""vline""></em>大专</p>","<p>医疗健康<em class=""vline""></em>C轮<em class=""vline""></em>1000-9999人</p>"
19,数据分析,中盛普惠,10-15K,"<p>北京 通州区 八里桥<em class=""vline""></em>1-3年<em class=""vline""></em>本科</p>","<p>互联网金融<em class=""vline""></em>A轮<em class=""vline""></em>500-999人</p>"
20,数据分析师,小鹏汽车,15-25K,"<p>北京 海淀区 北京大学<em class=""vline""></em>3-5年<em class=""vline""></em>本科</p>","<p>汽车生产<em class=""vline""></em>B轮<em class=""vline""></em>1000-9999人</p>"
21,数据分析师,绫致时装,8-10K,"<p>北京 朝阳区 东大桥<em class=""vline""></em>1-3年<em class=""vline""></em>本科</p>","<p>其他行业<em class=""vline""></em>不需要融资<em class=""vline""></em>10000人以上</p>"
22,数据分析经理,互连众信,30-40K,"<p>北京 朝阳区 团结湖<em class=""vline""></em>5-10年<em class=""vline""></em>本科</p>","<p>互联网金融<em class=""vline""></em>C轮<em class=""vline""></em>1000-9999人</p>"
23,数据分析师,Boss直聘,25-45K,"<p>北京 朝阳区 太阳宫<em class=""vline""></em>3-5年<em class=""vline""></em>本科</p>","<p>人力资源服务<em class=""vline""></em>D轮及以上<em class=""vline""></em>1000-9999人</p>"
24,高级数据分析经理,尚德机构,25-45K,"<p>北京 朝阳区 望京<em class=""vline""></em>3-5年<em class=""vline""></em>本科</p>","<p>互联网<em class=""vline""></em>已上市<em class=""vline""></em>10000人以上</p>"
25,数据分析师,光大银行信息科技部,18-25K,"<p>北京 石景山区 鲁谷<em class=""vline""></em>5-10年<em class=""vline""></em>本科</p>","<p>银行<em class=""vline""></em>已上市<em class=""vline""></em>10000人以上</p>"
26,数据分析师,百度,15-30K,"<p>北京 海淀区 马连洼<em class=""vline""></em>3-5年<em class=""vline""></em>本科</p>","<p>互联网<em class=""vline""></em>已上市<em class=""vline""></em>10000人以上</p>"
27,数据分析师,团车网,11-20K,"<p>北京  <em class=""vline""></em>3-5年<em class=""vline""></em>本科</p>","<p>O2O<em class=""vline""></em>已上市<em class=""vline""></em>500-999人</p>"
28,高级数据分析师,云充吧,20-30K,"<p>北京 朝阳区 双桥<em class=""vline""></em>3-5年<em class=""vline""></em>本科</p>","<p>智能硬件<em class=""vline""></em>未融资<em class=""vline""></em>1000-9999人</p>"
29,高级数据分析专家,奇虎360,25-40K,"<p>北京 朝阳区 酒仙桥<em class=""vline""></em>5-10年<em class=""vline""></em>本科</p>","<p>互联网<em class=""vline""></em>已上市<em class=""vline""></em>1000-9999人</p>"
30,高级数据分析师,爱奇艺,25-45K·14薪,"<p>北京 海淀区 中关村<em class=""vline""></em>3-5年<em class=""vline""></em>本科</p>","<p>互联网<em class=""vline""></em>已上市<em class=""vline""></em>1000-9999人</p>"
31,数据分析,捷越联合,6-8K,"<p>北京 东城区 北京站<em class=""vline""></em>1-3年<em class=""vline""></em>本科</p>","<p>互联网<em class=""vline""></em>不需要融资<em class=""vline""></em>1000-9999人</p>"
32,数据分析经理,宜信公司,20-25K,"<p>北京 朝阳区 国贸<em class=""vline""></em>3-5年<em class=""vline""></em>本科</p>","<p>互联网金融<em class=""vline""></em>已上市<em class=""vline""></em>10000人以上</p>"
33,数据分析,长盛天成,14-22K,"<p>北京 丰台区 科技园区<em class=""vline""></em>5-10年<em class=""vline""></em>本科</p>","<p>计算机软件<em class=""vline""></em>不需要融资<em class=""vline""></em>100-499人</p>"
34,数据分析师,国美在线,15-20K,"<p>北京 朝阳区 三元桥<em class=""vline""></em>10年以上<em class=""vline""></em>本科</p>","<p>电子商务<em class=""vline""></em>已上市<em class=""vline""></em>10000人以上</p>"
35,数据分析师,ADVANCE,15-30K·13薪,"<p>北京 朝阳区 望京<em class=""vline""></em>3-5年<em class=""vline""></em>本科</p>","<p>互联网<em class=""vline""></em>C轮<em class=""vline""></em>500-999人</p>"
36,高级数据分析总监,新浪网,50-80K·14薪,"<p>北京 海淀区 马连洼<em class=""vline""></em>10年以上<em class=""vline""></em>本科</p>","<p>互联网<em class=""vline""></em>已上市<em class=""vline""></em>1000-9999人</p>"
37,数据分析师,闲徕互娱,15-30K,"<p>北京 朝阳区 北苑<em class=""vline""></em>1-3年<em class=""vline""></em>本科</p>","<p>互联网<em class=""vline""></em>不需要融资<em class=""vline""></em>1000-9999人</p>"
38,数据分析专家,北京尚德机构,25-50K,"<p>北京 朝阳区 望京<em class=""vline""></em>5-10年<em class=""vline""></em>本科</p>","<p>在线教育<em class=""vline""></em>已上市<em class=""vline""></em>10000人以上</p>"
39,数据分析师,快手,20-40K,"<p>北京 海淀区 五道口<em class=""vline""></em>经验不限<em class=""vline""></em>本科</p>","<p>社交网络<em class=""vline""></em>D轮及以上<em class=""vline""></em>1000-9999人</p>"
40,数据分析师,正邦创意,20-30K,"<p>北京 东城区 王府井<em class=""vline""></em>3-5年<em class=""vline""></em>本科</p>","<p>互联网<em class=""vline""></em>不需要融资<em class=""vline""></em>500-999人</p>"
41,数据分析师,Boss直聘,12-18K,"<p>北京 朝阳区 太阳宫<em class=""vline""></em>1-3年<em class=""vline""></em>本科</p>","<p>人力资源服务<em class=""vline""></em>D轮及以上<em class=""vline""></em>1000-9999人</p>"
42,数据分析专家,滴滴,15-30K,"<p>北京 海淀区 上地<em class=""vline""></em>3-5年<em class=""vline""></em>本科</p>","<p>移动互联网<em class=""vline""></em>D轮及以上<em class=""vline""></em>1000-9999人</p>"
43,数据分析,Boss直聘,18-25K·16薪,"<p>北京 朝阳区 太阳宫<em class=""vline""></em>1-3年<em class=""vline""></em>本科</p>","<p>人力资源服务<em class=""vline""></em>D轮及以上<em class=""vline""></em>1000-9999人</p>"
44,商业数据分析师,Boss直聘,25-45K·14薪,"<p>北京 朝阳区 太阳宫<em class=""vline""></em>3-5年<em class=""vline""></em>本科</p>","<p>人力资源服务<em class=""vline""></em>D轮及以上<em class=""vline""></em>1000-9999人</p>"
45,数据分析专家,苏宁,15-30K,"<p>北京 朝阳区 望京<em class=""vline""></em>5-10年<em class=""vline""></em>本科</p>","<p>计算机软件<em class=""vline""></em>已上市<em class=""vline""></em>10000人以上</p>"
46,数据分析师,Boss直聘,30-60K·16薪,"<p>北京 朝阳区 太阳宫<em class=""vline""></em>3-5年<em class=""vline""></em>本科</p>","<p>人力资源服务<em class=""vline""></em>D轮及以上<em class=""vline""></em>1000-9999人</p>"
47,数据分析专家,京东数字科技,35-65K,"<p>北京 大兴区 次渠<em class=""vline""></em>5-10年<em class=""vline""></em>本科</p>","<p>互联网<em class=""vline""></em>B轮<em class=""vline""></em>1000-9999人</p>"
48,数据分析专家,滴滴,15-30K,"<p>北京 海淀区 西二旗<em class=""vline""></em>5-10年<em class=""vline""></em>本科</p>","<p>移动互联网<em class=""vline""></em>D轮及以上<em class=""vline""></em>1000-9999人</p>"
49,高级数据分析师,Boss直聘,30-60K·16薪,"<p>北京 朝阳区 太阳宫<em class=""vline""></em>1-3年<em class=""vline""></em>硕士</p>","<p>人力资源服务<em class=""vline""></em>D轮及以上<em class=""vline""></em>1000-9999人</p>"
50,数据挖掘与数据分析,百度,150-200/天,"<p>北京 海淀区 马连洼<em class=""vline""></em>4天/周<em class=""vline""></em>5个月<em class=""vline""></em>本科</p>","<p>互联网<em class=""vline""></em>已上市<em class=""vline""></em>10000人以上</p>"
51,数据分析,睿帆科技,12-24K,"<p>北京 朝阳区 望京<em class=""vline""></em>3-5年<em class=""vline""></em>大专</p>","<p>数据服务<em class=""vline""></em>A轮<em class=""vline""></em>20-99人</p>"
52,资深数据分析师,北京恒昌利通,25-40K,"<p>北京 海淀区 上地<em class=""vline""></em>3-5年<em class=""vline""></em>本科</p>","<p>互联网金融<em class=""vline""></em>未融资<em class=""vline""></em>10000人以上</p>"
53,游戏数据分析师,今日头条,15-30K,"<p>北京 海淀区 中关村<em class=""vline""></em>经验不限<em class=""vline""></em>学历不限</p>","<p>移动互联网<em class=""vline""></em>D轮及以上<em class=""vline""></em>10000人以上</p>"
54,数据分析专员,光宇游戏,7-12K,"<p>北京 海淀区 西二旗<em class=""vline""></em>1-3年<em class=""vline""></em>大专</p>","<p>游戏<em class=""vline""></em>不需要融资<em class=""vline""></em>1000-9999人</p>"
55,数据分析师,京东数字科技,15-30K,"<p>北京 大兴区 次渠<em class=""vline""></em>3-5年<em class=""vline""></em>本科</p>","<p>互联网<em class=""vline""></em>B轮<em class=""vline""></em>1000-9999人</p>"
56,数据分析,新东网科技,6-9K,"<p>北京 海淀区 四季青<em class=""vline""></em>1-3年<em class=""vline""></em>大专</p>","<p>移动互联网<em class=""vline""></em>已上市<em class=""vline""></em>500-999人</p>"
57,数据分析师02,Boss直聘,20-40K,"<p>北京  <em class=""vline""></em>3-5年<em class=""vline""></em>本科</p>","<p>人力资源服务<em class=""vline""></em>D轮及以上<em class=""vline""></em>1000-9999人</p>"
58,数据分析岗,中国质量协会,9-13K·14薪,"<p>北京 海淀区 花园桥<em class=""vline""></em>应届生<em class=""vline""></em>硕士</p>","<p>非盈利机构<em class=""vline""></em>不需要融资<em class=""vline""></em>100-499人</p>"
59,数据分析师,蘑菇智行,15-25K,"<p>北京 东城区 和平里<em class=""vline""></em>3-5年<em class=""vline""></em>本科</p>","<p>互联网<em class=""vline""></em>A轮<em class=""vline""></em>500-999人</p>"
60,BI数据分析工程师,360金融,20-21K,"<p>北京 朝阳区 酒仙桥<em class=""vline""></em>3-5年<em class=""vline""></em>本科</p>","<p>互联网<em class=""vline""></em>已上市<em class=""vline""></em>500-999人</p>"
61,数据分析师,罗辑思维,30-50K,"<p>北京 朝阳区 大望路<em class=""vline""></em>3-5年<em class=""vline""></em>本科</p>","<p>互联网<em class=""vline""></em>B轮<em class=""vline""></em>100-499人</p>"
62,数据分析师,京东集团,25-50K,"<p>北京 大兴区 亦庄<em class=""vline""></em>5-10年<em class=""vline""></em>本科</p>","<p>电子商务<em class=""vline""></em>已上市<em class=""vline""></em>10000人以上</p>"
63,高级数据分析师,京东集团,30-40K,"<p>北京 大兴区 亦庄<em class=""vline""></em>5-10年<em class=""vline""></em>本科</p>","<p>电子商务<em class=""vline""></em>已上市<em class=""vline""></em>10000人以上</p>"
64,数据分析师,今日头条,25-35K,"<p>北京 东城区 灯市口<em class=""vline""></em>3-5年<em class=""vline""></em>本科</p>","<p>移动互联网<em class=""vline""></em>D轮及以上<em class=""vline""></em>10000人以上</p>"
65,数据分析师,作业盒子,15-25K,"<p>北京 朝阳区 望京<em class=""vline""></em>1-3年<em class=""vline""></em>本科</p>","<p>移动互联网<em class=""vline""></em>C轮<em class=""vline""></em>1000-9999人</p>"
66,风险数据分析师,京东数字科技,18-35K,"<p>北京 大兴区 次渠<em class=""vline""></em>3-5年<em class=""vline""></em>本科</p>","<p>互联网<em class=""vline""></em>B轮<em class=""vline""></em>1000-9999人</p>"
67,高级数据分析师,蛋壳公寓,20-35K,"<p>北京 东城区 朝阳门<em class=""vline""></em>5-10年<em class=""vline""></em>本科</p>","<p>互联网<em class=""vline""></em>C轮<em class=""vline""></em>1000-9999人</p>"
68,数据分析经理,瓜子网,18-35K,"<p>北京 朝阳区 酒仙桥<em class=""vline""></em>5-10年<em class=""vline""></em>本科</p>","<p>互联网<em class=""vline""></em>D轮及以上<em class=""vline""></em>10000人以上</p>"
69,商业数据分析师,Boss直聘,20-30K,"<p>北京 朝阳区 太阳宫<em class=""vline""></em>3-5年<em class=""vline""></em>本科</p>","<p>人力资源服务<em class=""vline""></em>D轮及以上<em class=""vline""></em>1000-9999人</p>"
70,数据分析师,新浪网,20-35K,"<p>北京 海淀区 马连洼<em class=""vline""></em>1-3年<em class=""vline""></em>本科</p>","<p>互联网<em class=""vline""></em>已上市<em class=""vline""></em>1000-9999人</p>"
71,平台数据分析师,爱奇艺,15-30K,"<p>北京 海淀区 中关村<em class=""vline""></em>3-5年<em class=""vline""></em>本科</p>","<p>互联网<em class=""vline""></em>已上市<em class=""vline""></em>1000-9999人</p>"
72,数据分析师,北京尚德机构,15-19K,"<p>北京 朝阳区 来广营<em class=""vline""></em>5-10年<em class=""vline""></em>本科</p>","<p>在线教育<em class=""vline""></em>已上市<em class=""vline""></em>10000人以上</p>"
73,数据分析师,奔讯,15-20K,"<p>北京 朝阳区 小营<em class=""vline""></em>5-10年<em class=""vline""></em>本科</p>","<p>计算机软件<em class=""vline""></em>不需要融资<em class=""vline""></em>100-499人</p>"
74,数据分析师,北京尚德机构,11-16K,"<p>北京 朝阳区 来广营<em class=""vline""></em>3-5年<em class=""vline""></em>本科</p>","<p>在线教育<em class=""vline""></em>已上市<em class=""vline""></em>10000人以上</p>"
75,数据分析师,途家网,30-50K·16薪,"<p>北京 朝阳区 酒仙桥<em class=""vline""></em>5-10年<em class=""vline""></em>硕士</p>","<p>互联网<em class=""vline""></em>D轮及以上<em class=""vline""></em>1000-9999人</p>"
76,数据分析师,Boss直聘,30-60K,"<p>北京 朝阳区 太阳宫<em class=""vline""></em>5-10年<em class=""vline""></em>本科</p>","<p>人力资源服务<em class=""vline""></em>D轮及以上<em class=""vline""></em>1000-9999人</p>"
77,数据分析主管,京东集团,7-14K,"<p>北京  <em class=""vline""></em>3-5年<em class=""vline""></em>本科</p>","<p>电子商务<em class=""vline""></em>已上市<em class=""vline""></em>10000人以上</p>"
78,数据分析师,瓜子二手车直卖网,15-30K,"<p>北京 朝阳区 酒仙桥<em class=""vline""></em>3-5年<em class=""vline""></em>本科</p>","<p>分类信息<em class=""vline""></em>D轮及以上<em class=""vline""></em>10000人以上</p>"
79,数据分析师,甲乙丙丁网,12-24K,"<p>北京 海淀区 清河<em class=""vline""></em>1-3年<em class=""vline""></em>本科</p>","<p>互联网<em class=""vline""></em>B轮<em class=""vline""></em>500-999人</p>"
80,数据分析师,考虫网,15-30K·13薪,"<p>北京 朝阳区 朝阳门<em class=""vline""></em>5-10年<em class=""vline""></em>本科</p>","<p>在线教育<em class=""vline""></em>D轮及以上<em class=""vline""></em>100-499人</p>"
81,游戏数据分析,云图微动,15-25K·14薪,"<p>北京 海淀区 清河<em class=""vline""></em>经验不限<em class=""vline""></em>本科</p>","<p>移动互联网<em class=""vline""></em>不需要融资<em class=""vline""></em>500-999人</p>"
82,数据分析师,国富如荷,20-40K,"<p>北京 海淀区 航天桥<em class=""vline""></em>3-5年<em class=""vline""></em>本科</p>","<p>在线教育<em class=""vline""></em>不需要融资<em class=""vline""></em>100-499人</p>"
83,数据分析-BI,滴滴,20-35K,"<p>北京 海淀区 马连洼<em class=""vline""></em>5-10年<em class=""vline""></em>本科</p>","<p>移动互联网<em class=""vline""></em>D轮及以上<em class=""vline""></em>1000-9999人</p>"
84,数据分析挖掘工程师,国美在线,30-60K,"<p>北京 朝阳区 亮马桥<em class=""vline""></em>经验不限<em class=""vline""></em>硕士</p>","<p>互联网<em class=""vline""></em>已上市<em class=""vline""></em>10000人以上</p>"
85,数据分析,新东网科技,5-8K,"<p>北京 海淀区 四季青<em class=""vline""></em>1-3年<em class=""vline""></em>大专</p>","<p>移动互联网<em class=""vline""></em>已上市<em class=""vline""></em>500-999人</p>"
86,数据分析师,下厨房,15-20K·14薪,"<p>北京 海淀区 清河<em class=""vline""></em>经验不限<em class=""vline""></em>本科</p>","<p>互联网<em class=""vline""></em>B轮<em class=""vline""></em>100-499人</p>"
87,数据分析师,龙湖集团,20-40K,"<p>北京 朝阳区 亚运村<em class=""vline""></em>5-10年<em class=""vline""></em>本科</p>","<p>工程施工<em class=""vline""></em>已上市<em class=""vline""></em>10000人以上</p>"
88,数据分析师,怡和科技,8-13K,"<p>北京 东城区 磁器口<em class=""vline""></em>1-3年<em class=""vline""></em>本科</p>","<p>计算机软件<em class=""vline""></em>不需要融资<em class=""vline""></em>1000-9999人</p>"
89,高级数据分析师,VIPKID,20-40K,"<p>北京 朝阳区 十里堡<em class=""vline""></em>5-10年<em class=""vline""></em>本科</p>","<p>移动互联网<em class=""vline""></em>D轮及以上<em class=""vline""></em>10000人以上</p>"
90,营销数据分析师,京东集团,13-18K·14薪,"<p>北京 大兴区 次渠<em class=""vline""></em>3-5年<em class=""vline""></em>本科</p>","<p>电子商务<em class=""vline""></em>已上市<em class=""vline""></em>10000人以上</p>"
91,数据分析师,朴新网校,16-24K,"<p>北京 海淀区 苏州街<em class=""vline""></em>经验不限<em class=""vline""></em>本科</p>","<p>在线教育<em class=""vline""></em>已上市<em class=""vline""></em>10000人以上</p>"
92,数据分析工程师,国路安,15-30K,"<p>北京 海淀区 四季青<em class=""vline""></em>3-5年<em class=""vline""></em>本科</p>","<p>信息安全<em class=""vline""></em>不需要融资<em class=""vline""></em>100-499人</p>"
93,数据分析师,滴滴,15-30K,"<p>北京 海淀区 马连洼<em class=""vline""></em>3-5年<em class=""vline""></em>本科</p>","<p>移动互联网<em class=""vline""></em>D轮及以上<em class=""vline""></em>1000-9999人</p>"
94,数据分析师,搜狐畅游,10-15K,"<p>北京 石景山区 八角<em class=""vline""></em>1-3年<em class=""vline""></em>本科</p>","<p>互联网<em class=""vline""></em>已上市<em class=""vline""></em>1000-9999人</p>"
95,数据分析,德音科技,6-11K,"<p>北京 朝阳区 呼家楼<em class=""vline""></em>经验不限<em class=""vline""></em>本科</p>","<p>互联网<em class=""vline""></em>不需要融资<em class=""vline""></em>20-99人</p>"
96,安全数据分析工程师,天融信,20-30K,"<p>北京 海淀区 西二旗<em class=""vline""></em>5-10年<em class=""vline""></em>大专</p>","<p>信息安全<em class=""vline""></em>已上市<em class=""vline""></em>1000-9999人</p>"
97,数据分析工程师,千方科技,8-12K,"<p>北京 海淀区 马连洼<em class=""vline""></em>1-3年<em class=""vline""></em>本科</p>","<p>计算机软件<em class=""vline""></em>已上市<em class=""vline""></em>1000-9999人</p>"
98,数据分析师,奥琦玮,12-18K,"<p>北京  <em class=""vline""></em>3-5年<em class=""vline""></em>本科</p>","<p>计算机软件<em class=""vline""></em>C轮<em class=""vline""></em>1000-9999人</p>"
99,高级数据分析咨询师,国双科技,20-30K,"<p>北京 海淀区 万柳<em class=""vline""></em>5-10年<em class=""vline""></em>本科</p>","<p>互联网<em class=""vline""></em>已上市<em class=""vline""></em>1000-9999人</p>"
100,高级数据分析讲师,慧科集团,12-24K,"<p>北京 海淀区 知春路<em class=""vline""></em>1-3年<em class=""vline""></em>本科</p>","<p>在线教育<em class=""vline""></em>D轮及以上<em class=""vline""></em>500-999人</p>"
101,数据分析师,58到家,20-40K,"<p>北京 朝阳区 北苑<em class=""vline""></em>3-5年<em class=""vline""></em>本科</p>","<p>互联网<em class=""vline""></em>B轮<em class=""vline""></em>1000-9999人</p>"
102,数据分析师,水滴筹,15-30K,"<p>北京 朝阳区 来广营<em class=""vline""></em>3-5年<em class=""vline""></em>本科</p>","<p>移动互联网<em class=""vline""></em>C轮<em class=""vline""></em>1000-9999人</p>"
103,数据分析师,中盛普惠,10-15K,"<p>北京 通州区 北苑<em class=""vline""></em>1-3年<em class=""vline""></em>本科</p>","<p>互联网金融<em class=""vline""></em>A轮<em class=""vline""></em>500-999人</p>"
104,高德-数据分析产品专家,高德地图,20-40K,"<p>北京 昌平区 昌平<em class=""vline""></em>5-10年<em class=""vline""></em>本科</p>","<p>互联网<em class=""vline""></em>已上市<em class=""vline""></em>1000-9999人</p>"
105,道路数据分析高级工程师,跨越速运,15-30K,"<p>北京 朝阳区 酒仙桥<em class=""vline""></em>1-3年<em class=""vline""></em>大专</p>","<p>物流/仓储<em class=""vline""></em>A轮<em class=""vline""></em>10000人以上</p>"
106,数据分析师,VfineMusic,11-20K,"<p>北京 朝阳区 酒仙桥<em class=""vline""></em>3-5年<em class=""vline""></em>本科</p>","<p>文化/体育/娱乐<em class=""vline""></em>A轮<em class=""vline""></em>100-499人</p>"
107,数据分析师,睿智合创,15-30K,"<p>北京 东城区 东四<em class=""vline""></em>1-3年<em class=""vline""></em>硕士</p>","<p>互联网金融<em class=""vline""></em>A轮<em class=""vline""></em>100-499人</p>"
108,资深数据分析师,阿里巴巴高德,30-50K,"<p>北京 朝阳区 大望路<em class=""vline""></em>3-5年<em class=""vline""></em>本科</p>","<p>互联网<em class=""vline""></em>已上市<em class=""vline""></em>1000-9999人</p>"
109,数据分析师,Boss直聘,10-15K,"<p>北京 朝阳区 太阳宫<em class=""vline""></em>1-3年<em class=""vline""></em>本科</p>","<p>人力资源服务<em class=""vline""></em>D轮及以上<em class=""vline""></em>1000-9999人</p>"
110,数据分析师,Boss直聘,10-15K,"<p>北京 朝阳区 太阳宫<em class=""vline""></em>3-5年<em class=""vline""></em>本科</p>","<p>人力资源服务<em class=""vline""></em>D轮及以上<em class=""vline""></em>1000-9999人</p>"
111,数据分析师(J10380),伴鱼,20-40K,"<p>北京  <em class=""vline""></em>3-5年<em class=""vline""></em>本科</p>","<p>移动互联网<em class=""vline""></em>C轮<em class=""vline""></em>1000-9999人</p>"
112,数据分析,广推科技,6-8K,"<p>北京 朝阳区 劲松<em class=""vline""></em>经验不限<em class=""vline""></em>本科</p>","<p>广告营销<em class=""vline""></em>不需要融资<em class=""vline""></em>0-20人</p>"
113,数据分析师,百度,15-30K,"<p>北京 海淀区 马连洼<em class=""vline""></em>1-3年<em class=""vline""></em>硕士</p>","<p>互联网<em class=""vline""></em>已上市<em class=""vline""></em>10000人以上</p>"
114,数据分析师,北京乐教乐学,30-45K,"<p>北京 海淀区 魏公村<em class=""vline""></em>5-10年<em class=""vline""></em>本科</p>","<p>在线教育<em class=""vline""></em>B轮<em class=""vline""></em>100-499人</p>"
115,数据分析专家 ,滴滴,20-30K,"<p>北京 海淀区 西北旺<em class=""vline""></em>5-10年<em class=""vline""></em>本科</p>","<p>移动互联网<em class=""vline""></em>D轮及以上<em class=""vline""></em>1000-9999人</p>"
116,高级数据分析师,京东数字科技,20-40K·14薪,"<p>北京 朝阳区 建国门<em class=""vline""></em>3-5年<em class=""vline""></em>本科</p>","<p>互联网<em class=""vline""></em>B轮<em class=""vline""></em>1000-9999人</p>"
117,数据分析主管,阿芙精油,12-15K,"<p>北京 朝阳区 酒仙桥<em class=""vline""></em>3-5年<em class=""vline""></em>本科</p>","<p>电子商务<em class=""vline""></em>C轮<em class=""vline""></em>500-999人</p>"
118,数据分析经理,星美传媒集团,12-24K,"<p>北京 朝阳区 朝外<em class=""vline""></em>经验不限<em class=""vline""></em>大专</p>","<p>音乐/视频/阅读<em class=""vline""></em>不需要融资<em class=""vline""></em>10000人以上</p>"
119,游戏数据分析,COOLFISH,8-15K,"<p>北京 朝阳区 高碑店<em class=""vline""></em>经验不限<em class=""vline""></em>本科</p>","<p>游戏<em class=""vline""></em>不需要融资<em class=""vline""></em>20-99人</p>"
120,数据分析师,有利网,14-18K,"<p>北京 海淀区 中关村<em class=""vline""></em>3-5年<em class=""vline""></em>本科</p>","<p>互联网金融<em class=""vline""></em>不需要融资<em class=""vline""></em>10000人以上</p>"
121,数据分析师,京东集团,20-30K,"<p>北京 通州区 <em class=""vline""></em>5-10年<em class=""vline""></em>本科</p>","<p>电子商务<em class=""vline""></em>已上市<em class=""vline""></em>10000人以上</p>"
122,数据分析师,互连众信,12-20K,"<p>北京 朝阳区 团结湖<em class=""vline""></em>3-5年<em class=""vline""></em>本科</p>","<p>互联网金融<em class=""vline""></em>C轮<em class=""vline""></em>1000-9999人</p>"
123,数据分析（实习）,明树数据,2-3K,"<p>北京 朝阳区 望京<em class=""vline""></em>经验不限<em class=""vline""></em>本科</p>","<p>数据服务<em class=""vline""></em>未融资<em class=""vline""></em>20-99人</p>"
124,数据分析师,V8实拍,20-25K,"<p>北京 朝阳区 望京<em class=""vline""></em>1-3年<em class=""vline""></em>本科</p>","<p>社交网络<em class=""vline""></em>B轮<em class=""vline""></em>100-499人</p>"
125,数据分析师,歌德盈香股份,15-25K,"<p>北京  <em class=""vline""></em>3-5年<em class=""vline""></em>大专</p>","<p>互联网<em class=""vline""></em>D轮及以上<em class=""vline""></em>500-999人</p>"
126,数据分析,大地宏图,25-50K,"<p>北京 朝阳区 北苑<em class=""vline""></em>5-10年<em class=""vline""></em>本科</p>","<p>互联网<em class=""vline""></em>不需要融资<em class=""vline""></em>100-499人</p>"
127,数据分析讲师,慧科集团,12-24K,"<p>北京 海淀区 知春路<em class=""vline""></em>1-3年<em class=""vline""></em>本科</p>","<p>在线教育<em class=""vline""></em>D轮及以上<em class=""vline""></em>500-999人</p>"
128,数据分析-DS快捷拼车,滴滴,25-30K,"<p>北京 海淀区 上地<em class=""vline""></em>3-5年<em class=""vline""></em>本科</p>","<p>移动互联网<em class=""vline""></em>D轮及以上<em class=""vline""></em>1000-9999人</p>"
129,资深数据分析师,小鹏汽车,20-40K,"<p>北京 海淀区 中关村<em class=""vline""></em>3-5年<em class=""vline""></em>本科</p>","<p>汽车生产<em class=""vline""></em>B轮<em class=""vline""></em>1000-9999人</p>"
130,数据分析师,国数源(北京)供应链,7-9K·13薪,"<p>北京 朝阳区 亚运村<em class=""vline""></em>经验不限<em class=""vline""></em>硕士</p>","<p>电子商务<em class=""vline""></em>不需要融资<em class=""vline""></em>20-99人</p>"
131,数据分析师,爱亲母婴,15-20K,"<p>北京 大兴区 黄村<em class=""vline""></em>经验不限<em class=""vline""></em>学历不限</p>","<p>广告营销<em class=""vline""></em>未融资<em class=""vline""></em>0-20人</p>"
132,数据分析师,新东方,10-15K,"<p>北京 海淀区 中关村<em class=""vline""></em>1-3年<em class=""vline""></em>本科</p>","<p>在线教育<em class=""vline""></em>已上市<em class=""vline""></em>10000人以上</p>"
133,高级数据分析师,灵动科技,15-25K,"<p>北京 海淀区 中关村<em class=""vline""></em>经验不限<em class=""vline""></em>学历不限</p>","<p>其他行业<em class=""vline""></em>B轮<em class=""vline""></em>100-499人</p>"
134,数据分析师,乐纯,12-20K,"<p>北京 朝阳区 东大桥<em class=""vline""></em>3-5年<em class=""vline""></em>本科</p>","<p>互联网<em class=""vline""></em>D轮及以上<em class=""vline""></em>100-499人</p>"
135,数据分析师,易才TMO,5-8K,"<p>北京 朝阳区 大望路<em class=""vline""></em>经验不限<em class=""vline""></em>大专</p>","<p>企业服务<em class=""vline""></em>B轮<em class=""vline""></em>100-499人</p>"
136,高级数据分析师,微博,25-45K,"<p>北京 海淀区 马连洼<em class=""vline""></em>5-10年<em class=""vline""></em>本科</p>","<p>互联网<em class=""vline""></em>已上市<em class=""vline""></em>1000-9999人</p>"
137,BI数据分析师,旭阳信息,16-19K,"<p>北京 丰台区 科技园区<em class=""vline""></em>3-5年<em class=""vline""></em>本科</p>","<p>互联网<em class=""vline""></em>未融资<em class=""vline""></em>100-499人</p>"
138,数据分析师（资源分析）,爱卡汽车,15-20K,"<p>北京 东城区 雍和宫<em class=""vline""></em>3-5年<em class=""vline""></em>本科</p>","<p>移动互联网<em class=""vline""></em>未融资<em class=""vline""></em>1000-9999人</p>"
139,数据分析师,天泽智云科技有限公司,20-30K,"<p>北京 海淀区 知春路<em class=""vline""></em>1-3年<em class=""vline""></em>硕士</p>","<p>数据服务<em class=""vline""></em>B轮<em class=""vline""></em>100-499人</p>"
140,高级数据分析师(J11722),便利蜂,25-50K,"<p>北京 朝阳区 太阳宫<em class=""vline""></em>5-10年<em class=""vline""></em>本科</p>","<p>互联网<em class=""vline""></em>C轮<em class=""vline""></em>10000人以上</p>"
141,数据分析师,风影科技股份有限...,20-40K,"<p>北京 海淀区 清河<em class=""vline""></em>1-3年<em class=""vline""></em>大专</p>","<p>数据服务<em class=""vline""></em>不需要融资<em class=""vline""></em>20-99人</p>"
142,数据分析,伊顿国际幼儿园,6-10K,"<p>北京 朝阳区 酒仙桥<em class=""vline""></em>1-3年<em class=""vline""></em>大专</p>","<p>在线教育<em class=""vline""></em>A轮<em class=""vline""></em>1000-9999人</p>"
143,高级数据分析师 (MJ000277),AKULAKU,25-40K,"<p>北京 朝阳区 酒仙桥<em class=""vline""></em>经验不限<em class=""vline""></em>学历不限</p>","<p>互联网金融<em class=""vline""></em>D轮及以上<em class=""vline""></em>1000-9999人</p>"
144,R语言数据分析师,北京嘉和美康,12-24K,"<p>北京 东城区 雍和宫<em class=""vline""></em>经验不限<em class=""vline""></em>硕士</p>","<p>互联网<em class=""vline""></em>C轮<em class=""vline""></em>500-999人</p>"
145,数据分析师,京东集团,14-28K·13薪,"<p>北京 大兴区 次渠<em class=""vline""></em>3-5年<em class=""vline""></em>本科</p>","<p>电子商务<em class=""vline""></em>已上市<em class=""vline""></em>10000人以上</p>"
146,数据分析,尼尔森网联,4-6K,"<p>北京 朝阳区 大望路<em class=""vline""></em>1-3年<em class=""vline""></em>本科</p>","<p>数据服务<em class=""vline""></em>不需要融资<em class=""vline""></em>100-499人</p>"
147,数据分析师,Boss直聘,20-30K,"<p>北京 朝阳区 太阳宫<em class=""vline""></em>1-3年<em class=""vline""></em>本科</p>","<p>人力资源服务<em class=""vline""></em>D轮及以上<em class=""vline""></em>1000-9999人</p>"
148,数据分析师,Boss直聘,15-28K,"<p>北京 朝阳区 太阳宫<em class=""vline""></em>1-3年<em class=""vline""></em>本科</p>","<p>人力资源服务<em class=""vline""></em>D轮及以上<em class=""vline""></em>1000-9999人</p>"
149,数据分析专家,奇虎360,25-40K,"<p>北京 朝阳区 酒仙桥<em class=""vline""></em>3-5年<em class=""vline""></em>本科</p>","<p>互联网<em class=""vline""></em>已上市<em class=""vline""></em>1000-9999人</p>"
150,高级/资深数据分析师,同程艺龙,25-50K,"<p>北京 朝阳区 酒仙桥<em class=""vline""></em>3-5年<em class=""vline""></em>本科</p>","<p>互联网<em class=""vline""></em>已上市<em class=""vline""></em>1000-9999人</p>"
151,数据分析师,京东世纪贸易有限公司,10-20K,"<p>北京 大兴区 次渠<em class=""vline""></em>3-5年<em class=""vline""></em>本科</p>","<p>互联网<em class=""vline""></em>已上市<em class=""vline""></em>10000人以上</p>"
152,数据分析,腾龙盛世,4-7K,"<p>北京 大兴区 亦庄<em class=""vline""></em>1-3年<em class=""vline""></em>大专</p>","<p>电子商务<em class=""vline""></em>未融资<em class=""vline""></em>100-499人</p>"
153,数据分析师,奇虎360,25-50K,"<p>北京 朝阳区 酒仙桥<em class=""vline""></em>5-10年<em class=""vline""></em>本科</p>","<p>互联网<em class=""vline""></em>已上市<em class=""vline""></em>1000-9999人</p>"
154,数据分析,网联,15-30K,"<p>北京 西城区 南礼士路<em class=""vline""></em>3-5年<em class=""vline""></em>本科</p>","<p>互联网金融<em class=""vline""></em>不需要融资<em class=""vline""></em>100-499人</p>"
155,高级数据分析师,Boss直聘,35-55K,"<p>北京 朝阳区 太阳宫<em class=""vline""></em>3-5年<em class=""vline""></em>本科</p>","<p>人力资源服务<em class=""vline""></em>D轮及以上<em class=""vline""></em>1000-9999人</p>"
156,数据分析,数能科技,6-9K,"<p>北京 朝阳区 建外<em class=""vline""></em>经验不限<em class=""vline""></em>本科</p>","<p>互联网<em class=""vline""></em>未融资<em class=""vline""></em>20-99人</p>"
157,商品数据分析管理,爱慕股份有限公司,8-10K,"<p>北京 朝阳区 望京<em class=""vline""></em>1-3年<em class=""vline""></em>本科</p>","<p>生活服务<em class=""vline""></em>不需要融资<em class=""vline""></em>10000人以上</p>"
158,数据分析师,协合新能源,20-40K,"<p>北京 海淀区 甘家口<em class=""vline""></em>3-5年<em class=""vline""></em>硕士</p>","<p>数据服务<em class=""vline""></em>不需要融资<em class=""vline""></em>1000-9999人</p>"
159,高级数据分析师,北京云充吧,20-27K,"<p>北京  <em class=""vline""></em>3-5年<em class=""vline""></em>本科</p>","<p>移动互联网<em class=""vline""></em>不需要融资<em class=""vline""></em>1000-9999人</p>"
160,数据分析专家,北京尚德机构,30-60K,"<p>北京 朝阳区 望京<em class=""vline""></em>5-10年<em class=""vline""></em>本科</p>","<p>在线教育<em class=""vline""></em>已上市<em class=""vline""></em>10000人以上</p>"
161,数据分析高经/专家,美菜网,30-50K,"<p>北京 朝阳区 安贞<em class=""vline""></em>经验不限<em class=""vline""></em>学历不限</p>","<p>移动互联网<em class=""vline""></em>D轮及以上<em class=""vline""></em>10000人以上</p>"
162,高级数据分析师,有书,25-40K,"<p>北京 朝阳区 望京<em class=""vline""></em>3-5年<em class=""vline""></em>本科</p>","<p>互联网<em class=""vline""></em>A轮<em class=""vline""></em>100-499人</p>"
163,数据分析师,艾力森中研咨询公司,6-10K,"<p>北京 东城区 崇文门<em class=""vline""></em>1-3年<em class=""vline""></em>本科</p>","<p>咨询<em class=""vline""></em>不需要融资<em class=""vline""></em>20-99人</p>"
164,数据分析师,马蜂窝,35-65K,"<p>北京 朝阳区 酒仙桥<em class=""vline""></em>5-10年<em class=""vline""></em>本科</p>","<p>互联网<em class=""vline""></em>D轮及以上<em class=""vline""></em>1000-9999人</p>"
165,数据分析师,北京字节跳动,20-35K,"<p>北京 海淀区 中关村<em class=""vline""></em>3-5年<em class=""vline""></em>本科</p>","<p>移动互联网<em class=""vline""></em>D轮及以上<em class=""vline""></em>10000人以上</p>"
166,数据分析师,中信百信银行,18-35K,"<p>北京 朝阳区 小营<em class=""vline""></em>3-5年<em class=""vline""></em>本科</p>","<p>银行<em class=""vline""></em>不需要融资<em class=""vline""></em>500-999人</p>"
167,数据分析师,上海冰鉴,25-50K,"<p>北京 海淀区 五道口<em class=""vline""></em>3-5年<em class=""vline""></em>本科</p>","<p>互联网<em class=""vline""></em>B轮<em class=""vline""></em>100-499人</p>"
168,资深数据分析师,奇虎360,25-40K,"<p>北京 朝阳区 酒仙桥<em class=""vline""></em>5-10年<em class=""vline""></em>本科</p>","<p>互联网<em class=""vline""></em>已上市<em class=""vline""></em>1000-9999人</p>"
169,数据分析师,阿里巴巴高德,6-10K,"<p>北京 昌平区 城南<em class=""vline""></em>1年以内<em class=""vline""></em>本科</p>","<p>互联网<em class=""vline""></em>已上市<em class=""vline""></em>1000-9999人</p>"
170,数据分析师,建元资本,15-25K,"<p>北京 东城区 东直门<em class=""vline""></em>3-5年<em class=""vline""></em>硕士</p>","<p>互联网金融<em class=""vline""></em>A轮<em class=""vline""></em>100-499人</p>"
171,数据分析师,先锋支付,15-20K,"<p>北京 朝阳区 三元桥<em class=""vline""></em>3-5年<em class=""vline""></em>本科</p>","<p>互联网<em class=""vline""></em>已上市<em class=""vline""></em>100-499人</p>"
172,销售数据分析(J11476),VIPKID,15-25K,"<p>北京 朝阳区 朝阳大悦城<em class=""vline""></em>3-5年<em class=""vline""></em>本科</p>","<p>移动互联网<em class=""vline""></em>D轮及以上<em class=""vline""></em>10000人以上</p>"
173,数据分析,世界华语影业,8-12K,"<p>北京 海淀区 紫竹桥<em class=""vline""></em>3-5年<em class=""vline""></em>本科</p>","<p>互联网<em class=""vline""></em>B轮<em class=""vline""></em>100-499人</p>"
174,BOSS直聘-数据分析师,Boss直聘,25-35K,"<p>北京 朝阳区 太阳宫<em class=""vline""></em>3-5年<em class=""vline""></em>本科</p>","<p>人力资源服务<em class=""vline""></em>D轮及以上<em class=""vline""></em>1000-9999人</p>"
175,数据分析经理,金山办公软件,15-25K,"<p>北京 海淀区 清河<em class=""vline""></em>3-5年<em class=""vline""></em>本科</p>","<p>移动互联网<em class=""vline""></em>不需要融资<em class=""vline""></em>1000-9999人</p>"
176,数据分析,滴滴,20-30K,"<p>北京 海淀区 西北旺<em class=""vline""></em>5-10年<em class=""vline""></em>本科</p>","<p>移动互联网<em class=""vline""></em>D轮及以上<em class=""vline""></em>1000-9999人</p>"
177,SPSS数据分析师,元方智库,6-10K·14薪,"<p>北京 朝阳区 国贸<em class=""vline""></em>3-5年<em class=""vline""></em>本科</p>","<p>咨询<em class=""vline""></em>不需要融资<em class=""vline""></em>100-499人</p>"
178,数据分析师,甲子光年,10-11K,"<p>北京 朝阳区 国贸<em class=""vline""></em>1-3年<em class=""vline""></em>本科</p>","<p>媒体<em class=""vline""></em>A轮<em class=""vline""></em>20-99人</p>"
179,数据分析助理,北京艾力森中研,5-6K,"<p>北京 东城区 崇文门<em class=""vline""></em>1年以内<em class=""vline""></em>本科</p>","<p>咨询<em class=""vline""></em>不需要融资<em class=""vline""></em>20-99人</p>"
180,数据分析师,Boss直聘,8-13K,"<p>北京 朝阳区 太阳宫<em class=""vline""></em>5-10年<em class=""vline""></em>本科</p>","<p>人力资源服务<em class=""vline""></em>D轮及以上<em class=""vline""></em>1000-9999人</p>"
181,游戏运营（数据分析）,玩蟹科技,12-20K,"<p>北京 海淀区 清河<em class=""vline""></em>3-5年<em class=""vline""></em>大专</p>","<p>游戏<em class=""vline""></em>已上市<em class=""vline""></em>500-999人</p>"
182,数据分析师,小米,20-30K,"<p>北京 海淀区 上地<em class=""vline""></em>3-5年<em class=""vline""></em>本科</p>","<p>互联网<em class=""vline""></em>已上市<em class=""vline""></em>10000人以上</p>"
183,数据分析主管,古星电子商务,9-14K·13薪,"<p>北京 丰台区 科技园区<em class=""vline""></em>1-3年<em class=""vline""></em>本科</p>","<p>电子商务<em class=""vline""></em>不需要融资<em class=""vline""></em>500-999人</p>"
184,数据分析师,东方优特,8-12K,"<p>北京 海淀区 中关村<em class=""vline""></em>经验不限<em class=""vline""></em>本科</p>","<p>在线教育<em class=""vline""></em>100-499人</p>"
185,数据分析师,Boss直聘,15-30K,"<p>北京 朝阳区 太阳宫<em class=""vline""></em>3-5年<em class=""vline""></em>本科</p>","<p>人力资源服务<em class=""vline""></em>D轮及以上<em class=""vline""></em>1000-9999人</p>"
186,数据分析师,信云领创,12-24K,"<p>北京 海淀区 学院路<em class=""vline""></em>3-5年<em class=""vline""></em>硕士</p>","<p>数据服务<em class=""vline""></em>不需要融资<em class=""vline""></em>0-20人</p>"
187,数据分析师（数据策略方向）,瓜子二手车直卖网,25-50K·15薪,"<p>北京 海淀区 西二旗<em class=""vline""></em>3-5年<em class=""vline""></em>本科</p>","<p>分类信息<em class=""vline""></em>D轮及以上<em class=""vline""></em>10000人以上</p>"
188,数据分析师,胜三管理咨询,6-8K,"<p>北京 朝阳区 朝外<em class=""vline""></em>1年以内<em class=""vline""></em>本科</p>","<p>咨询<em class=""vline""></em>未融资<em class=""vline""></em>20-99人</p>"
189,数据分析师,58到家,20-40K,"<p>北京 朝阳区 北苑<em class=""vline""></em>5-10年<em class=""vline""></em>本科</p>","<p>互联网<em class=""vline""></em>B轮<em class=""vline""></em>1000-9999人</p>"
190,数据分析实习生,逸驾智能,150-200/天,"<p>北京 朝阳区 酒仙桥<em class=""vline""></em>4天/周<em class=""vline""></em>5个月<em class=""vline""></em>本科</p>","<p>汽车生产<em class=""vline""></em>不需要融资<em class=""vline""></em>100-499人</p>"
191,数据分析师,友谱网络科技,11-17K,"<p>北京 朝阳区 小营<em class=""vline""></em>经验不限<em class=""vline""></em>硕士</p>","<p>数据服务<em class=""vline""></em>不需要融资<em class=""vline""></em>20-99人</p>"
192,数据分析总监,微博,35-65K,"<p>北京 海淀区 马连洼<em class=""vline""></em>5-10年<em class=""vline""></em>本科</p>","<p>互联网<em class=""vline""></em>已上市<em class=""vline""></em>1000-9999人</p>"
193,数据分析师,青萌数海科技,25-35K,"<p>北京 东城区 雍和宫<em class=""vline""></em>5-10年<em class=""vline""></em>本科</p>","<p>数据服务<em class=""vline""></em>天使轮<em class=""vline""></em>0-20人</p>"
194,数据分析研究员,领途教育,8-13K,"<p>北京 海淀区 西北旺<em class=""vline""></em>经验不限<em class=""vline""></em>本科</p>","<p>在线教育<em class=""vline""></em>A轮<em class=""vline""></em>20-99人</p>"
195,数据分析师,北京太亚科技,10-18K,"<p>北京 朝阳区 左家庄<em class=""vline""></em>3-5年<em class=""vline""></em>本科</p>","<p>计算机软件<em class=""vline""></em>不需要融资<em class=""vline""></em>20-99人</p>"
196,数据分析师,北京军懋国兴科技,15-25K,"<p>北京 丰台区 科技园区<em class=""vline""></em>经验不限<em class=""vline""></em>硕士</p>","<p>智能硬件<em class=""vline""></em>不需要融资<em class=""vline""></em>100-499人</p>"
197,数据分析师（用研）,北京字节跳动,15-30K,"<p>北京 海淀区 知春路<em class=""vline""></em>1-3年<em class=""vline""></em>本科</p>","<p>移动互联网<em class=""vline""></em>D轮及以上<em class=""vline""></em>10000人以上</p>"
198,数据分析总监,北京尚德机构,30-60K,"<p>北京 朝阳区 来广营<em class=""vline""></em>5-10年<em class=""vline""></em>本科</p>","<p>在线教育<em class=""vline""></em>已上市<em class=""vline""></em>10000人以上</p>"
199,数据分析师,中盛普惠,15-28K,"<p>北京 通州区 北苑<em class=""vline""></em>3-5年<em class=""vline""></em>本科</p>","<p>互联网金融<em class=""vline""></em>A轮<em class=""vline""></em>500-999人</p>"
200,数据分析专员,华为,8-10K,"<p>北京 海淀区 西二旗<em class=""vline""></em>1-3年<em class=""vline""></em>本科</p>","<p>计算机软件<em class=""vline""></em>不需要融资<em class=""vline""></em>10000人以上</p>"
201,数据分析讲师,AAA教育,20-40K,"<p>北京 海淀区 颐和园<em class=""vline""></em>5-10年<em class=""vline""></em>本科</p>","<p>在线教育<em class=""vline""></em>不需要融资<em class=""vline""></em>100-499人</p>"
202,数据分析师,学霸君,20-30K·13薪,"<p>北京 朝阳区 望京<em class=""vline""></em>3-5年<em class=""vline""></em>本科</p>","<p>互联网<em class=""vline""></em>D轮及以上<em class=""vline""></em>1000-9999人</p>"
203,数据分析师,中盈达科技,6-10K,"<p>北京 朝阳区 东大桥<em class=""vline""></em>1-3年<em class=""vline""></em>硕士</p>","<p>在线教育<em class=""vline""></em>不需要融资<em class=""vline""></em>20-99人</p>"
204,数据分析-用户方向,京东集团,15-21K·14薪,"<p>北京 大兴区 次渠<em class=""vline""></em>3-5年<em class=""vline""></em>本科</p>","<p>电子商务<em class=""vline""></em>已上市<em class=""vline""></em>10000人以上</p>"
205,数据分析师,马上消费金融,15-30K,"<p>北京 朝阳区 望京<em class=""vline""></em>3-5年<em class=""vline""></em>本科</p>","<p>互联网金融<em class=""vline""></em>不需要融资<em class=""vline""></em>1000-9999人</p>"
206,高级数据分析师,搜狐畅游,15-30K,"<p>北京 石景山区 古城<em class=""vline""></em>3-5年<em class=""vline""></em>本科</p>","<p>游戏<em class=""vline""></em>已上市<em class=""vline""></em>1000-9999人</p>"
207,高阶数据分析师,学霸君,35-55K,"<p>北京 朝阳区 望京<em class=""vline""></em>5-10年<em class=""vline""></em>本科</p>","<p>互联网<em class=""vline""></em>D轮及以上<em class=""vline""></em>1000-9999人</p>"
208,数据分析师,北京时空幻境,11-18K,"<p>北京 朝阳区 三元桥<em class=""vline""></em>经验不限<em class=""vline""></em>本科</p>","<p>游戏<em class=""vline""></em>不需要融资<em class=""vline""></em>100-499人</p>"
209,数据分析,火星文化,8-16K,"<p>北京 朝阳区 高碑店<em class=""vline""></em>3-5年<em class=""vline""></em>本科</p>","<p>广告营销<em class=""vline""></em>B轮<em class=""vline""></em>100-499人</p>"
210,数据分析研究员,清研智库,6-8K,"<p>北京 海淀区 牡丹园<em class=""vline""></em>1-3年<em class=""vline""></em>硕士</p>","<p>咨询<em class=""vline""></em>不需要融资<em class=""vline""></em>100-499人</p>"
211,python 数据分析工程师,金色财经,15-30K,"<p>北京 海淀区 上地<em class=""vline""></em>3-5年<em class=""vline""></em>本科</p>","<p>互联网金融<em class=""vline""></em>不需要融资<em class=""vline""></em>100-499人</p>"
212,高级数据分析师,易鑫集团,25-35K,"<p>北京 海淀区 动物园<em class=""vline""></em>3-5年<em class=""vline""></em>本科</p>","<p>汽车生产<em class=""vline""></em>已上市<em class=""vline""></em>1000-9999人</p>"
213,高级数据分析师,信用生活,20-40K,"<p>北京 丰台区 科技园区<em class=""vline""></em>3-5年<em class=""vline""></em>本科</p>","<p>互联网金融<em class=""vline""></em>A轮<em class=""vline""></em>20-99人</p>"
214,数据分析专家/负责人,京东数字科技,30-60K,"<p>北京 大兴区 次渠<em class=""vline""></em>5-10年<em class=""vline""></em>本科</p>","<p>互联网<em class=""vline""></em>B轮<em class=""vline""></em>1000-9999人</p>"
215,数据分析系统架构师,国美在线,35-45K,"<p>北京 朝阳区 三元桥<em class=""vline""></em>5-10年<em class=""vline""></em>本科</p>","<p>互联网<em class=""vline""></em>已上市<em class=""vline""></em>10000人以上</p>"
216,数据分析师,诺和德美,8-13K,"<p>北京 丰台区 科技园区<em class=""vline""></em>经验不限<em class=""vline""></em>大专</p>","<p>医疗健康<em class=""vline""></em>未融资<em class=""vline""></em>20-99人</p>"
217,数据分析,滴滴出行,18-35K·14薪,"<p>北京  <em class=""vline""></em>3-5年<em class=""vline""></em>本科</p>","<p>移动互联网<em class=""vline""></em>D轮及以上<em class=""vline""></em>1000-9999人</p>"
218,数据分析专家,好未来,25-50K·14薪,"<p>北京 海淀区 中关村<em class=""vline""></em>5-10年<em class=""vline""></em>本科</p>","<p>互联网<em class=""vline""></em>已上市<em class=""vline""></em>10000人以上</p>"
219,数据分析师,爱卡汽车,15-20K·13薪,"<p>北京 东城区 雍和宫<em class=""vline""></em>3-5年<em class=""vline""></em>本科</p>","<p>移动互联网<em class=""vline""></em>未融资<em class=""vline""></em>1000-9999人</p>"
220,运营中心-数据分析师,北京尚德机构,10-20K,"<p>北京 朝阳区 来广营<em class=""vline""></em>3-5年<em class=""vline""></em>本科</p>","<p>在线教育<em class=""vline""></em>已上市<em class=""vline""></em>10000人以上</p>"
221,数据分析师,中信百信银行,23-45K,"<p>北京 朝阳区 亚运村<em class=""vline""></em>3-5年<em class=""vline""></em>本科</p>","<p>银行<em class=""vline""></em>不需要融资<em class=""vline""></em>500-999人</p>"
222,高级数据分析,VIPKID,20-40K,"<p>北京 朝阳区 十里堡<em class=""vline""></em>3-5年<em class=""vline""></em>本科</p>","<p>移动互联网<em class=""vline""></em>D轮及以上<em class=""vline""></em>10000人以上</p>"
223,投放数据分析经理,好未来,20-40K·14薪,"<p>北京 海淀区 中关村<em class=""vline""></em>5-10年<em class=""vline""></em>本科</p>","<p>互联网<em class=""vline""></em>已上市<em class=""vline""></em>10000人以上</p>"
224,数据分析师,发现旅行,25-40K,"<p>北京 朝阳区 呼家楼<em class=""vline""></em>5-10年<em class=""vline""></em>本科</p>","<p>互联网<em class=""vline""></em>B轮<em class=""vline""></em>100-499人</p>"
225,高级数据分析师,微鲤科技,15-25K,"<p>北京 朝阳区 望京<em class=""vline""></em>5-10年<em class=""vline""></em>本科</p>","<p>互联网<em class=""vline""></em>B轮<em class=""vline""></em>100-499人</p>"
226,资深数据分析师,Boss直聘,25-40K,"<p>北京 朝阳区 太阳宫<em class=""vline""></em>3-5年<em class=""vline""></em>本科</p>","<p>人力资源服务<em class=""vline""></em>D轮及以上<em class=""vline""></em>1000-9999人</p>"
227,数据分析师,云合数据,11-16K,"<p>北京 朝阳区 望京<em class=""vline""></em>3-5年<em class=""vline""></em>本科</p>","<p>移动互联网<em class=""vline""></em>A轮<em class=""vline""></em>20-99人</p>"
228,高级数据分析师（流量增长）,Boss直聘,35-55K·14薪,"<p>北京 朝阳区 太阳宫<em class=""vline""></em>5-10年<em class=""vline""></em>本科</p>","<p>人力资源服务<em class=""vline""></em>D轮及以上<em class=""vline""></em>1000-9999人</p>"
229,数据分析总监,GEO集奥聚合,40-60K,"<p>北京 朝阳区 双桥<em class=""vline""></em>5-10年<em class=""vline""></em>硕士</p>","<p>数据服务<em class=""vline""></em>C轮<em class=""vline""></em>100-499人</p>"
230,数据分析,宝誉德,20-40K,"<p>北京 朝阳区 望京<em class=""vline""></em>经验不限<em class=""vline""></em>本科</p>","<p>新能源<em class=""vline""></em>20-99人</p>"
231,BI数据分析与研发专家,甄一创展,35-60K,"<p>北京 朝阳区 望京<em class=""vline""></em>5-10年<em class=""vline""></em>本科</p>","<p>计算机软件<em class=""vline""></em>不需要融资<em class=""vline""></em>100-499人</p>"
232,高级数据分析师,快手,30-40K,"<p>北京 海淀区 上地<em class=""vline""></em>3-5年<em class=""vline""></em>本科</p>","<p>社交网络<em class=""vline""></em>D轮及以上<em class=""vline""></em>1000-9999人</p>"
233,数据分析师,云和互动,12-18K,"<p>北京 海淀区 牡丹园<em class=""vline""></em>1年以内<em class=""vline""></em>硕士</p>","<p>数据服务<em class=""vline""></em>A轮<em class=""vline""></em>20-99人</p>"
234,数据分析师,艾漫数据,9-12K,"<p>北京 朝阳区 酒仙桥<em class=""vline""></em>3-5年<em class=""vline""></em>本科</p>","<p>互联网<em class=""vline""></em>已上市<em class=""vline""></em>20-99人</p>"
235,数据科学家/数据分析师/Data Scientist,新浪网,50-80K·14薪,"<p>北京 海淀区 马连洼<em class=""vline""></em>5-10年<em class=""vline""></em>本科</p>","<p>互联网<em class=""vline""></em>已上市<em class=""vline""></em>1000-9999人</p>"
236,数据分析师助理,学霸君,8-16K,"<p>北京 朝阳区 望京<em class=""vline""></em>应届生<em class=""vline""></em>硕士</p>","<p>互联网<em class=""vline""></em>D轮及以上<em class=""vline""></em>1000-9999人</p>"
237,高级数据分析师,同道,15-30K·14薪,"<p>北京 朝阳区 来广营<em class=""vline""></em>3-5年<em class=""vline""></em>本科</p>","<p>互联网<em class=""vline""></em>B轮<em class=""vline""></em>20-99人</p>"
238,资深数据分析师,滴滴,25-45K,"<p>北京 海淀区 西北旺<em class=""vline""></em>3-5年<em class=""vline""></em>本科</p>","<p>移动互联网<em class=""vline""></em>D轮及以上<em class=""vline""></em>1000-9999人</p>"
239,高级数据分析师,戎易商智,7-12K,"<p>北京 朝阳区 建国门<em class=""vline""></em>3-5年<em class=""vline""></em>本科</p>","<p>计算机软件<em class=""vline""></em>未融资<em class=""vline""></em>20-99人</p>"
240,数据分析师,京东集团,20-40K,"<p>北京  <em class=""vline""></em>经验不限<em class=""vline""></em>本科</p>","<p>电子商务<em class=""vline""></em>已上市<em class=""vline""></em>10000人以上</p>"
241,数据分析师,有利网,10-15K,"<p>北京 朝阳区 亮马桥<em class=""vline""></em>1-3年<em class=""vline""></em>本科</p>","<p>互联网金融<em class=""vline""></em>不需要融资<em class=""vline""></em>10000人以上</p>"
242,数据分析经理,易梦缘科技,20-40K,"<p>北京 朝阳区 大望路<em class=""vline""></em>3-5年<em class=""vline""></em>本科</p>","<p>互联网<em class=""vline""></em>不需要融资<em class=""vline""></em>100-499人</p>"
243,临床数据分析,智护健康,6-9K,"<p>北京 海淀区 中关村<em class=""vline""></em>1-3年<em class=""vline""></em>本科</p>","<p>医疗健康<em class=""vline""></em>已上市<em class=""vline""></em>1000-9999人</p>"
244,游戏数据分析师,新湃传媒,14-28K,"<p>北京 朝阳区 望京<em class=""vline""></em>3-5年<em class=""vline""></em>本科</p>","<p>音乐/视频/阅读<em class=""vline""></em>A轮<em class=""vline""></em>100-499人</p>"
245,产品研发中心-数据分析师,尚德机构,15-30K,"<p>北京 朝阳区 望京<em class=""vline""></em>经验不限<em class=""vline""></em>本科</p>","<p>互联网<em class=""vline""></em>已上市<em class=""vline""></em>10000人以上</p>"
246,运营数据分析,阳光海天,12-20K,"<p>北京 朝阳区 来广营<em class=""vline""></em>5-10年<em class=""vline""></em>本科</p>","<p>工程施工<em class=""vline""></em>B轮<em class=""vline""></em>1000-9999人</p>"
247,高级数据分析师,Plum,25-30K,"<p>北京 朝阳区 来广营<em class=""vline""></em>5-10年<em class=""vline""></em>本科</p>","<p>移动互联网<em class=""vline""></em>B轮<em class=""vline""></em>100-499人</p>"
248,数据分析师,ZRobot,20-40K,"<p>北京 朝阳区 建外<em class=""vline""></em>1-3年<em class=""vline""></em>本科</p>","<p>数据服务<em class=""vline""></em>未融资<em class=""vline""></em>100-499人</p>"
249,数据分析师,洋帆,6-12K,"<p>北京 海淀区 上地<em class=""vline""></em>经验不限<em class=""vline""></em>本科</p>","<p>办公用品及设备<em class=""vline""></em>不需要融资<em class=""vline""></em>100-499人</p>"
250,数据分析师,点点未来,15-25K,"<p>北京 海淀区 上地<em class=""vline""></em>3-5年<em class=""vline""></em>本科</p>","<p>移动互联网<em class=""vline""></em>B轮<em class=""vline""></em>100-499人</p>"
251,数据分析师,奇虎360,20-35K,"<p>北京 朝阳区 酒仙桥<em class=""vline""></em>5-10年<em class=""vline""></em>本科</p>","<p>互联网<em class=""vline""></em>已上市<em class=""vline""></em>1000-9999人</p>"
252,数据分析师,快手,16-30K,"<p>北京 海淀区 五道口<em class=""vline""></em>3-5年<em class=""vline""></em>本科</p>","<p>社交网络<em class=""vline""></em>D轮及以上<em class=""vline""></em>1000-9999人</p>"
253,数据分析师,度小满金融,20-40K·14薪,"<p>北京 海淀区 西二旗<em class=""vline""></em>3-5年<em class=""vline""></em>本科</p>","<p>互联网金融<em class=""vline""></em>A轮<em class=""vline""></em>1000-9999人</p>"
254,数据分析师（BOSS直聘）,Boss直聘,20-40K,"<p>北京 朝阳区 太阳宫<em class=""vline""></em>3-5年<em class=""vline""></em>本科</p>","<p>人力资源服务<em class=""vline""></em>D轮及以上<em class=""vline""></em>1000-9999人</p>"
255,数据分析,COOLFISH,15-25K,"<p>北京 朝阳区 高碑店<em class=""vline""></em>3-5年<em class=""vline""></em>本科</p>","<p>游戏<em class=""vline""></em>不需要融资<em class=""vline""></em>20-99人</p>"
256,高级数据分析经理,嘀嗒出行,25-50K,"<p>北京 朝阳区 望京<em class=""vline""></em>5-10年<em class=""vline""></em>本科</p>","<p>移动互联网<em class=""vline""></em>D轮及以上<em class=""vline""></em>100-499人</p>"
257,数据分析师,安永,10-20K,"<p>北京 东城区 东单<em class=""vline""></em>3-5年<em class=""vline""></em>本科</p>","<p>咨询<em class=""vline""></em>不需要融资<em class=""vline""></em>10000人以上</p>"
258,高级数据分析,爱奇艺,30-45K,"<p>北京 海淀区 西二旗<em class=""vline""></em>5-10年<em class=""vline""></em>本科</p>","<p>音乐/视频/阅读<em class=""vline""></em>已上市<em class=""vline""></em>1000-9999人</p>"
259,数据分析师,三人教育,7-10K,"<p>北京 朝阳区 高碑店<em class=""vline""></em>1-3年<em class=""vline""></em>本科</p>","<p>在线教育<em class=""vline""></em>不需要融资<em class=""vline""></em>100-499人</p>"
260,英语数据分析,华炎信息,5-6K,"<p>北京 海淀区 上地<em class=""vline""></em>应届生<em class=""vline""></em>本科</p>","<p>电子商务<em class=""vline""></em>20-99人</p>"
261,增长策略数据分析师,拉克沙网络科技,13-20K,"<p>北京 东城区 朝阳门<em class=""vline""></em>1-3年<em class=""vline""></em>本科</p>","<p>社交网络<em class=""vline""></em>A轮<em class=""vline""></em>20-99人</p>"
262,风控数据分析师,VIPKID,30-50K,"<p>北京 东城区 安定门<em class=""vline""></em>经验不限<em class=""vline""></em>学历不限</p>","<p>移动互联网<em class=""vline""></em>D轮及以上<em class=""vline""></em>10000人以上</p>"
263,数据分析工程师,普强信息,5-10K·13薪,"<p>北京 海淀区 西北旺<em class=""vline""></em>1-3年<em class=""vline""></em>本科</p>","<p>计算机软件<em class=""vline""></em>C轮<em class=""vline""></em>100-499人</p>"
264,数据分析师,东方宇阳,9-14K,"<p>北京  <em class=""vline""></em>经验不限<em class=""vline""></em>硕士</p>","<p>计算机软件<em class=""vline""></em>未融资<em class=""vline""></em>20-99人</p>"
265,高级数据分析师-增长策略方向,今日头条,20-40K,"<p>北京 海淀区 中关村<em class=""vline""></em>3-5年<em class=""vline""></em>本科</p>","<p>移动互联网<em class=""vline""></em>D轮及以上<em class=""vline""></em>10000人以上</p>"
266,数据分析师-Data analyst,绫致时装,8-9K·13薪,"<p>北京 朝阳区 东大桥<em class=""vline""></em>1-3年<em class=""vline""></em>本科</p>","<p>其他行业<em class=""vline""></em>不需要融资<em class=""vline""></em>10000人以上</p>"
267,数据分析经理,禧云国际,15-30K,"<p>北京 海淀区 马连洼<em class=""vline""></em>5-10年<em class=""vline""></em>大专</p>","<p>互联网<em class=""vline""></em>A轮<em class=""vline""></em>500-999人</p>"
268,高级数据分析师,国美在线,25-50K·14薪,"<p>北京 朝阳区 三元桥<em class=""vline""></em>5-10年<em class=""vline""></em>硕士</p>","<p>互联网<em class=""vline""></em>已上市<em class=""vline""></em>10000人以上</p>"
269,数据分析师,Boss直聘,25-45K,"<p>北京 朝阳区 太阳宫<em class=""vline""></em>1年以内<em class=""vline""></em>本科</p>","<p>人力资源服务<em class=""vline""></em>D轮及以上<em class=""vline""></em>1000-9999人</p>"
270,数据分析师,华闻传媒研究院,7-10K,"<p>北京 西城区 新街口<em class=""vline""></em>1-3年<em class=""vline""></em>本科</p>","<p>媒体<em class=""vline""></em>已上市<em class=""vline""></em>20-99人</p>"
271,资深数据分析师,滴滴,20-40K,"<p>北京 海淀区 马连洼<em class=""vline""></em>3-5年<em class=""vline""></em>本科</p>","<p>移动互联网<em class=""vline""></em>D轮及以上<em class=""vline""></em>1000-9999人</p>"
272,数据分析员,久爱致和,5-7K,"<p>北京 海淀区 知春路<em class=""vline""></em>1-3年<em class=""vline""></em>本科</p>","<p>电子商务<em class=""vline""></em>已上市<em class=""vline""></em>100-499人</p>"
273,数据分析师,百观,15-25K,"<p>北京 东城区 东四<em class=""vline""></em>1-3年<em class=""vline""></em>本科</p>","<p>互联网金融<em class=""vline""></em>A轮<em class=""vline""></em>20-99人</p>"
274,数据分析师,携程金融,20-30K·16薪,"<p>北京 海淀区 中关村<em class=""vline""></em>1-3年<em class=""vline""></em>本科</p>","<p>互联网金融<em class=""vline""></em>A轮<em class=""vline""></em>500-999人</p>"
275,数据分析经理,新浪乐居,20-30K,"<p>北京 东城区 东四<em class=""vline""></em>5-10年<em class=""vline""></em>本科</p>","<p>互联网<em class=""vline""></em>已上市<em class=""vline""></em>1000-9999人</p>"
276,数据分析师(J10838),河狸家,30-50K,"<p>北京 朝阳区 三元桥<em class=""vline""></em>5-10年<em class=""vline""></em>本科</p>","<p>O2O<em class=""vline""></em>D轮及以上<em class=""vline""></em>500-999人</p>"
277,高级数据分析专家,便利蜂,25-40K,"<p>北京 朝阳区 酒仙桥<em class=""vline""></em>3-5年<em class=""vline""></em>本科</p>","<p>互联网<em class=""vline""></em>C轮<em class=""vline""></em>10000人以上</p>"
278,数据分析总监（金融保险方向）,北京华数康,35-45K,"<p>北京 海淀区 四季青<em class=""vline""></em>5-10年<em class=""vline""></em>硕士</p>","<p>医疗健康<em class=""vline""></em>B轮<em class=""vline""></em>100-499人</p>"
279,高级数据分析师,微博,15-22K,"<p>北京 海淀区 上地<em class=""vline""></em>3-5年<em class=""vline""></em>本科</p>","<p>互联网<em class=""vline""></em>已上市<em class=""vline""></em>1000-9999人</p>"
280,数据分析经理,北通四海,11-20K,"<p>北京 朝阳区 四惠<em class=""vline""></em>3-5年<em class=""vline""></em>大专</p>","<p>电子商务<em class=""vline""></em>不需要融资<em class=""vline""></em>100-499人</p>"
281,数据分析师,泓达九通,15-30K,"<p>北京 海淀区 上地<em class=""vline""></em>3-5年<em class=""vline""></em>硕士</p>","<p>数据服务<em class=""vline""></em>B轮<em class=""vline""></em>20-99人</p>"
282,司机服务顾问-司机数据分析,滴滴,10-15K,"<p>北京 丰台区 宋家庄<em class=""vline""></em>3-5年<em class=""vline""></em>本科</p>","<p>移动互联网<em class=""vline""></em>D轮及以上<em class=""vline""></em>1000-9999人</p>"
283,遥感数据分析工程师,北京天合睿创科技...,10-20K,"<p>北京 朝阳区 朝外<em class=""vline""></em>1-3年<em class=""vline""></em>本科</p>","<p>数据服务<em class=""vline""></em>未融资<em class=""vline""></em>0-20人</p>"
284,电商数据分析师,博贸壹正商贸,7-12K,"<p>北京 朝阳区 望京<em class=""vline""></em>经验不限<em class=""vline""></em>本科</p>","<p>电子商务<em class=""vline""></em>不需要融资<em class=""vline""></em>20-99人</p>"
285,数据分析师,易观智库,15-25K,"<p>北京 朝阳区 望京<em class=""vline""></em>3-5年<em class=""vline""></em>本科</p>","<p>互联网<em class=""vline""></em>B轮<em class=""vline""></em>100-499人</p>"
286,数据分析岗,京东集团,12-20K·14薪,"<p>北京 大兴区 次渠<em class=""vline""></em>3-5年<em class=""vline""></em>本科</p>","<p>电子商务<em class=""vline""></em>已上市<em class=""vline""></em>10000人以上</p>"
287,数据分析师（产品）,陌陌,20-40K,"<p>北京 朝阳区 东大桥<em class=""vline""></em>3-5年<em class=""vline""></em>本科</p>","<p>移动互联网<em class=""vline""></em>已上市<em class=""vline""></em>1000-9999人</p>"
288,数据分析师,金泰亚盛,8-13K,"<p>北京 石景山区 古城<em class=""vline""></em>1年以内<em class=""vline""></em>大专</p>","<p>计算机软件<em class=""vline""></em>D轮及以上<em class=""vline""></em>100-499人</p>"
289,高级数据分析师,水滴筹,20-40K,"<p>北京 朝阳区 望京<em class=""vline""></em>5-10年<em class=""vline""></em>本科</p>","<p>移动互联网<em class=""vline""></em>C轮<em class=""vline""></em>1000-9999人</p>"
290,数据分析师,祥运科技,20-30K,"<p>北京 朝阳区 大望路<em class=""vline""></em>3-5年<em class=""vline""></em>本科</p>","<p>移动互联网<em class=""vline""></em>A轮<em class=""vline""></em>20-99人</p>"
291,数据分析,借贷宝,10-15K,"<p>北京 朝阳区 奥运村<em class=""vline""></em>3-5年<em class=""vline""></em>本科</p>","<p>互联网<em class=""vline""></em>C轮<em class=""vline""></em>1000-9999人</p>"
292,数据分析,LBE TECH,3-4K,"<p>北京 朝阳区 高碑店<em class=""vline""></em>应届生<em class=""vline""></em>本科</p>","<p>移动互联网<em class=""vline""></em>C轮<em class=""vline""></em>100-499人</p>"
293,数据分析师,智来时代|管理咨询,7-10K,"<p>北京 海淀区 四季青<em class=""vline""></em>1-3年<em class=""vline""></em>大专</p>","<p>咨询<em class=""vline""></em>天使轮<em class=""vline""></em>0-20人</p>"
294,资深数据分析师,滴滴,30-45K·15薪,"<p>北京 海淀区 马连洼<em class=""vline""></em>5-10年<em class=""vline""></em>本科</p>","<p>移动互联网<em class=""vline""></em>D轮及以上<em class=""vline""></em>1000-9999人</p>"
295,数据分析师,北京理工新源,25-50K,"<p>北京 海淀区 魏公村<em class=""vline""></em>1年以内<em class=""vline""></em>硕士</p>","<p>互联网<em class=""vline""></em>不需要融资<em class=""vline""></em>100-499人</p>"
296,产品经理（数据分析）,华米科技,18-30K,"<p>北京 海淀区 上地<em class=""vline""></em>1-3年<em class=""vline""></em>本科</p>","<p>智能硬件<em class=""vline""></em>已上市<em class=""vline""></em>500-999人</p>"
297,数据分析师,致维科技,11-20K,"<p>北京 海淀区 苏州街<em class=""vline""></em>经验不限<em class=""vline""></em>本科</p>","<p>广告营销<em class=""vline""></em>B轮<em class=""vline""></em>100-499人</p>"
