,标题,城市,公司地点,薪资待遇,工位要求,公司名称,公司级别,岗位技能,公司短评
0,数据分析 (MJ000445),成都,[玉林],6k-12k,6k-12k 经验1-3年 / 不限,有利网,金融 / 不需要融资 / 2000人以上,风控,"“大平台,周末双休,五险一金,绩效激励”"
1,数据分析实习生（运营方向）,成都,[成华区],2k-3k,2k-3k 经验应届毕业生 / 本科,字节跳动,文娱丨内容 / C轮 / 2000人以上,产品,“弹性工作，租房补贴，扁平管理，职业大牛”
2,高级数据分析师,成都,[高新区],10k-20k,10k-20k 经验5-10年 / 本科,我行我数,"移动互联网,数据服务 / 不需要融资 / 15-50人",大数据 移动互联网 数据分析,“五险一金，年终奖，团建，双休”
3,大数据分析师,成都,[华阳],15k-25k,15k-25k 经验1-3年 / 本科,成都聚思力信息技术有限公司,"移动互联网,电商 / 上市公司 / 500-2000人",数据分析,"“五险一金,9天年假起,旅游补贴,医疗报销”"
4,数据分析师,成都,[高新区],12k-18k,12k-18k 经验5-10年 / 本科,极米科技,"电商,硬件 / D轮及以上 / 500-2000人",智能硬件 数据分析 数据运营 BI,"“五险一金,绩效奖金,弹性工作,行业第一”"
5,数据分析师,成都,[中和],10k-20k,10k-20k 经验不限 / 本科,西瓜创客,教育 / A轮 / 150-500人,大数据 数据分析,"“包两餐,健身房免费,苹果电脑,成长发展”"
6,数据分析师,成都,[高新区],15k-30k,15k-30k 经验5-10年 / 本科,新网银行,金融 / 不需要融资 / 150-500人,大数据 银行 数据挖掘 数据分析,"“互联网银行,互联网金融,大平台”"
7,数据分析师,成都,[郫县],6k-10k,6k-10k 经验1-3年 / 大专,Huatek,"电商,移动互联网 / 未融资 / 150-500人",移动互联网 电商,“带薪年假 五险一金 节日福利 公司旅游”
8,数据分析师,成都,[高新区],8k-16k,8k-16k 经验1-3年 / 本科,乐信圣文,"游戏,医疗丨健康 / B轮 / 150-500人",数据运营 数据分析,“大牛多 平台好 空间大 大咖云集”
9,数据分析,成都,[武侯区],12k-20k,12k-20k 经验不限 / 硕士,XGATE讯格得,"移动互联网,企业服务 / 不需要融资 / 50-150人",,“五险一金、国定假期、每周水果、休息室”
10,数据分析师,成都,[石羊],8k-10k,8k-10k 经验1-3年 / 本科,易我科技,"移动互联网,游戏 / 不需要融资 / 150-500人",数据分析 可视化 商业,“宽松氛围、丰厚薪酬”
11,数据分析工程师,成都,[高新区],5k-9k,5k-9k 经验3-5年 / 本科,优彼致愿,"移动互联网,教育 / B轮 / 150-500人",MySQL 数据分析,“5险1金 试用期全薪 周末双休”
12,游戏运营-数据分析方向,成都,[高新区],10k-20k,10k-20k 经验3-5年 / 本科,91Act,游戏 / 不需要融资 / 50-150人,游戏 移动互联网 数据分析 效果跟踪,“薪酬优厚/不鼓励加班/出国旅游/成长空间”
13,数据分析师,成都,[高新区],8k-10k,8k-10k 经验1-3年 / 本科,DataCastle,移动互联网 / 天使轮 / 15-50人,移动互联网 数据分析,"“下午茶,年终奖,团建，培训、津贴等”"
14,数据分析师-挖掘方向,成都,[高新区],8k-15k,8k-15k 经验1-3年 / 本科,映潮科技,数据服务 / 未融资 / 50-150人,电商 大数据 算法 数据挖掘 数据分析,"“五险一金,年终奖,带薪年假,大数据”"
15,数据分析师,成都,[玉林],6k-12k,6k-12k 经验1-3年 / 大专,有利网,金融 / 不需要融资 / 2000人以上,分析师,“大平台”
16,数据分析师,成都,[跳伞塔],14k-20k,14k-20k 经验5-10年 / 本科,万益能源,"企业服务,数据服务 / 不需要融资 / 50-150人",大数据 金融 数据分析,"“平台好,领导牛,福利好,环境好”"
17,数据分析师,成都,[九里堤],11k-18k,11k-18k 经验3-5年 / 本科,成都交投智慧停车科技有限公司,"移动互联网,人工智能 / 不需要融资 / 50-150人",数据库 数据分析,“五险一金，弹性工作时间，双休”
18,数据分析工程师,成都,[高新区],15k-25k,15k-25k 经验不限 / 本科,西瓜创客,教育 / A轮 / 150-500人,教育 移动互联网,“快速成长 优秀团队”
19,数据分析经理,成都,[武侯区],7k-10k,7k-10k 经验5-10年 / 本科,中非网,"电商,企业服务 / A轮 / 150-500人",电商 运营 数据分析,"“五险一金,交通补贴,餐饮补贴,专业培训”"
20,高级计量模型及数据分析经理G00083,成都,[高新区],20k-35k,20k-35k 经验5-10年 / 硕士,希望金科,"移动互联网,金融 / 不需要融资 / 150-500人",机器学习 数据挖掘 建模,“实力平台；福利亮眼；免费班车；扁平年轻化”
21,初级数据分析师（分析方向）,成都,[高新区],4k-7k,4k-7k 经验1年以下 / 不限,映潮科技,数据服务 / 未融资 / 50-150人,大数据 数据分析,"“大数据,带薪年假,年终奖,五险一金”"
22,数据分析专家/Leader/总监,成都,[石羊],20k-40k,20k-40k 经验5-10年 / 硕士,易我科技,"移动互联网,游戏 / 不需要融资 / 150-500人",数据运营 商业 数据分析,“宽松氛围、丰厚薪酬”
23,中高级数据分析师,成都,[高新区],10k-20k,10k-20k 经验3-5年 / 本科,联通大数据,数据服务 / 不需要融资 / 150-500人,大数据 金融 数据分析 数据库 数据运营,“六险一金 各种补贴 周末双休”
24,大数据分析师,成都,[高新区],14k-20k,14k-20k 经验3-5年 / 本科,积微物联,"移动互联网,消费生活 / 不需要融资 / 500-2000人",数据分析,“工作餐 五险一金 周末双休”
25,数据分析师,成都,[猛追湾],3k-5k,3k-5k 经验1年以下 / 大专,房助拍,其他 / 未融资 / 50-150人,SPSS,“社保 带薪年假”
26,数据分析（英语）,成都,[中和],6k-8k,6k-8k 经验1-3年 / 不限,VXI,移动互联网 / 不需要融资 / 500-2000人,SQL 数据库 数据分析,“团队氛围好 五险一金”
27,资深数据分析师,成都,[盐市口],7k-12k,7k-12k 经验3-5年 / 大专,御顺投资,"移动互联网,金融 / 不需要融资 / 500-2000人",数据分析,"“自有项目,前景好”"
28,数据分析专员,成都,[高新区],3k-5k,3k-5k 经验不限 / 大专,蚂蚁物流,其他 / 不需要融资 / 2000人以上,数据分析,“.”
29,数据分析师（业务）,成都,[高新区],5k-8k,5k-8k 经验不限 / 本科,知道创宇,信息安全 / C轮 / 500-2000人,大数据 信息安全 数据分析 数据运营,"“福利待遇好,上升空间大”"
30,数据分析专员,成都,[玉林],8k-12k,8k-12k 经验3-5年 / 本科,有利网,金融 / 不需要融资 / 2000人以上,大数据 商业 数据分析,"“大平台,周末双休,五险一金,年底双薪”"
31,数据分析助理,成都,[高新区],5k-10k,5k-10k 经验不限 / 不限,西瓜创客,教育 / A轮 / 150-500人,数据分析,“牛人众多，产品靠谱，扁平结构，成长快速”
32,数据分析,成都,[跳伞塔],6k-10k,6k-10k 经验3-5年 / 本科,京东物流,物流丨运输 / 上市公司 / 2000人以上,物流,“五险一金 年终奖金 大平台 技能提升”
33,数据分析岗（2019年校招）,成都,[桂溪],6k-8k,6k-8k 经验应届毕业生 / 本科,锦程消费金融公司,金融 / 未融资 / 150-500人,金融,“五险一金年终奖金带薪年假节日福利”
34,数据分析师,成都,[石羊],6k-10k,6k-10k 经验1-3年 / 本科,亿嘉联创,"企业服务,移动互联网 / 不需要融资 / 15-50人",移动互联网 企业服务,"“年终奖金,有薪年假,双休各种福,五险一金”"
35,数据分析师-Data Analyst,成都,[高新区],10k-15k,10k-15k 经验1-3年 / 本科,申帝科技,"数据服务,金融 / 未融资 / 15-50人",金融 SQL 数据分析,"“世界五百强企业,平台广阔,福利全,氛围好”"
36,数据分析专员,成都,[金沙],4k-6k,4k-6k 经验不限 / 不限,环球车享,其他 / 未融资 / 50-150人,市场竞争分析 消费者分析 市场分析 数字营销,"“七险一金,互联网国企,双休不加班”"
37,数据分析专员/数据分析实习生,成都,[高新区],3k-5k,3k-5k 经验不限 / 大专,蚂蚁物流,其他 / 不需要融资 / 2000人以上,数据分析,"“包吃,包住,社保,部门团建”"
38,数据分析工程师（成都）,成都,[高新区],12k-16k,12k-16k 经验5-10年 / 本科,高信达,不限 / 上市公司 / 500-2000人,Oracle MySQL Hadoop 数据架构,“五险一金 加班补助 交通补助 绩效奖金”
39,数据分析助理（实习）,成都,[高新区],2k-4k,2k-4k 经验不限 / 不限,棱镜七彩,信息安全 / 天使轮 / 15-50人,大数据 企业服务,"“机会多,发展快,创新团队”"
40,生物信息工程师/基因数据分析师 （流程维护/数据质,成都,[高新区],15k-30k,15k-30k 经验3-5年 / 硕士,23魔方,"医疗丨健康,数据服务 / B轮 / 50-150人",数据分析,"“六险一金,免费下午茶,期权激励,行业前景好”"
41,医疗数据分析师,成都,[武侯区],4k-8k,4k-8k 经验1-3年 / 本科,成都启迪,"移动互联网,医疗丨健康 / 不需要融资 / 15-50人",大数据 医疗健康 数据分析 数据库 SQL,"“国企,福利好,晋升空间大,不加班”"
42,大数据分析（驻场）,成都,[双流区],15k-30k,15k-30k 经验5-10年 / 本科,海康交通大数据,"移动互联网,数据服务 / 不需要融资 / 50-150人",数据分析 DBA SQL,"“五险一金,团聚,欢乐,学习”"
43,游戏运营策划(数据分析方向),成都,[高新区],8k-15k,8k-15k 经验不限 / 本科,tap4fun,游戏 / 不需要融资 / 500-2000人,游戏运营 数据分析,"“弹性工作,发展空间大,五险一金,技能培训”"
44,游戏运营专员（数据分析方向）,成都,[高新区],6k-12k,6k-12k 经验1-3年 / 本科,GALASPORTS,"游戏,移动互联网 / 不需要融资 / 150-500人",游戏运营 数据分析,"“周末双休,扁平管理,年终奖,交通补贴”"
45,物流数据分析岗（成都）,成都,[新都区],5k-10k,5k-10k 经验1-3年 / 本科,京东物流,物流丨运输 / 上市公司 / 2000人以上,电商 物流 MySQL Oracle 数据分析 数据处理,“500强、发展空间大、公司规模大”
