,标题,城市,公司地点,薪资待遇,工位要求,公司名称,公司级别,岗位技能,公司短评
0,数据分析师,重庆,[龙溪],15k-30k,15k-30k 经验3-5年 / 大专,迅游科技,"移动互联网,游戏 / 不需要融资 / 150-500人",游戏 数据挖掘 数据分析,"“五险一金,交通补贴,年底双薪,餐费补贴”"
1,数据分析师,重庆,[鸳鸯],6k-12k,6k-12k 经验1-3年 / 本科,赛迪信息,移动互联网 / 不需要融资 / 500-2000人,大数据 移动互联网 数据分析,“世界500强央企 大平台”
2,数据分析师-重庆,重庆,[江北区],6k-10k,6k-10k 经验3-5年 / 本科,字节跳动,文娱丨内容 / C轮 / 2000人以上,分析师,“六险一金，弹性工作，餐补，租房补贴”
3,数据分析工程师,重庆,[大竹林],8k-12k,8k-12k 经验1-3年 / 不限,钰峰科技,"信息安全,数据服务 / 未融资 / 150-500人",数据分析,“领导好、技能培训、福利好、发展前景大”
4,金融数据分析师,重庆,[江北区],12k-24k,12k-24k 经验3-5年 / 本科,永辉金融,金融 / 未融资 / 50-150人,互联网金融 大数据 数据分析,“全额五险一金；带薪年假；行业资源丰富”
5,数据分析师,重庆,[江北区],5k-8k,5k-8k 经验不限 / 不限,撼地大数据,"企业服务,数据服务 / 不需要融资 / 少于15人",数据分析,“优厚的待遇 发展前景”
6,投资数据分析师,重庆,[大竹林],4k-6k,4k-6k 经验不限 / 本科,重庆道微投资,金融 / 不需要融资 / 15-50人,基金 数据分析,"“弹性工作,扁平化管理”"
7,环保数据分析工程师,重庆,[渝北区],4k-8k,4k-8k 经验1-3年 / 大专,重庆广睿达科技有限公司,"企业服务,数据服务 / 未融资 / 50-150人",数据分析,"“发展空间好,福利完善”"
