,标题,城市,公司地点,薪资待遇,工位要求,公司名称,公司级别,岗位技能,公司短评
0,数据分析师,佛山,[顺德区],8k-15k,8k-15k 经验5-10年 / 本科,碧桂园集团数字化管理中心,"数据服务,房产家居 / 不需要融资 / 2000人以上",数据分析 数据运营,“500强企业 发展好”
1,数据分析师,佛山,[顺德区],8k-13k,8k-13k 经验3-5年 / 本科,美的电商,电商 / 上市公司 / 2000人以上,电商 大数据 数据分析 数据运营 SPSS 商业,“不打卡 团队年轻 领导nice”
2,数据分析资深专家（数据分析经理）,佛山,[桂城],25k-40k,25k-40k 经验5-10年 / 本科,广发银行信用卡中心,金融 / 不需要融资 / 2000人以上,大数据 金融 商业 数据分析 可视化 数据运营,“个性化推荐， 产品策略，模型，业务分析”
3,大数据分析师,佛山,[顺德区],20k-30k,20k-30k 经验不限 / 硕士,融山科技,金融 / 不需要融资 / 150-500人,数据挖掘 数据分析 算法,"“大平台,内部资源,空间大,提成高”"
4,数据分析,佛山,[顺德区],4k-8k,4k-8k 经验不限 / 本科,小捷,电商 / 未融资 / 150-500人,电商 移动互联网 SPSS,“五险一金 平台不小 生日福利 免费观影券”
5,大数据分析工程师,佛山,[顺德区],18k-35k,18k-35k 经验3-5年 / 本科,美的集团IT,硬件 / 上市公司 / 2000人以上,大数据 数据分析,"“六险一金,餐补,节日福利,免费健身房”"
6,产品经理/数据分析师,佛山,[顺德区],8k-15k,8k-15k 经验5-10年 / 本科,碧桂园集团数字化管理中心,"数据服务,房产家居 / 不需要融资 / 2000人以上",数据分析 产品设计 产品策划 交互设计,“世界500强企业”
7,数据分析专员,佛山,[顺德区],10k-14k,10k-14k 经验1-3年 / 本科,美的电商,电商 / 上市公司 / 2000人以上,移动互联网 数据分析 SQL SPSS,“不打卡 团队年轻 领导nice”
8,高级数据分析师,佛山,[顺德区],25k-50k,25k-50k 经验5-10年 / 本科,碧桂园集团数字化管理中心,"数据服务,房产家居 / 不需要融资 / 2000人以上",数据分析 数据处理,“500强企业，发展好”
9,零售数据分析师,佛山,[顺德区],8k-15k,8k-15k 经验1年以下 / 本科,碧桂园集团数字化管理中心,"数据服务,房产家居 / 不需要融资 / 2000人以上",数据分析 SQL,“500强企业 发展好”
