,标题,城市,公司地点,薪资待遇,工位要求,公司名称,公司级别,岗位技能,公司短评
0,数据分析工程师,天津,[东丽区],7k-14k,7k-14k 经验1-3年 / 大专,海昊大数据,"数据服务,人工智能 / 未融资 / 15-50人",电商 信息安全 数据分析 数据运营,“年底双薪、带薪年假、电话面试”
1,数据分析师-数据库方向,天津,[红桥区],8k-15k,8k-15k 经验3-5年 / 本科,字节跳动,文娱丨内容 / C轮 / 2000人以上,数据分析,“六险一金，餐补，租房补贴，带薪休假”
2,数据分析师,天津,[滨江道],6k-8k,6k-8k 经验1-3年 / 本科,捷信消费金融,金融 / 不需要融资 / 2000人以上,风控,"“外商独资,欧美氛围,成熟平台,六险一金”"
3,数据分析专员,天津,[中北],8k-10k,8k-10k 经验1-3年 / 本科,快手,文娱丨内容 / D轮及以上 / 2000人以上,视频 直播 数据分析 数据运营 可视化,“福利待遇 平台发展 公司规模”
4,数据分析专员,天津,[下瓦房],4k-8k,4k-8k 经验1-3年 / 大专,云脉三六五,移动互联网 / 天使轮 / 15-50人,电商 数据分析 数据运营,“五险一金 餐补 交补通讯补防暑采暖年终奖”
5,大数据分析工程师(J10374),天津,[马场道],7k-10k,7k-10k 经验应届毕业生 / 本科,朗新科技,"移动互联网,企业服务 / 上市公司 / 2000人以上",大数据,“上市公司”
6,大数据分析工程师(J10374),天津,[和平区],6k-8k,6k-8k 经验应届毕业生 / 本科,朗新科技,"移动互联网,企业服务 / 上市公司 / 2000人以上",数据分析,“节日福利五险一金交通补助带薪年假弹性工作”
