,标题,城市,公司地点,薪资待遇,工位要求,公司名称,公司级别,岗位技能,公司短评
0,数据分析师,厦门,[前埔医院],8k-15k,8k-15k 经验1-3年 / 本科,游动网络,游戏 / 上市公司 / 150-500人,游戏 数据分析 数据库,“项目奖金，国外旅游，五险一金，年终双薪”
1,数据分析师,厦门,[思明区],10k-20k,10k-20k 经验3-5年 / 本科,点触科技,游戏 / 上市公司 / 150-500人,数据分析 数据挖掘 MySQL,“免费班车 免费早餐 免费体检 五险一金”
2,资深数据分析师,厦门,[思明区],14k-22k,14k-22k 经验3-5年 / 本科,美柚,移动互联网 / D轮及以上 / 500-2000人,SQL BI 数据库 数据分析,"“发展空间大,团队协作好”"
3,高级数据分析师,厦门,[思明区],18k-28k,18k-28k 经验3-5年 / 本科,美图公司,硬件 / 上市公司 / 2000人以上,MySQL 数据分析 Java Scala,"“弹性工作,海外团队,海外市场”"
4,高级数据分析师,厦门,[思明区],20k-40k,20k-40k 经验3-5年 / 本科,美团点评,消费生活 / 上市公司 / 2000人以上,数据分析,“发展空间大，工作氛围轻松”
5,数据分析应用岗,厦门,[湖滨北路],15k-25k,15k-25k 经验3-5年 / 本科,厦门银行,金融 / 不需要融资 / 2000人以上,大数据 征信,"“扁平管理,绩效奖金,定期体检,管理规范”"
6,数据分析师,厦门,[思明区],8k-16k,8k-16k 经验1-3年 / 本科,多快好省,金融 / 不需要融资 / 50-150人,互联网金融 数据分析 数据库,“弹性上班，周末双休，五险一金 免费午晚餐”
7,数据分析师,厦门,[塘边],10k-14k,10k-14k 经验3-5年 / 本科,厦门巨龙,"信息安全,数据服务 / 不需要融资 / 150-500人",数据分析 数据库,“行业潜力大，竞争力薪资，扁平化管理”
8,数据开发/数据分析,厦门,[厦港],6k-12k,6k-12k 经验1-3年 / 大专,侠侣亲子游,"电商,旅游 / 不需要融资 / 150-500人",本地生活 大数据 数据分析 数据挖掘,“带薪假期，免费茶点、员工活动、年度旅游”
9,软件开发工程师（数据分析）,厦门,[集美区],6k-8k,6k-8k 经验1-3年 / 本科,福建天闻,"数据服务,教育 / 未融资 / 15-50人",大数据,“五险一金、带薪年假”
10,大数据分析工程师（厦门）,厦门,[思明区],8k-16k,8k-16k 经验不限 / 本科,美亚柏科,"信息安全,数据服务 / 上市公司 / 2000人以上",Java NLP,“五险一金 每年多次调薪”
11,运营（数据分析+投放运营）,厦门,[思明区],4k-5k,4k-5k 经验1-3年 / 大专,博格网络,移动互联网 / A轮 / 15-50人,运营 数据分析,"“福利待遇佳,享有提成,发展空间大”"
12,Python 数据分析,厦门,[思明区],10k-20k,10k-20k 经验1-3年 / 本科,金投缘,"移动互联网,金融 / 不需要融资 / 50-150人",物流 医疗健康 数据挖掘 数据分析 数据仓库 算法,“扁平化、广阔前景”
13,开发经理（数据分析）,厦门,[集美区],10k-15k,10k-15k 经验3-5年 / 本科,福建天闻,"数据服务,教育 / 未融资 / 15-50人",大数据,“五险一金、带薪年假、绩效奖金、通讯补贴”
