,标题,城市,公司地点,薪资待遇,工位要求,公司名称,公司级别,岗位技能,公司短评
0,数据分析,郑州,[北林路],6k-8k,6k-8k 经验1-3年 / 大专,卓影科技,其他 / 上市公司 / 150-500人,数据运营,“五险一金、带薪年假、节日福利、加班补助”
1,数据分析（互联网运营中心）,郑州,[高新区],12k-24k,12k-24k 经验3-5年 / 本科,中移在线服务有限公司,移动互联网 / 不需要融资 / 2000人以上,教育 数据挖掘 数据分析,"“领导好,扁平化,福利多,空间大”"
2,商业化-数据分析经理,郑州,[金水区],15k-25k,15k-25k 经验3-5年 / 本科,字节跳动,文娱丨内容 / C轮 / 2000人以上,数据分析,“六险一金，餐补，租房补贴，带薪休假”
3,数据分析师,郑州,[北林路],4k-8k,4k-8k 经验1-3年 / 本科,戎易商智（北京）科技有限公司,"移动互联网,数据服务 / 未融资 / 15-50人",通信/网络设备 移动互联网 SPSS 数据分析,“周末双休，五险一金，带薪年假”
4,大数据分析师,郑州,[管城回族区],30k-40k,30k-40k 经验5-10年 / 不限,宇通客车,企业服务 / 上市公司 / 2000人以上,BI SPSS 数据分析,“高薪、福利待遇、假期多”
5,金融数据分析师,郑州,[金水区],6k-10k,6k-10k 经验不限 / 大专,河南千山教育科技有限公司,金融 / 未融资 / 50-150人,证券 股票 证券分析,“薪资待遇：8K~10K 双休”
6,大数据分析开发工程师助理/实习生,郑州,[经开区],4k-6k,4k-6k 经验不限 / 大专,缓冲网络科技,"移动互联网,人工智能 / 上市公司 / 500-2000人",工具软件 移动互联网 数据挖掘 数据架构 数据仓库 算法,“包住，发展前景大”
7,大数据分析师,郑州,[高新区],15k-25k,15k-25k 经验3-5年 / 本科,中移在线服务有限公司,移动互联网 / 不需要融资 / 2000人以上,数据分析 SQL,“海量数据 优质平台 发展空间大”
8,政企大数据分析师,郑州,[高新区],10k-20k,10k-20k 经验应届毕业生 / 本科,中移在线服务有限公司,移动互联网 / 不需要融资 / 2000人以上,分类信息 大数据 数据挖掘 数据架构 数据仓库 数据分析,“六险两金、扁平化管理”
